-- Data-only import for Resmenu Laravel (run AFTER php artisan migrate)
-- Source: sigsolmenu_resmenu.sql
-- Generated: 2026-05-29T04:22:25+02:00
SET NAMES utf8mb4;
SET FOREIGN_KEY_CHECKS=0;
SET SQL_MODE = "NO_AUTO_VALUE_ON_ZERO";

INSERT INTO `admins` (`id`, `username`, `email`, `password_hash`, `created_at`, `updated_at`) VALUES
(3, 'sigsol2024', 'sigsol2024@gmail.com', '$2y$10$rGSkGNyikjhRyBx5ASECrO8zDSU4/fv7HqgIS5kXWTF9kx.zolyHe', '2026-03-07 23:33:20', '2026-03-07 23:33:20');
INSERT INTO `categories` (`id`, `restaurant_id`, `section_id`, `name`, `slug`, `image`, `description`, `display_order`, `is_active`, `created_at`, `updated_at`) VALUES
(15, 2, 1, 'Appetizer', 'appetizers', '6945d9626bc44.jpg', 'Start your meal with our delicious appetizers', 1, 1, '2025-12-19 18:43:07', '2026-03-13 01:58:22'),
(16, 2, 1, 'Side Orders', 'side-orders', '6945d97eb3a2f.webp', 'Perfect sides to complement your meal', 2, 1, '2025-12-19 18:43:07', '2026-03-13 01:58:22'),
(17, 2, 1, 'Desserts', 'desserts', '6945d9f81c699.jpg', 'Sweet endings to your meal', 3, 1, '2025-12-19 18:43:07', '2026-03-13 01:58:22'),
(18, 2, 1, 'Champagne', 'champagne', '6945da0b5f74f.jpg', 'Premium champagne selection', 4, 1, '2025-12-19 18:43:07', '2026-03-13 01:58:22'),
(19, 2, 1, 'Tequila', 'tequila', '6945da1a42b4c.jpg', 'Premium tequila collection', 5, 1, '2025-12-19 18:43:07', '2026-03-13 01:58:22'),
(20, 2, 1, 'Cognac', 'cognac', '6945da2ba75b9.jpg', 'Fine cognac selection', 6, 1, '2025-12-19 18:43:07', '2026-03-13 01:58:22'),
(21, 2, 1, 'Whiskey', 'whiskey', '6945da3b4758d.jpg', 'Premium whiskey collection', 7, 1, '2025-12-19 18:43:07', '2026-03-13 01:58:22'),
(22, 2, 1, 'Shisha', 'shisha', '6945da4e4f519.jpg', 'Flavored shisha selection', 8, 1, '2025-12-19 18:43:07', '2026-03-13 01:58:22'),
(23, 3, 11, 'Soft Drinks & Non-Alcoholic', 'soft-drinks-non-alcoholic', NULL, 'Refreshing non-alcoholic beverages', 16, 1, '2026-02-13 09:52:41', '2026-03-13 02:33:07'),
(24, 3, 11, 'Beer & Cider', 'beer-cider', NULL, 'Local and imported beers and ciders', 17, 1, '2026-02-13 09:52:41', '2026-03-13 02:32:57'),
(25, 3, 11, 'Brandy & Cognac', 'brandy-cognac', NULL, 'Premium brandy and cognac selection', 18, 1, '2026-02-13 09:52:41', '2026-03-13 02:32:48'),
(26, 3, 11, 'Whiskey', 'whiskey', NULL, 'Fine whiskey collection', 19, 1, '2026-02-13 09:52:41', '2026-03-13 02:32:38'),
(27, 3, 11, 'Rum', 'rum', NULL, 'Rum selection', 20, 1, '2026-02-13 09:52:41', '2026-03-13 02:32:29'),
(28, 3, 11, 'Vodka', 'vodka', NULL, 'Vodka selection', 21, 1, '2026-02-13 09:52:41', '2026-03-13 02:32:20'),
(29, 3, 11, 'Gin', 'gin', NULL, 'Premium gin selection', 22, 1, '2026-02-13 09:52:41', '2026-03-13 02:32:09'),
(30, 3, 11, 'Tequila', 'tequila', NULL, 'Tequila selection', 23, 1, '2026-02-13 09:52:41', '2026-03-13 02:31:57'),
(31, 3, 11, 'Liqueurs', 'liqueurs', NULL, 'Sweet liqueurs and digestifs', 24, 1, '2026-02-13 09:52:41', '2026-03-13 02:31:46'),
(32, 3, 11, 'Aperitifs & Bitters', 'aperitifs-bitters', NULL, 'Aperitifs and bitters', 25, 1, '2026-02-13 09:52:41', '2026-03-13 02:31:36'),
(33, 3, 11, 'Champagne', 'champagne', NULL, 'Premium champagne selection', 26, 1, '2026-02-13 09:52:41', '2026-03-13 02:31:26'),
(34, 3, 11, 'Mocktails', 'mocktails', NULL, 'Alcohol-free cocktails', 27, 1, '2026-02-13 09:52:41', '2026-03-13 02:31:16'),
(35, 3, 11, 'Cocktails', 'cocktails', NULL, 'Classic and signature cocktails', 28, 1, '2026-02-13 09:52:41', '2026-03-13 02:31:06'),
(36, 3, 11, 'White Wines', 'white-wines', NULL, 'White wine selection', 29, 1, '2026-02-13 09:52:41', '2026-03-13 02:30:54'),
(37, 3, 11, 'Red Wines', 'red-wines', NULL, 'Red wine selection', 30, 1, '2026-02-13 09:52:41', '2026-03-13 02:30:31'),
(38, 3, 11, 'Coffee', 'coffee', NULL, 'Hot coffee drinks', 31, 1, '2026-02-13 09:52:41', '2026-03-13 02:30:42'),
(39, 3, 11, 'Smoothies', 'smoothies', NULL, 'Fresh fruit smoothies', 32, 1, '2026-02-13 09:52:41', '2026-03-13 02:29:56'),
(40, 3, 11, 'Fresh Juices', 'fresh-juices', NULL, 'Freshly squeezed juices', 33, 1, '2026-02-13 09:52:41', '2026-03-13 02:29:40'),
(41, 3, 10, 'Breakfast Trays (48-Hour Pre-Order)', 'breakfast-trays-48hr', NULL, 'Premium breakfast trays for pre-order', 1, 1, '2026-02-13 10:57:52', '2026-03-13 02:27:49'),
(42, 3, 10, 'Breakfast', 'breakfast', NULL, 'Morning meals', 2, 1, '2026-02-13 10:57:52', '2026-03-13 02:28:00'),
(43, 3, 10, 'Salads', 'salads', NULL, 'Fresh salads', 3, 1, '2026-02-13 10:57:52', '2026-03-13 02:28:09'),
(44, 3, 10, 'Pepper Soups & Continental Soups', 'pepper-soups-continental-soups', NULL, 'Served with fresh bread rolls', 4, 1, '2026-02-13 10:57:52', '2026-03-13 02:28:18'),
(45, 3, 10, 'Finger Foods & Small Chops', 'finger-foods-small-chops', NULL, 'Appetizers and small bites', 5, 1, '2026-02-13 10:57:52', '2026-03-13 02:28:33'),
(46, 3, 10, 'Sandwiches & Burgers', 'sandwiches-burgers', NULL, 'Sandwiches and burgers', 6, 1, '2026-02-13 10:57:52', '2026-03-13 02:28:43'),
(47, 3, 10, 'Chicken Entrées', 'chicken-entrees', NULL, 'Served with choice of fries, roast potatoes, sweet potato fries, or yam fries', 7, 1, '2026-02-13 10:57:52', '2026-03-13 02:28:52'),
(48, 3, 10, 'Seafood', 'seafood', NULL, 'Fresh seafood dishes', 8, 1, '2026-02-13 10:57:52', '2026-03-13 02:29:01'),
(49, 3, 10, 'Steaks, Ribs & Chops', 'steaks-ribs-chops', NULL, 'South African cuts — served with side of choice', 9, 1, '2026-02-13 10:57:52', '2026-03-13 02:29:11'),
(50, 3, 10, 'Grills', 'grills', NULL, 'Grilled specialties', 10, 1, '2026-02-13 10:57:52', '2026-03-13 02:29:22'),
(51, 3, 10, 'Platters', 'platters', NULL, 'Sharing platters', 11, 1, '2026-02-13 10:57:52', '2026-03-13 02:33:58'),
(52, 3, 10, 'Pasta', 'pasta', NULL, 'Pasta dishes', 12, 1, '2026-02-13 10:57:52', '2026-03-13 02:33:49'),
(53, 3, 10, 'Naija Soups', 'naija-soups', NULL, 'Served with semovita, eba, or pounded yam — protein choice included', 13, 1, '2026-02-13 10:57:52', '2026-03-13 02:33:36'),
(54, 3, 10, 'Naija Specialties', 'naija-specialties', NULL, 'Nigerian specialties', 14, 1, '2026-02-13 10:57:52', '2026-03-13 02:33:26'),
(55, 3, 10, 'Sides', 'sides', NULL, 'Side dishes', 15, 1, '2026-02-13 10:57:52', '2026-03-13 02:33:18'),
(61, 13, 12, 'BREAKFAST', 'breakfast', NULL, 'Breakfast is served Monday – Sunday | 6:00 AM – 11:00 AM. To place your order, dial Ext: 000.', 24, 1, '2026-03-13 09:42:21', '2026-05-02 18:46:27'),
(62, 13, 12, 'Breakfast Sides', 'breakfast-sides', NULL, NULL, 27, 1, '2026-03-13 09:42:21', '2026-05-02 18:46:27'),
(63, 13, 12, 'Breakfast Combos', 'breakfast-combos', NULL, NULL, 31, 1, '2026-03-13 09:42:21', '2026-05-02 18:46:27'),
(64, 13, 13, 'AUTHENTIC NIGERIAN CUISINE', 'authentic-nigerian-cuisine', NULL, '', 17, 1, '2026-03-13 09:42:21', '2026-05-02 18:46:27'),
(65, 13, 12, 'Extra Side Dishes', 'extra-side-dishes', NULL, NULL, 40, 1, '2026-03-13 09:42:21', '2026-05-02 18:46:27'),
(66, 13, 12, 'PIZZA & PASTA', 'pizza-pasta', NULL, NULL, 44, 1, '2026-03-13 09:42:21', '2026-05-02 18:46:27'),
(67, 13, 12, 'Appetizers & Salads', 'appetizers-salads', NULL, NULL, 48, 1, '2026-03-13 09:42:21', '2026-05-02 18:46:27'),
(68, 13, 13, 'Soups', 'soups', NULL, '', 13, 1, '2026-03-13 09:42:21', '2026-05-02 18:46:27'),
(69, 13, 12, 'Vegetarian Cuisine', 'vegetarian-cuisine', NULL, NULL, 55, 1, '2026-03-13 09:42:21', '2026-05-02 18:46:27'),
(70, 13, 12, 'In A Bun (Burgers)', 'in-a-bun-burgers', NULL, NULL, 59, 1, '2026-03-13 09:42:21', '2026-05-02 18:46:27'),
(71, 13, 13, 'FROM THE GRILL', 'from-the-grill', NULL, '', 18, 1, '2026-03-13 09:42:21', '2026-05-02 18:46:27'),
(72, 13, 12, 'Triple Stack Sandwiches', 'triple-stack-sandwiches', NULL, NULL, 66, 1, '2026-03-13 09:42:21', '2026-05-02 18:46:27'),
(73, 13, 12, 'Kids Menu', 'kids-menu', NULL, NULL, 67, 1, '2026-03-13 09:42:21', '2026-05-02 18:46:27'),
(74, 13, 12, 'Desserts', 'desserts', NULL, NULL, 68, 1, '2026-03-13 09:42:21', '2026-05-02 18:46:27'),
(75, 13, 13, 'Organic Salads & Appetizers', 'organic-salads-appetizers', '69b42285b1bc4.jpg', '', 14, 1, '2026-03-13 10:13:02', '2026-05-02 18:46:27'),
(76, 13, 13, 'Vegetarian', 'vegetarian', NULL, NULL, 29, 1, '2026-03-13 10:13:02', '2026-05-02 18:46:27'),
(78, 13, 13, 'Pasta Dishes', 'pasta-dishes', NULL, '', 15, 1, '2026-03-13 10:13:02', '2026-05-02 18:46:27'),
(79, 13, 13, 'Medium Crust Pizzas', 'medium-crust-pizzas', NULL, NULL, 42, 1, '2026-03-13 10:13:02', '2026-05-02 18:46:27'),
(80, 13, 13, 'Main Courses', 'main-courses', NULL, NULL, 46, 1, '2026-03-13 10:13:02', '2026-05-02 18:46:27'),
(81, 13, 13, 'Poultry', 'poultry', NULL, NULL, 50, 1, '2026-03-13 10:13:02', '2026-05-02 18:46:27'),
(82, 13, 13, 'Seafood & Fish', 'seafood-fish', NULL, '', 21, 1, '2026-03-13 10:13:02', '2026-05-02 18:46:27'),
(83, 13, 13, 'Desserts', 'desserts-a-la-carte', NULL, '', 22, 1, '2026-03-13 10:13:02', '2026-05-02 18:46:27'),
(84, 13, 14, 'Soft Drinks / Water', 'soft-drinks-water', NULL, '', 25, 1, '2026-03-14 17:42:54', '2026-05-02 18:46:27'),
(85, 13, 14, 'Juices', 'juices', NULL, '', 26, 1, '2026-03-14 17:42:54', '2026-05-02 18:46:27'),
(86, 13, 14, 'Energy Drinks', 'energy-drinks', NULL, '', 28, 1, '2026-03-14 17:42:54', '2026-05-02 18:46:27'),
(87, 13, 14, 'Beers', 'beers', NULL, '', 30, 1, '2026-03-14 17:42:54', '2026-05-02 18:46:27'),
(88, 13, 14, 'Aperitif', 'aperitif', NULL, '', 32, 1, '2026-03-14 17:42:54', '2026-05-02 18:46:27'),
(89, 13, 14, 'Gin', 'gin', NULL, '', 34, 1, '2026-03-14 17:42:54', '2026-05-02 18:46:27'),
(91, 13, 14, 'Whisky Single Malt', 'whisky-single-malt', NULL, '', 39, 1, '2026-03-14 17:42:54', '2026-05-02 18:46:27'),
(92, 13, 14, 'Whisky Premium Blend', 'whisky-premium-blend', NULL, '', 41, 1, '2026-03-14 17:42:54', '2026-05-02 18:46:27'),
(93, 13, 14, 'Whisky American Irish', 'whisky-american-irish', NULL, '', 43, 1, '2026-03-14 17:42:54', '2026-05-02 18:46:27'),
(94, 13, 14, 'Vodka', 'vodka', NULL, '', 45, 1, '2026-03-14 17:42:54', '2026-05-02 18:46:27'),
(95, 13, 14, 'Rum', 'rum', NULL, '', 47, 1, '2026-03-14 17:42:54', '2026-05-02 18:46:27'),
(96, 13, 14, 'Cognac', 'cognac', NULL, '', 49, 1, '2026-03-14 17:42:54', '2026-05-02 18:46:27'),
(97, 13, 14, 'Tequila', 'tequila', NULL, '', 51, 1, '2026-03-14 17:42:54', '2026-05-02 18:46:27'),
(98, 13, 14, 'Liquor', 'liquor', NULL, '', 52, 1, '2026-03-14 17:42:54', '2026-05-02 18:46:27'),
(99, 13, 14, 'Hot Beverages', 'hot-beverages', NULL, '', 54, 1, '2026-03-14 17:42:54', '2026-05-02 18:46:27'),
(100, 13, 14, 'White Wine', 'white-wine', NULL, '', 56, 1, '2026-03-14 17:42:54', '2026-05-02 18:46:27'),
(101, 13, 14, 'Red Wine', 'red-wine', NULL, '', 58, 1, '2026-03-14 17:42:54', '2026-05-02 18:46:27'),
(102, 13, 14, 'Rosé Wine', 'rose-wine', NULL, '', 62, 1, '2026-03-14 17:42:54', '2026-05-02 18:46:27'),
(103, 13, 14, 'Champagne', 'champagne', NULL, '', 63, 1, '2026-03-14 17:42:54', '2026-05-02 18:46:27'),
(104, 13, 13, 'Pizza', 'p', NULL, '', 16, 1, '2026-03-23 13:54:19', '2026-05-02 18:46:27'),
(105, 13, 13, 'SANDWICH', 's', NULL, '', 19, 1, '2026-03-26 09:39:18', '2026-05-02 18:46:27'),
(106, 13, 13, 'BURGER', 'b', NULL, '', 20, 1, '2026-03-26 09:41:28', '2026-05-02 18:46:27'),
(112, 13, 14, 'HERBAL TEA', 'h', NULL, '', 53, 1, '2026-04-02 13:51:30', '2026-05-02 18:46:27'),
(115, 13, 14, 'Classic Cocktail', 'c', NULL, '', 64, 1, '2026-04-22 14:35:50', '2026-05-02 18:46:27'),
(117, 13, 14, 'Classic Mocktail', 'x', NULL, '', 65, 1, '2026-04-22 16:01:06', '2026-05-02 18:46:27'),
(126, 13, 14, 'Non Alcoholic Wine', 'n', NULL, '', 57, 1, '2026-04-25 12:47:45', '2026-05-02 18:46:27'),
(129, 19, 31, 'BREAKFAST', 'b', NULL, 'Breakfast is served with a choice of tea, Americano coffee or fresh juice', 42, 1, '2026-05-06 00:55:32', '2026-05-19 00:19:00'),
(130, 19, 31, 'PANCAKES', 'pancakes', NULL, '', 40, 1, '2026-05-06 01:02:51', '2026-05-19 00:19:10'),
(131, 19, 31, 'WAFFLES', 'waffles', NULL, '', 37, 1, '2026-05-06 01:41:17', '2026-05-19 00:19:21'),
(132, 19, 31, 'EGGS', 'eggs', NULL, 'Eggs are served with fresh vegetables, brioche toast and butter', 34, 1, '2026-05-06 01:42:19', '2026-05-19 00:21:03'),
(133, 19, 31, 'APPETIZERS', 'appetizers', NULL, '', 31, 1, '2026-05-06 01:42:53', '2026-05-19 00:20:53'),
(144, 4, 18, 'Starters', 'food-starters', '6a045de08b74d.webp', '', 1, 1, '2026-05-13 01:27:51', '2026-05-13 11:17:52'),
(145, 4, 18, 'Main Course', 'food-main-course', '6a046fe792f15.webp', '', 5, 1, '2026-05-13 01:27:51', '2026-05-13 12:34:47'),
(146, 4, 18, 'Platters', 'food-platters', NULL, NULL, 9, 1, '2026-05-13 01:27:51', '2026-05-13 01:28:09'),
(147, 4, 18, 'Salads', 'food-salads', NULL, NULL, 12, 1, '2026-05-13 01:27:51', '2026-05-13 01:28:09'),
(148, 4, 18, 'Sides', 'food-sides', '6a045e4fe0a49.webp', '', 14, 1, '2026-05-13 01:27:51', '2026-05-13 11:19:43'),
(149, 4, 18, 'Desserts', 'food-desserts', NULL, NULL, 16, 1, '2026-05-13 01:27:51', '2026-05-13 01:28:09'),
(150, 4, 19, 'Champagne', 'drink-champagne', '6a046f7a33272.webp', '', 2, 1, '2026-05-13 01:27:51', '2026-05-13 12:32:58'),
(151, 4, 19, 'Cognac', 'drink-cognac', NULL, NULL, 6, 1, '2026-05-13 01:27:51', '2026-05-13 01:28:09'),
(152, 4, 19, 'Whisky', 'drink-whisky', NULL, NULL, 10, 1, '2026-05-13 01:27:51', '2026-05-13 01:28:09'),
(153, 4, 19, 'Tequila', 'drink-tequila', NULL, NULL, 13, 1, '2026-05-13 01:27:51', '2026-05-13 01:28:09'),
(154, 4, 19, 'Gin', 'drink-gin', NULL, NULL, 15, 1, '2026-05-13 01:27:51', '2026-05-13 01:28:09'),
(155, 4, 19, 'Creams', 'drink-creams', NULL, NULL, 17, 1, '2026-05-13 01:27:51', '2026-05-13 01:28:09'),
(156, 4, 19, 'Bitters', 'drink-bitters', NULL, NULL, 18, 1, '2026-05-13 01:27:51', '2026-05-13 01:28:09'),
(157, 4, 19, 'Rum', 'drink-rum', '6a045fbc01a78.webp', '', 19, 1, '2026-05-13 01:27:51', '2026-05-13 11:25:48'),
(158, 4, 19, 'Red Wine', 'drink-red-wine', '6a046fb6c2a83.webp', '', 20, 1, '2026-05-13 01:27:51', '2026-05-13 12:33:58'),
(159, 4, 19, 'White Wine', 'drink-white-wine', NULL, NULL, 21, 1, '2026-05-13 01:27:51', '2026-05-13 01:28:09'),
(160, 4, 19, 'Cocktails', 'drink-cocktails', NULL, NULL, 22, 1, '2026-05-13 01:27:51', '2026-05-13 01:28:09'),
(161, 4, 19, 'Virgin Cocktails', 'drink-virgin-cocktails', NULL, NULL, 23, 1, '2026-05-13 01:27:51', '2026-05-13 01:28:09'),
(162, 4, 19, 'Beers', 'drink-beers', '6a045ebf2fc29.webp', '', 24, 1, '2026-05-13 01:27:51', '2026-05-13 11:21:35'),
(163, 4, 19, 'Energy Drinks', 'drink-energy-drinks', NULL, NULL, 25, 1, '2026-05-13 01:27:51', '2026-05-13 01:28:09'),
(164, 4, 19, 'Soft Drinks', 'drink-soft-drinks', NULL, NULL, 26, 1, '2026-05-13 01:27:51', '2026-05-13 01:28:09'),
(165, 4, 19, 'Milkshakes', 'drink-milkshakes', NULL, NULL, 27, 1, '2026-05-13 01:27:51', '2026-05-13 01:28:09'),
(166, 4, 20, 'Breakfast Specials', 'brunch-breakfast-specials', NULL, NULL, 3, 1, '2026-05-13 01:27:51', '2026-05-13 01:28:09'),
(167, 4, 20, 'Brunch Sides', 'brunch-sides', NULL, NULL, 7, 1, '2026-05-13 01:27:51', '2026-05-13 01:28:09'),
(168, 4, 20, 'Brunch Desserts', 'brunch-desserts', NULL, NULL, 11, 1, '2026-05-13 01:27:51', '2026-05-13 01:28:09'),
(169, 4, 21, 'Shisha Flavours', 'shisha-flavours', NULL, NULL, 4, 1, '2026-05-13 01:27:51', '2026-05-13 01:28:09'),
(170, 4, 21, 'Extras', 'shisha-extras', NULL, NULL, 8, 1, '2026-05-13 01:27:51', '2026-05-13 01:28:09'),
(177, 25, 26, 'Lord of the Wings', 'wm-lord', '6a09d433c5bf6.webp', '', 1, 1, '2026-05-14 22:48:10', '2026-05-17 14:44:03'),
(178, 25, 26, 'Waffle combos', 'wm-waffle', '6a09dbf7ccb81.webp', '', 4, 1, '2026-05-14 22:48:10', '2026-05-17 15:17:11'),
(179, 25, 26, 'Wings on fire challenge (poppers)', 'wm-poppers', NULL, NULL, 7, 1, '2026-05-14 22:48:10', '2026-05-14 22:48:34'),
(180, 25, 26, 'Choose your flavor', 'wm-flavors', NULL, NULL, 10, 1, '2026-05-14 22:48:10', '2026-05-14 22:48:34'),
(181, 25, 26, 'Choose your dip', 'wm-dips', NULL, NULL, 13, 1, '2026-05-14 22:48:10', '2026-05-14 22:48:34'),
(182, 25, 26, 'Sides', 'wm-sides', NULL, NULL, 17, 1, '2026-05-14 22:48:10', '2026-05-14 22:48:34'),
(183, 25, 26, 'Combo deals', 'wm-combo', NULL, NULL, 20, 1, '2026-05-14 22:48:10', '2026-05-14 22:48:34'),
(184, 25, 26, 'Kids zone meals', 'wm-kids', NULL, NULL, 23, 1, '2026-05-14 22:48:10', '2026-05-14 22:48:34'),
(185, 25, 26, 'Sweet treats', 'wm-sweets', NULL, NULL, 26, 1, '2026-05-14 22:48:10', '2026-05-14 22:48:34'),
(186, 25, 26, 'Wings on fire challenge', 'wm-challenge', NULL, NULL, 28, 1, '2026-05-14 22:48:10', '2026-05-14 22:48:34'),
(187, 25, 27, 'Breakfast', 'mb-breakfast', NULL, NULL, 2, 1, '2026-05-14 22:48:10', '2026-05-14 22:48:34'),
(188, 25, 27, 'Starter', 'mb-starters', NULL, NULL, 5, 1, '2026-05-14 22:48:10', '2026-05-14 22:48:34'),
(189, 25, 27, 'Soups', 'mb-soups', NULL, NULL, 8, 1, '2026-05-14 22:48:10', '2026-05-14 22:48:34'),
(190, 25, 27, 'Main dish', 'mb-mains', NULL, NULL, 11, 1, '2026-05-14 22:48:10', '2026-05-14 22:48:34'),
(191, 25, 27, 'Champagne & wines', 'mb-wines', NULL, NULL, 14, 1, '2026-05-14 22:48:10', '2026-05-14 22:48:34'),
(192, 25, 28, 'Munchies & plates', 'hm-munch', NULL, NULL, 3, 1, '2026-05-14 22:48:10', '2026-05-14 22:48:34'),
(193, 25, 28, 'Fish & rice mains', 'hm-fish', NULL, NULL, 6, 1, '2026-05-14 22:48:10', '2026-05-14 22:48:34'),
(194, 25, 28, 'Sides', 'hm-sides', NULL, NULL, 9, 1, '2026-05-14 22:48:10', '2026-05-14 22:48:34'),
(195, 25, 28, 'Sweets', 'hm-sweets', NULL, NULL, 12, 1, '2026-05-14 22:48:10', '2026-05-14 22:48:34'),
(196, 25, 28, 'Soft drinks (shared)', 'shared-soft-drinks', NULL, NULL, 15, 1, '2026-05-14 22:48:10', '2026-05-14 22:48:34'),
(197, 25, 28, 'Juices (shared)', 'shared-juices', NULL, NULL, 18, 1, '2026-05-14 22:48:10', '2026-05-14 22:48:34'),
(198, 25, 28, 'Milkshakes (shared)', 'shared-milkshakes', NULL, NULL, 21, 1, '2026-05-14 22:48:10', '2026-05-14 22:48:34'),
(199, 25, 28, 'Smoothies (shared)', 'shared-smoothies', NULL, NULL, 24, 1, '2026-05-14 22:48:10', '2026-05-14 22:48:34'),
(200, 25, 28, 'Champagne', 'hm-champagne', NULL, NULL, 16, 1, '2026-05-14 22:48:10', '2026-05-14 22:48:34'),
(201, 25, 28, 'Whiskey', 'hm-whiskey', NULL, NULL, 19, 1, '2026-05-14 22:48:10', '2026-05-14 22:48:34'),
(202, 25, 28, 'Cognac', 'hm-cognac', NULL, NULL, 22, 1, '2026-05-14 22:48:10', '2026-05-14 22:48:34'),
(203, 25, 28, 'Gin', 'hm-gin', NULL, NULL, 25, 1, '2026-05-14 22:48:10', '2026-05-14 22:48:34'),
(204, 25, 28, 'Vodka', 'hm-vodka', NULL, NULL, 27, 1, '2026-05-14 22:48:10', '2026-05-14 22:48:34'),
(205, 25, 28, 'Tequila', 'hm-tequila', NULL, NULL, 29, 1, '2026-05-14 22:48:10', '2026-05-14 22:48:34'),
(206, 25, 28, 'Beer', 'hm-beer', NULL, NULL, 30, 1, '2026-05-14 22:48:10', '2026-05-14 22:48:34'),
(207, 25, 28, 'White wine', 'hm-white', NULL, NULL, 31, 1, '2026-05-14 22:48:10', '2026-05-14 22:48:34'),
(208, 25, 28, 'Rosé wine', 'hm-rose', NULL, NULL, 32, 1, '2026-05-14 22:48:10', '2026-05-14 22:48:34'),
(209, 25, 28, 'Red wine', 'hm-red', NULL, NULL, 33, 1, '2026-05-14 22:48:10', '2026-05-14 22:48:34'),
(210, 25, 28, 'Cocktails', 'hm-cocktails', NULL, NULL, 34, 1, '2026-05-14 22:48:10', '2026-05-14 22:48:34'),
(211, 25, 28, 'Mocktails', 'hm-mocktails', NULL, NULL, 35, 1, '2026-05-14 22:48:10', '2026-05-14 22:48:34'),
(212, 25, 28, 'Smoothies', 'hm-smooth', NULL, NULL, 36, 1, '2026-05-14 22:48:10', '2026-05-14 22:48:34'),
(213, 26, 29, 'Salads', 'fm-salads', NULL, NULL, 1, 1, '2026-05-17 21:36:14', '2026-05-17 21:36:14'),
(214, 26, 29, 'Appetizers', 'fm-appetizers', NULL, NULL, 3, 1, '2026-05-17 21:36:14', '2026-05-17 21:52:41'),
(215, 26, 29, 'Sandwiches', 'fm-sandwiches', NULL, NULL, 5, 1, '2026-05-17 21:36:14', '2026-05-17 21:52:41'),
(216, 26, 29, 'Burgers', 'fm-burgers', NULL, NULL, 7, 1, '2026-05-17 21:36:14', '2026-05-17 21:52:41'),
(217, 26, 29, 'Fried Chicken', 'fm-fried-chicken', NULL, NULL, 9, 1, '2026-05-17 21:36:14', '2026-05-17 21:52:41'),
(218, 26, 29, 'Mains', 'fm-mains', NULL, NULL, 11, 1, '2026-05-17 21:36:14', '2026-05-17 21:52:41'),
(219, 26, 29, 'Sides', 'fm-sides', NULL, NULL, 13, 1, '2026-05-17 21:36:14', '2026-05-17 21:52:41'),
(220, 26, 29, 'Pasta', 'fm-pasta', NULL, NULL, 15, 1, '2026-05-17 21:36:14', '2026-05-17 21:52:41'),
(221, 26, 29, 'Pizza', 'fm-pizza', NULL, NULL, 17, 1, '2026-05-17 21:36:14', '2026-05-17 21:52:41'),
(222, 26, 29, 'Nigerian Section', 'fm-nigerian', NULL, NULL, 19, 1, '2026-05-17 21:36:14', '2026-05-17 21:52:41'),
(223, 26, 29, 'Dessert', 'fm-dessert', NULL, NULL, 21, 1, '2026-05-17 21:36:14', '2026-05-17 21:52:41'),
(224, 26, 30, 'Hot Drinks', 'dm-hot-drinks', NULL, NULL, 2, 1, '2026-05-17 21:36:15', '2026-05-17 21:52:41'),
(225, 26, 30, 'Soft drinks', 'dm-soft-drinks', NULL, NULL, 4, 1, '2026-05-17 21:36:15', '2026-05-17 21:52:41'),
(226, 26, 30, 'Fresh Juices', 'dm-fresh-juices', NULL, NULL, 6, 1, '2026-05-17 21:36:15', '2026-05-17 21:52:41'),
(227, 26, 30, 'Milkshakes', 'dm-milkshakes', NULL, NULL, 8, 1, '2026-05-17 21:36:15', '2026-05-17 21:52:41'),
(228, 26, 30, 'Mocktails', 'dm-mocktails', NULL, NULL, 10, 1, '2026-05-17 21:36:15', '2026-05-17 21:52:41'),
(229, 26, 30, 'Signature Cocktail', 'dm-signature-cocktail', NULL, NULL, 12, 1, '2026-05-17 21:36:15', '2026-05-17 21:52:41'),
(230, 26, 30, 'Cocktails', 'dm-cocktails', NULL, NULL, 14, 1, '2026-05-17 21:36:15', '2026-05-17 21:52:41'),
(231, 26, 30, 'Beer', 'dm-beer', NULL, NULL, 16, 1, '2026-05-17 21:36:15', '2026-05-17 21:52:41'),
(232, 26, 30, 'Ready to Drink', 'dm-ready-to-drink', NULL, NULL, 18, 1, '2026-05-17 21:36:15', '2026-05-17 21:52:41'),
(233, 26, 30, 'Vodka', 'dm-vodka', NULL, NULL, 20, 1, '2026-05-17 21:36:15', '2026-05-17 21:52:41'),
(234, 26, 30, 'Tequila', 'dm-tequila', NULL, NULL, 22, 1, '2026-05-17 21:36:15', '2026-05-17 21:52:41'),
(235, 26, 30, 'Rum', 'dm-rum', NULL, NULL, 23, 1, '2026-05-17 21:36:15', '2026-05-17 21:52:41'),
(236, 26, 30, 'Gin', 'dm-gin', NULL, NULL, 24, 1, '2026-05-17 21:36:15', '2026-05-17 21:52:41'),
(237, 26, 30, 'Whiskey', 'dm-whiskey', NULL, NULL, 25, 1, '2026-05-17 21:36:15', '2026-05-17 21:52:41'),
(238, 26, 30, 'Cognac', 'dm-cognac', NULL, NULL, 26, 1, '2026-05-17 21:36:15', '2026-05-17 21:52:41'),
(239, 26, 30, 'Liqueur', 'dm-liqueur', NULL, NULL, 27, 1, '2026-05-17 21:36:15', '2026-05-17 21:52:41'),
(240, 26, 30, 'Wine', 'dm-wine', NULL, NULL, 28, 1, '2026-05-17 21:36:15', '2026-05-17 21:52:41'),
(241, 26, 30, 'Champagne', 'dm-champagne', NULL, NULL, 29, 1, '2026-05-17 21:36:15', '2026-05-17 21:52:41'),
(242, 19, 31, 'Salads', 'fm-salads', '6a0bbcbe1625d.webp', '', 2, 1, '2026-05-19 00:02:52', '2026-05-19 01:28:30'),
(243, 19, 31, 'Appetizers', 'fm-appetizers', NULL, NULL, 5, 1, '2026-05-19 00:02:52', '2026-05-19 00:15:51'),
(244, 19, 31, 'Burgers', 'fm-burgers', NULL, NULL, 8, 1, '2026-05-19 00:02:52', '2026-05-19 00:15:51'),
(245, 19, 31, 'Sides', 'fm-sides', NULL, NULL, 11, 1, '2026-05-19 00:02:52', '2026-05-19 00:15:51'),
(246, 19, 31, 'Bao', 'fm-bao', NULL, NULL, 14, 1, '2026-05-19 00:02:52', '2026-05-19 00:15:51'),
(247, 19, 31, 'Main Course', 'fm-main-course', NULL, NULL, 17, 1, '2026-05-19 00:02:52', '2026-05-19 00:15:51'),
(248, 19, 31, 'Pastas', 'fm-pastas', '6a0bbc9e9f175.webp', '', 20, 1, '2026-05-19 00:02:52', '2026-05-19 01:27:58'),
(249, 19, 31, 'Pizza', 'fm-pizza', '6a0bb01b19290.webp', '', 23, 1, '2026-05-19 00:02:52', '2026-05-19 00:34:35'),
(250, 19, 31, 'Meats', 'fm-meats', '6a0baff4947b2.webp', '', 26, 1, '2026-05-19 00:02:52', '2026-05-19 00:33:56'),
(251, 19, 31, 'Opal Platter', 'fm-opal-platter', NULL, NULL, 29, 1, '2026-05-19 00:02:52', '2026-05-19 00:15:51'),
(252, 19, 31, 'Tacos Menu', 'fm-tacos-menu', NULL, NULL, 32, 1, '2026-05-19 00:02:52', '2026-05-19 00:15:51'),
(253, 19, 31, 'Dessert', 'fm-dessert', NULL, NULL, 35, 1, '2026-05-19 00:02:52', '2026-05-19 00:15:51'),
(254, 19, 31, 'Karaoke Food Menu', 'fm-karaoke-food', NULL, NULL, 38, 1, '2026-05-19 00:02:52', '2026-05-19 00:15:51'),
(255, 19, 32, 'Champagne', 'dm-champagne', '6a0bbdc7d693f.webp', '', 3, 1, '2026-05-19 00:02:52', '2026-05-19 01:32:55'),
(256, 19, 32, 'Tequila', 'dm-tequila', NULL, NULL, 6, 1, '2026-05-19 00:02:52', '2026-05-19 00:15:51'),
(257, 19, 32, 'Cognac', 'dm-cognac', '6a0bbdb24d0ea.png', '', 9, 1, '2026-05-19 00:02:52', '2026-05-19 01:32:34'),
(258, 19, 32, 'Vodka', 'dm-vodka', '6a0bbd9231925.webp', '', 12, 1, '2026-05-19 00:02:52', '2026-05-19 01:32:02'),
(259, 19, 32, 'Rum', 'dm-rum', NULL, NULL, 15, 1, '2026-05-19 00:02:52', '2026-05-19 00:15:51'),
(260, 19, 32, 'Gin', 'dm-gin', '6a0bbd76bb821.webp', '', 18, 1, '2026-05-19 00:02:52', '2026-05-19 01:31:34'),
(261, 19, 32, 'Whisky', 'dm-whisky', NULL, NULL, 21, 1, '2026-05-19 00:02:52', '2026-05-19 00:15:51'),
(262, 19, 32, 'Red Wine', 'dm-red-wine', NULL, NULL, 24, 1, '2026-05-19 00:02:52', '2026-05-19 00:15:51'),
(263, 19, 32, 'Rose Wine', 'dm-rose-wine', NULL, NULL, 27, 1, '2026-05-19 00:02:52', '2026-05-19 00:15:51'),
(264, 19, 32, 'White Wine', 'dm-white-wine', NULL, NULL, 30, 1, '2026-05-19 00:02:52', '2026-05-19 00:15:51'),
(265, 19, 32, 'Beer', 'dm-beer', '6a0bbd6438a02.png', '', 33, 1, '2026-05-19 00:02:52', '2026-05-19 01:31:16'),
(266, 19, 32, 'Non Alcohol Drinks', 'dm-non-alcohol', '6a0bbd34b0601.webp', '', 36, 1, '2026-05-19 00:02:52', '2026-05-19 01:30:28'),
(267, 19, 32, 'Juice Pitcher', 'dm-juice-pitcher', NULL, NULL, 39, 1, '2026-05-19 00:02:52', '2026-05-19 00:15:51'),
(268, 19, 32, 'Hot Beverages', 'dm-hot-beverages', NULL, NULL, 41, 1, '2026-05-19 00:02:52', '2026-05-19 00:15:51'),
(269, 19, 32, 'Classic Cocktails', 'dm-classic-cocktails', '6a0bbd15bf7c1.webp', '', 43, 1, '2026-05-19 00:02:52', '2026-05-19 01:29:57'),
(270, 19, 32, 'Signature Cocktails', 'dm-signature-cocktails', NULL, NULL, 44, 1, '2026-05-19 00:02:52', '2026-05-19 00:15:51'),
(271, 19, 32, 'Shots', 'dm-shots', NULL, NULL, 45, 1, '2026-05-19 00:02:52', '2026-05-19 00:15:51'),
(272, 19, 32, 'Special Shots', 'dm-special-shots', NULL, NULL, 46, 1, '2026-05-19 00:02:52', '2026-05-19 00:15:51'),
(273, 19, 32, 'Shisha Menu', 'dm-shisha-menu', NULL, NULL, 47, 1, '2026-05-19 00:02:52', '2026-05-19 00:15:51'),
(274, 19, 32, 'Karaoke Drink Menu', 'dm-karaoke-drinks', NULL, NULL, 48, 1, '2026-05-19 00:02:52', '2026-05-19 00:15:51'),
(275, 20, 33, 'SWISS CAFÉ MENU', 'fm-swiss-caf-menu', '6a0c513f8f747.webp', '', 1, 1, '2026-05-19 01:47:10', '2026-05-19 12:02:07'),
(276, 20, 33, 'SANDWICHES & MORE', 'fm-sandwiches-and-more', '6a0c5155b587c.webp', '', 3, 1, '2026-05-19 01:47:10', '2026-05-19 12:02:29'),
(277, 20, 33, 'SMALL CHOPS', 'fm-small-chops', '6a0c516b30b1e.webp', '', 5, 1, '2026-05-19 01:47:10', '2026-05-19 12:02:51'),
(278, 20, 33, 'DEEP FRIED SERVED WITH A DIP SAUCE OF YOUR CHOICE', 'fm-deep-fried-served-with-a-dip-sauce-of-your-choice', NULL, NULL, 7, 1, '2026-05-19 01:47:10', '2026-05-19 01:47:31'),
(279, 20, 33, 'PEPPERED PROTEINS', 'fm-peppered-proteins', '6a0c518bb0603.png', '', 9, 1, '2026-05-19 01:47:10', '2026-05-19 12:03:23'),
(280, 20, 33, 'HOT STARTER ( NIGERIAN PEPPER SOUP )', 'fm-hot-starter-nigerian-pepper-soup', NULL, NULL, 11, 1, '2026-05-19 01:47:10', '2026-05-19 01:47:31'),
(281, 20, 33, 'SALAD', 'fm-salad', '6a0c51a938b77.webp', '', 13, 1, '2026-05-19 01:47:10', '2026-05-19 12:03:53'),
(282, 20, 33, 'PASTA AND PIZZA', 'fm-pasta-and-pizza', '6a0c51c62bfac.webp', '', 15, 1, '2026-05-19 01:47:10', '2026-05-19 12:04:22'),
(283, 20, 33, 'NIGERIAN DISHES', 'fm-nigerian-dishes', '6a0c51d897ca6.webp', '', 17, 1, '2026-05-19 01:47:10', '2026-05-19 12:04:40'),
(284, 20, 33, 'ASIAN FUSION', 'fm-asian-fusion', NULL, NULL, 19, 1, '2026-05-19 01:47:10', '2026-05-19 01:47:31'),
(285, 20, 33, 'SPECIAL PROTEIN', 'fm-special-protein', NULL, NULL, 21, 1, '2026-05-19 01:47:10', '2026-05-19 01:47:31'),
(286, 20, 33, 'MAMA AFRICA ( NIGERIAN SOUPS )', 'fm-mama-africa-nigerian-soups', NULL, NULL, 23, 1, '2026-05-19 01:47:10', '2026-05-19 01:47:31'),
(287, 20, 33, 'ALL DAY LONG A CHOICE OF DESSERTS OF THE DAY HANDMADE', 'fm-all-day-long-a-choice-of-desserts-of-the-day-handmade', NULL, NULL, 25, 1, '2026-05-19 01:47:10', '2026-05-19 01:47:31'),
(288, 20, 33, 'STARTERS & DELIGHTS', 'fm-starters-and-delights', NULL, NULL, 27, 1, '2026-05-19 01:47:10', '2026-05-19 01:47:31'),
(289, 20, 34, 'SOFT DRINKS', 'dm-soft-drinks', '6a0c5206ba164.webp', '', 2, 1, '2026-05-19 01:47:11', '2026-05-19 12:05:26'),
(290, 20, 34, 'SIGNATURE COCKTAILS', 'dm-signature-cocktails', '6a0c521d5382e.webp', '', 4, 1, '2026-05-19 01:47:11', '2026-05-19 12:05:49'),
(291, 20, 34, 'MOCKTAILS', 'dm-mocktails', '6a0c523321bb6.webp', '', 6, 1, '2026-05-19 01:47:11', '2026-05-19 12:06:11'),
(292, 20, 34, 'BEER & MIXES', 'dm-beer-and-mixes', '6a0c5253ab189.png', '', 8, 1, '2026-05-19 01:47:11', '2026-05-19 12:06:43'),
(293, 20, 34, 'WINE SELECTION', 'dm-wine-selection', NULL, NULL, 10, 1, '2026-05-19 01:47:11', '2026-05-19 01:47:31'),
(294, 20, 34, 'SWEET & SPARKLING', 'dm-sweet-and-sparkling', '6a0c527e409a3.webp', '', 12, 1, '2026-05-19 01:47:11', '2026-05-19 12:07:26'),
(295, 20, 34, 'WHISKEY', 'dm-whiskey', NULL, NULL, 14, 1, '2026-05-19 01:47:11', '2026-05-19 01:47:31'),
(296, 20, 34, 'COGNAC & BRANDY', 'dm-cognac-and-brandy', NULL, NULL, 16, 1, '2026-05-19 01:47:11', '2026-05-19 01:47:31'),
(297, 20, 34, 'VODKA', 'dm-vodka', '6a0c529944dc4.webp', '', 18, 1, '2026-05-19 01:47:11', '2026-05-19 12:07:53'),
(298, 20, 34, 'GIN', 'dm-gin', '6a0c52acc83dc.png', '', 20, 1, '2026-05-19 01:47:11', '2026-05-19 12:08:12'),
(299, 20, 34, 'TEQUILA & SHOOTERS', 'dm-tequila-and-shooters', NULL, NULL, 22, 1, '2026-05-19 01:47:11', '2026-05-19 01:47:31'),
(300, 20, 34, 'RUM', 'dm-rum', '6a0c52d44641c.webp', '', 24, 1, '2026-05-19 01:47:11', '2026-05-19 12:08:52'),
(301, 20, 34, 'VERMOUTH & LIQUEURS', 'dm-vermouth-and-liqueurs', '6a0c52c5db8c5.webp', '', 26, 1, '2026-05-19 01:47:11', '2026-05-19 12:08:37'),
(302, 20, 34, 'SMOOTHIES & FRESH JUICES', 'dm-smoothies-and-fresh-juices', NULL, NULL, 28, 1, '2026-05-19 01:47:11', '2026-05-19 01:47:31');
INSERT INTO `category_secondary_sections` (`id`, `category_id`, `section_id`, `is_active`, `created_at`, `updated_at`) VALUES
(1, 84, 13, 1, '2026-03-20 13:07:23', '2026-03-20 13:07:23'),
(2, 84, 12, 1, '2026-03-20 13:07:23', '2026-03-20 13:07:23'),
(3, 85, 13, 1, '2026-03-20 13:20:34', '2026-03-20 13:20:34'),
(4, 85, 12, 1, '2026-03-20 13:20:34', '2026-03-20 13:20:34'),
(5, 86, 13, 1, '2026-03-20 13:20:47', '2026-03-20 13:20:47'),
(6, 86, 12, 1, '2026-03-20 13:20:47', '2026-03-20 13:20:47'),
(7, 87, 13, 1, '2026-03-20 13:20:58', '2026-03-20 13:20:58'),
(8, 87, 12, 1, '2026-03-20 13:20:58', '2026-03-20 13:20:58'),
(9, 88, 13, 1, '2026-03-20 13:21:10', '2026-03-20 13:21:10'),
(10, 88, 12, 1, '2026-03-20 13:21:10', '2026-03-20 13:21:10'),
(11, 89, 13, 1, '2026-03-20 13:21:22', '2026-03-20 13:21:22'),
(12, 89, 12, 1, '2026-03-20 13:21:22', '2026-03-20 13:21:22'),
(15, 91, 13, 1, '2026-03-20 13:22:00', '2026-03-20 13:22:00'),
(16, 91, 12, 1, '2026-03-20 13:22:00', '2026-03-20 13:22:00'),
(17, 92, 13, 1, '2026-03-20 13:22:12', '2026-03-20 13:22:12'),
(18, 92, 12, 1, '2026-03-20 13:22:12', '2026-03-20 13:22:12'),
(19, 93, 13, 1, '2026-03-20 13:22:59', '2026-03-20 13:22:59'),
(20, 93, 12, 1, '2026-03-20 13:22:59', '2026-03-20 13:22:59'),
(21, 94, 13, 1, '2026-03-20 13:23:12', '2026-03-20 13:23:12'),
(22, 94, 12, 1, '2026-03-20 13:23:12', '2026-03-20 13:23:12'),
(23, 95, 13, 1, '2026-03-20 13:23:25', '2026-03-20 13:23:25'),
(24, 95, 12, 1, '2026-03-20 13:23:25', '2026-03-20 13:23:25'),
(25, 96, 13, 1, '2026-03-20 13:23:35', '2026-03-20 13:23:35'),
(26, 96, 12, 1, '2026-03-20 13:23:35', '2026-03-20 13:23:35'),
(27, 97, 13, 1, '2026-03-20 13:23:49', '2026-03-20 13:23:49'),
(28, 97, 12, 1, '2026-03-20 13:23:49', '2026-03-20 13:23:49'),
(29, 98, 13, 1, '2026-03-20 13:24:01', '2026-03-20 13:24:01'),
(30, 98, 12, 1, '2026-03-20 13:24:01', '2026-03-20 13:24:01'),
(31, 99, 13, 1, '2026-03-20 13:24:13', '2026-03-20 13:24:13'),
(32, 99, 12, 1, '2026-03-20 13:24:13', '2026-03-20 13:24:13'),
(33, 100, 13, 1, '2026-03-20 13:24:24', '2026-03-20 13:24:24'),
(34, 100, 12, 1, '2026-03-20 13:24:24', '2026-03-20 13:24:24'),
(35, 101, 13, 1, '2026-03-20 13:24:40', '2026-03-20 13:24:40'),
(36, 101, 12, 1, '2026-03-20 13:24:40', '2026-03-20 13:24:40'),
(37, 103, 13, 1, '2026-03-20 13:24:55', '2026-03-20 13:24:55'),
(38, 103, 12, 1, '2026-03-20 13:24:55', '2026-03-20 13:24:55'),
(39, 102, 13, 1, '2026-03-20 13:25:06', '2026-03-20 13:25:06'),
(40, 102, 12, 1, '2026-03-20 13:25:06', '2026-03-20 13:25:06'),
(42, 64, 12, 1, '2026-03-27 13:25:06', '2026-03-27 13:25:06'),
(43, 71, 12, 1, '2026-03-27 13:25:39', '2026-03-27 13:25:39'),
(44, 196, 26, 1, '2026-05-14 22:48:10', '2026-05-14 22:48:10'),
(45, 197, 26, 1, '2026-05-14 22:48:10', '2026-05-14 22:48:10'),
(46, 198, 26, 1, '2026-05-14 22:48:10', '2026-05-14 22:48:10'),
(47, 199, 26, 1, '2026-05-14 22:48:10', '2026-05-14 22:48:10');
INSERT INTO `customization_settings` (`id`, `restaurant_id`, `template_id`, `menu_title_color`, `menu_title_size`, `menu_title_font`, `price_color`, `price_size`, `price_font`, `description_color`, `description_size`, `description_font`, `category_title_color`, `category_title_size`, `category_title_font`, `background_color`, `header_background_color`, `primary_color`, `secondary_color`, `created_at`, `updated_at`) VALUES
(1, 2, 18, '#000000', 24, 'Inter', '#000000', 18, 'Inter', '#666666', 14, 'Inter', '#000000', 20, 'Inter', '#FFFFFF', '#FFFFFF', '#111111', '#FFFFFF', '2025-12-19 18:43:25', '2026-03-13 01:58:22'),
(4, 3, 6, '#121212', 24, 'Inter', '#1c1c1c', 18, 'Inter', '#666666', 14, 'Inter', '#121212', 20, 'Inter', '#121212', '#121212', '#84ab3e', '#ffffff', '2026-02-13 09:12:56', '2026-03-13 09:42:21'),
(5, 4, 1, '#000000', 24, 'Inter', '#000000', 18, 'Inter', '#666666', 14, 'Inter', '#000000', 20, 'Inter', '#FFFFFF', '#FFFFFF', '#111111', '#FFFFFF', '2026-03-03 23:30:50', '2026-03-03 23:30:50'),
(14, 13, 1, '#000000', 24, 'Inter', '#000000', 18, 'Inter', '#666666', 14, 'Inter', '#000000', 20, 'Inter', '#FFFFFF', '#FFFFFF', '#111111', '#FFFFFF', '2026-03-12 23:11:27', '2026-03-12 23:11:27'),
(20, 19, 1, '#000000', 24, 'Inter', '#000000', 18, 'Inter', '#666666', 14, 'Inter', '#000000', 20, 'Inter', '#FFFFFF', '#FFFFFF', '#111111', '#FFFFFF', '2026-04-06 17:01:14', '2026-04-06 17:01:14'),
(21, 20, 1, '#000000', 24, 'Inter', '#000000', 18, 'Inter', '#666666', 14, 'Inter', '#000000', 20, 'Inter', '#FFFFFF', '#FFFFFF', '#111111', '#FFFFFF', '2026-04-28 20:07:22', '2026-04-28 20:07:22'),
(22, 21, 1, '#000000', 24, 'Inter', '#000000', 18, 'Inter', '#666666', 14, 'Inter', '#000000', 20, 'Inter', '#FFFFFF', '#FFFFFF', '#111111', '#FFFFFF', '2026-05-09 17:25:57', '2026-05-09 17:25:57'),
(26, 25, 1, '#000000', 24, 'Inter', '#000000', 18, 'Inter', '#666666', 14, 'Inter', '#000000', 20, 'Inter', '#FFFFFF', '#FFFFFF', '#111111', '#FFFFFF', '2026-05-14 14:20:15', '2026-05-14 14:20:15'),
(27, 26, 1, '#000000', 24, 'Inter', '#000000', 18, 'Inter', '#666666', 14, 'Inter', '#000000', 20, 'Inter', '#FFFFFF', '#FFFFFF', '#111111', '#FFFFFF', '2026-05-17 21:04:00', '2026-05-17 21:04:00'),
(28, 19, 4, '#121212', 24, 'Inter', '#0e0a66', 18, 'Inter', '#666666', 14, 'Inter', '#ffffff', 20, 'Inter', '#f8f5f5', '#121212', '#0e0a66', '#ffffff', '2026-05-19 00:12:53', '2026-05-19 00:46:43'),
(29, 20, 4, '#121212', 24, 'Inter', '#9a3a3c', 18, 'Inter', '#666666', 14, 'Inter', '#ffffff', 20, 'Inter', '#f8f5f5', '#121212', '#9a3a3c', '#ffffff', '2026-05-19 12:00:11', '2026-05-19 12:00:28'),
(30, 27, 1, '#000000', 24, 'Inter', '#000000', 18, 'Inter', '#666666', 14, 'Inter', '#000000', 20, 'Inter', '#FFFFFF', '#FFFFFF', '#111111', '#FFFFFF', '2026-05-19 12:18:11', '2026-05-19 12:18:11');
INSERT INTO `login_attempts` (`id`, `ip_address`, `identifier`, `attempted_at`) VALUES
(54, '98.97.79.11', 'ellipsehotelslagos@gmail.com', '2026-05-15 09:30:02');
INSERT INTO `managers` (`id`, `username`, `email`, `password_hash`, `restaurant_id`, `created_at`, `updated_at`) VALUES
(2, 'lava_manager', 'jamesamaila07@gmail.com', '$2y$10$h0RdJU4tRyPL1Gi9vi6slOR6UT6G4pbO8JjCGP7z/11CeK6AzzdDK', 2, '2025-12-19 18:43:07', '2025-12-24 03:18:32'),
(3, 'heviewotelekki_manager', 'reservations@theviewlekki.com', '$2y$10$it3gLTDg5Xs66JtBM9XPs./c.WWAdxbEfbYOkKStFAe2RrdJEeCwa', 3, '2026-02-13 08:57:39', '2026-02-13 08:57:39'),
(4, 'Nostalgia', 'admin@nostalgia.our-menu.online', '$2y$10$6RzEqDr3dsF//RAixtQfTu.pwixF38Miqt/bf1FNp9db8YnSPKkRy', 4, '2026-03-03 23:30:50', '2026-05-12 23:35:50'),
(13, 'heussoestaurant_manager', 'restaurant@lussohotelsabuja.com', '$2y$10$Fh0gC2vv/1u0mPAm9AAO6OAQ1xc3vrLNArRu1ZSbt7b376rcyCQby', 13, '2026-03-12 23:11:27', '2026-03-12 23:11:27'),
(19, 'restaurant_manager', 'opallagos1@gmail.com', '$2y$10$Xphcs0RXSvyVRDfGe9Gdv.4lDgdgVqZLPks/Y8c50y2HouJmT9bOG', 19, '2026-04-06 17:01:14', '2026-05-19 00:01:02'),
(20, 'wissheistana_manager', 'it.vistana@swissinternationalhotels.com', '$2y$10$RcwHYqJDbOIucFoQoFlGMO.gyzuQ0WCnxzO.pC4qRO1gudZMKZivq', 20, '2026-04-28 20:07:22', '2026-05-19 01:47:56'),
(21, 'Ellipse_Hotels', 'ellipsehotelslagos@gmail.com', '$2y$10$qf44.BDvK7sAzPEg2tdeUegT3H/4xcDCCBgLw96z1AGtK6bxftR3i', 21, '2026-05-09 17:25:57', '2026-05-15 09:34:18'),
(25, 'heaniaouse_manager', 'admin@maniahouse.our-menu.online', '$2y$10$vJ/8ehXrESneVUwPZ8gFwOdp1J/pJCSnQRzdxlUlUkykm8WDXGfuC', 25, '2026-05-14 14:20:15', '2026-05-14 14:20:15'),
(26, 'altndocial_manager', 'admin@saltandsocial.our-menu.online', '$2y$10$vWJ4NB1SF5adtaMK9ZAjy.2YAA49kB2UN2GPB1W2FKsnRsY/KxPym', 26, '2026-05-17 21:04:00', '2026-05-17 21:04:00'),
(27, 'endomeafesenu_manager', 'admin@vendomecafe.our-menu.online', '$2y$10$Fb87bH29PEgcKxMEN9zmeulJXZEZNGeMEYXUgEhe6Q5SbwlEPTfS6', 27, '2026-05-19 12:18:11', '2026-05-19 12:18:11');
INSERT INTO `menu_items` (`id`, `restaurant_id`, `category_id`, `name`, `slug`, `description`, `price`, `image`, `display_order`, `is_available`, `created_at`, `updated_at`) VALUES
(41, 2, 15, 'Chicken Spring Rolls', 'chicken-spring-rolls', 'Chicken stuffed rolls with mixed bell peppers and cabbage served with plum sauce', 200.00, '6945dee5937fd.jpg', 1, 1, '2025-12-19 18:43:07', '2026-03-09 12:51:35'),
(42, 2, 15, 'Grilled Chicken Wings', 'grilled-chicken-wings', 'Grilled Marinated Chicken Wings, Served With Homemade Chili Sauce.', 23000.00, '6945df24c6e77.jpg', 2, 1, '2025-12-19 18:43:07', '2025-12-19 23:26:28'),
(43, 2, 15, 'Lollipop Chicken', 'lollipop-chicken', 'Half boneless fried wings with your choice of spicy BBQ or honey mustard sauce.', 25000.00, '6945e61603f0b.jpg', 3, 1, '2025-12-19 18:43:07', '2025-12-19 23:56:06'),
(44, 2, 15, 'Caesar Chicken Sliders', 'caesar-chicken-sliders', 'marinated grilled chicken, Caesar sauce, lettuce, tomato, dill pickles, parmesan cheese.', 19000.00, '6945e63143e76.jpg', 4, 1, '2025-12-19 18:43:07', '2025-12-19 23:56:33'),
(45, 2, 15, 'Grilled Pettit Prawns', 'grilled-pettit-prawns', 'Grilled Medium Prawns Seasoned In Herb Sauce Served With Fresh Red Onions And Side Salad.', 35000.00, '6945e67a43210.jpg', 5, 1, '2025-12-19 18:43:07', '2025-12-19 23:57:46'),
(46, 2, 15, 'Dynamite Shrimp', 'dynamite-shrimp', 'Crispy, Fried Shrimps Coated In A Spicy Mayonnaise Dressing.', 25000.00, '6945e6919fc7f.jpg', 6, 1, '2025-12-19 18:43:07', '2025-12-19 23:58:09'),
(47, 2, 15, 'Dynamite Chicken', 'dynamite-chicken', 'Crispy, Golden-Brown Fried Chicken Served With Dynamite Sauce.', 25000.00, '6945e6daee3be.jpeg', 7, 1, '2025-12-19 18:43:07', '2025-12-19 23:59:22'),
(48, 2, 15, 'Opal Signature Snails', 'opal-signature-snails', 'Sauteed Snails With Mixed Bell Pepper In Nigerian Spice Served With Plantain Fingers.', 32000.00, '6945e735a03f8.jpg', 8, 1, '2025-12-19 18:43:07', '2025-12-20 00:00:53'),
(49, 2, 15, 'Goat Meat', 'goat-meat', 'Tender Goat Meat Sautéed With Nigerian Spices.', 28400.00, '6945e77099e77.jpg', 9, 1, '2025-12-19 18:43:07', '2025-12-20 00:01:52'),
(50, 2, 15, 'Peppered Shrimps', 'peppered-shrimps', 'Shrimps Toasted In Chili Peppered Sauce Green Pepper And Onions.', 38000.00, '6945e78c75af7.jpg', 10, 1, '2025-12-19 18:43:07', '2025-12-20 00:02:20'),
(51, 2, 15, 'Peppered Assorted Meat', 'peppered-assorted-meat', 'Peppered Nigerian Shaki, Gizzards, Tender Beef And Chicken Breast Served With Tomato And Red Onions.', 31700.00, '6945e7f2cac67.jpg', 11, 1, '2025-12-19 18:43:07', '2025-12-20 00:04:02'),
(52, 2, 15, 'Coconut Popcorn Shrimps', 'coconut-popcorn-shrimps', 'Breaded Shrimps, Deep Fried Served With Tartar And Cocktail Sauce', 35200.00, NULL, 12, 1, '2025-12-19 18:43:07', '2025-12-19 18:43:07'),
(53, 2, 15, 'Chicken Tender', 'chicken-tender', 'Deep-Fried Breaded Chicken Breast Served With Honey Mustard Sauce.', 30700.00, NULL, 13, 1, '2025-12-19 18:43:07', '2025-12-19 18:43:07'),
(54, 2, 16, 'Sweet Fried Potatoes', 'sweet-fried-potatoes', '', 8900.00, NULL, 1, 1, '2025-12-19 18:43:07', '2025-12-19 18:43:07'),
(55, 2, 16, 'French Fries', 'french-fries', '', 9600.00, NULL, 2, 1, '2025-12-19 18:43:07', '2025-12-19 18:43:07'),
(56, 2, 16, 'Chinese Fried Rice', 'chinese-fried-rice', '', 15200.00, NULL, 3, 1, '2025-12-19 18:43:07', '2025-12-20 13:19:16'),
(57, 2, 16, 'Steamed Rice', 'steamed-rice', '', 7000.00, NULL, 4, 1, '2025-12-19 18:43:07', '2025-12-20 13:21:01'),
(58, 2, 16, 'Plantain Fingers', 'plantain-fingers', '', 8500.00, NULL, 5, 1, '2025-12-19 18:43:07', '2025-12-20 13:22:04'),
(59, 2, 16, 'Yam Fingers', 'yam-fingers', '', 6500.00, NULL, 6, 1, '2025-12-19 18:43:07', '2025-12-20 13:22:52'),
(60, 2, 16, 'Ice Cream Cake', 'ice-cream-cake', '', 15200.00, NULL, 7, 1, '2025-12-19 18:43:07', '2025-12-19 18:43:07'),
(61, 2, 17, 'Fruit Salad & Chocolate Ice Cream', 'fruit-salad-chocolate-ice-cream', '', 14000.00, NULL, 1, 1, '2025-12-19 18:43:07', '2025-12-19 18:43:07'),
(62, 2, 17, 'Ice Cream Scoop', 'ice-cream-scoop', 'Chocolate Vanilla and Extra', 12000.00, NULL, 2, 1, '2025-12-19 18:43:07', '2025-12-19 18:43:07'),
(63, 2, 18, 'Don P Brut', 'don-p-brut', '', 1400000.00, NULL, 1, 1, '2025-12-19 18:43:07', '2025-12-19 18:43:07'),
(64, 2, 18, 'Don P Rose', 'don-p-rose', '', 1550000.00, NULL, 2, 1, '2025-12-19 18:43:07', '2025-12-19 18:43:07'),
(65, 2, 18, 'Ace of Spade', 'ace-of-spade', '', 1500000.00, NULL, 3, 1, '2025-12-19 18:43:07', '2025-12-19 18:43:07'),
(66, 2, 18, 'Cristal', 'cristal', '', 1300000.00, NULL, 4, 1, '2025-12-19 18:43:07', '2025-12-19 18:43:07'),
(67, 2, 19, 'Don Julio Magnum', 'don-julio-magnum', '', 2100000.00, NULL, 1, 1, '2025-12-19 18:43:07', '2025-12-19 18:43:07'),
(68, 2, 19, 'Don Julio 1942', 'don-julio-1942', '', 1200000.00, NULL, 2, 1, '2025-12-19 18:43:07', '2025-12-19 18:43:07'),
(69, 2, 19, 'Avion', 'avion', '', 900000.00, NULL, 3, 1, '2025-12-19 18:43:07', '2025-12-19 18:43:07'),
(70, 2, 19, 'Clase Azul', 'clase-azul', '', 1000000.00, NULL, 4, 1, '2025-12-19 18:43:07', '2025-12-19 18:43:07'),
(71, 2, 19, 'Don Julio 1942 Magnum', 'don-julio-1942-magnum', '', 2100000.00, NULL, 5, 1, '2025-12-19 18:43:07', '2025-12-19 18:43:07'),
(72, 2, 19, 'Casamigos 1L', 'casamigos-1l', '', 1200000.00, NULL, 6, 1, '2025-12-19 18:43:07', '2025-12-19 18:43:07'),
(73, 2, 19, 'Casamigos M', 'casamigos-m', '', 1250000.00, NULL, 7, 1, '2025-12-19 18:43:07', '2025-12-19 18:43:07'),
(74, 2, 19, 'Adiccion Reposado', 'adiccion-reposado', '', 1000000.00, NULL, 8, 1, '2025-12-19 18:43:07', '2025-12-19 18:43:07'),
(75, 2, 20, 'Hennessy XO', 'hennessy-xo', '', 1000000.00, NULL, 1, 1, '2025-12-19 18:43:07', '2025-12-19 18:43:07'),
(76, 2, 20, 'Martel XO', 'martel-xo', '', 950000.00, NULL, 2, 1, '2025-12-19 18:43:07', '2025-12-19 18:43:07'),
(77, 2, 21, 'Glen Fiddich 21', 'glen-fiddich-21', '', 1000000.00, NULL, 1, 1, '2025-12-19 18:43:07', '2025-12-19 18:43:07'),
(78, 2, 21, 'Glen Fiddich 23', 'glen-fiddich-23', '', 1300000.00, NULL, 2, 1, '2025-12-19 18:43:07', '2025-12-19 18:43:07'),
(79, 2, 21, 'Glen Fiddich 26', 'glen-fiddich-26', '', 2300000.00, NULL, 3, 1, '2025-12-19 18:43:07', '2025-12-19 18:43:07'),
(80, 2, 21, 'Glen Livet 21', 'glen-livet-21', '', 950000.00, NULL, 4, 1, '2025-12-19 18:43:07', '2025-12-19 18:43:07'),
(81, 2, 22, 'Iced Gum', 'iced-gum', '', 50000.00, NULL, 1, 1, '2025-12-19 18:43:07', '2025-12-19 18:43:07'),
(82, 2, 22, 'Magic Love', 'magic-love', '', 50000.00, NULL, 2, 1, '2025-12-19 18:43:07', '2025-12-19 18:43:07'),
(83, 2, 22, 'Love 66', 'love-66', '', 60000.00, NULL, 3, 1, '2025-12-19 18:43:07', '2025-12-19 18:43:07'),
(84, 2, 22, 'Strawberry', 'strawberry', '', 50000.00, NULL, 4, 1, '2025-12-19 18:43:07', '2025-12-19 18:43:07'),
(85, 2, 22, 'Strawberry and Mint', 'strawberry-and-mint', '', 50000.00, NULL, 5, 1, '2025-12-19 18:43:07', '2025-12-19 18:43:07'),
(86, 2, 22, 'Mixed Fruit', 'mixed-fruit', '', 50000.00, NULL, 6, 1, '2025-12-19 18:43:07', '2025-12-19 18:43:07'),
(87, 2, 22, 'Gum and Mint', 'gum-and-mint', '', 50000.00, NULL, 7, 1, '2025-12-19 18:43:07', '2025-12-19 18:43:07'),
(88, 2, 22, 'Gum', 'gum', '', 50000.00, NULL, 8, 1, '2025-12-19 18:43:07', '2025-12-19 18:43:07'),
(89, 2, 22, 'Lemon and Mint', 'lemon-and-mint', '', 50000.00, NULL, 9, 1, '2025-12-19 18:43:07', '2025-12-19 18:43:07'),
(90, 2, 22, 'Mint and Cream', 'mint-and-cream', '', 50000.00, NULL, 10, 1, '2025-12-19 18:43:07', '2025-12-19 18:43:07'),
(91, 2, 22, 'Grape and Mint', 'grape-and-mint', '', 50000.00, NULL, 11, 1, '2025-12-19 18:43:07', '2025-12-19 18:43:07'),
(92, 2, 22, 'Grape', 'grape', '', 50000.00, NULL, 12, 1, '2025-12-19 18:43:07', '2025-12-19 18:43:07'),
(93, 2, 22, 'Two Apple', 'two-apple', '', 50000.00, NULL, 13, 1, '2025-12-19 18:43:07', '2025-12-19 18:43:07'),
(94, 2, 22, 'Mint', 'mint', '', 50000.00, NULL, 14, 1, '2025-12-19 18:43:07', '2025-12-19 18:43:07'),
(95, 2, 22, 'Peach', 'peach', '', 50000.00, NULL, 15, 1, '2025-12-19 18:43:07', '2025-12-19 18:43:07'),
(96, 2, 22, 'Blueberry', 'blueberry', '', 50000.00, NULL, 16, 1, '2025-12-19 18:43:07', '2025-12-19 18:43:07'),
(97, 2, 22, 'Blueberry and Mint', 'blueberry-and-mint', '', 50000.00, NULL, 17, 1, '2025-12-19 18:43:07', '2025-12-19 18:43:07'),
(98, 2, 22, 'Mango', 'mango', '', 50000.00, NULL, 18, 1, '2025-12-19 18:43:07', '2025-12-19 18:43:07'),
(99, 2, 22, 'Watermelon', 'watermelon', '', 50000.00, NULL, 19, 1, '2025-12-19 18:43:07', '2025-12-19 18:43:07'),
(100, 2, 22, 'Watermelon and Mint', 'watermelon-and-mint', '', 50000.00, NULL, 20, 1, '2025-12-19 18:43:07', '2025-12-19 18:43:07'),
(101, 2, 22, 'Lady Killer', 'lady-killer', '', 50000.00, NULL, 21, 1, '2025-12-19 18:43:07', '2025-12-19 18:43:07'),
(102, 2, 22, 'Apple', 'apple', '', 50000.00, NULL, 22, 1, '2025-12-19 18:43:07', '2025-12-19 18:43:07'),
(103, 2, 22, 'Pineapple Fruit', 'pineapple-fruit', '', 50000.00, NULL, 23, 1, '2025-12-19 18:43:07', '2025-12-19 18:43:07'),
(104, 2, 22, 'Apple Fruit', 'apple-fruit', '', 50000.00, NULL, 24, 1, '2025-12-19 18:43:07', '2025-12-19 18:43:07'),
(105, 2, 22, 'Orange Fruit', 'orange-fruit', '', 50000.00, NULL, 25, 1, '2025-12-19 18:43:07', '2025-12-19 18:43:07'),
(106, 3, 23, 'Cranberry Juice', 'cranberry-juice', '', 6000.00, NULL, 1, 1, '2026-02-13 09:52:41', '2026-02-13 09:52:41'),
(107, 3, 23, 'Juice Pack', 'juice-pack', '', 9840.00, NULL, 2, 1, '2026-02-13 09:52:41', '2026-05-07 12:39:33'),
(108, 3, 23, 'Malt Drink', 'malt-drink', '', 1500.00, NULL, 3, 1, '2026-02-13 09:52:41', '2026-02-13 09:52:41'),
(109, 3, 23, 'Energy Drink', 'energy-drink', '', 5000.00, NULL, 4, 1, '2026-02-13 09:52:41', '2026-02-13 09:52:41'),
(110, 3, 23, 'Water (Small)', 'water-small', '', 1000.00, NULL, 5, 1, '2026-02-13 09:52:41', '2026-02-13 09:52:41'),
(111, 3, 23, 'Soft Drinks (Coke, Fanta, Sprite, etc.)', 'soft-drinks', 'Coke, Fanta, Sprite and more', 1000.00, NULL, 6, 1, '2026-02-13 09:52:41', '2026-02-13 09:52:41'),
(112, 3, 23, 'Red Bull / Power Horse', 'red-bull-power-horse', '', 5000.00, NULL, 7, 1, '2026-02-13 09:52:41', '2026-02-13 09:52:41'),
(113, 3, 24, '33 Lager', '33-lager', '', 3820.39, NULL, 1, 1, '2026-02-13 09:52:41', '2026-05-07 11:58:42'),
(114, 3, 24, 'Smirnoff Ice', 'smirnoff-ice', '', 4305.00, NULL, 2, 1, '2026-02-13 09:52:41', '2026-05-07 12:42:24'),
(115, 3, 24, 'Star Draft (Big)', 'star-draft-big', '', 2000.00, NULL, 3, 1, '2026-02-13 09:52:41', '2026-02-13 09:52:41'),
(116, 3, 24, 'Star Draft (Small)', 'star-draft-small', '', 1000.00, NULL, 4, 1, '2026-02-13 09:52:41', '2026-02-13 09:52:41'),
(117, 3, 24, 'Star Radler', 'star-radler', '', 3000.00, NULL, 5, 1, '2026-02-13 09:52:41', '2026-02-13 09:52:41'),
(118, 3, 24, 'Budweiser (Big)', 'budweiser-big', '', 3500.00, NULL, 6, 1, '2026-02-13 09:52:41', '2026-02-13 09:52:41'),
(119, 3, 24, 'Heineken', 'heineken', '', 3500.00, NULL, 7, 1, '2026-02-13 09:52:41', '2026-02-13 09:52:41'),
(120, 3, 24, 'Heineken Draft (Big)', 'heineken-draft-big', '', 3500.00, NULL, 8, 1, '2026-02-13 09:52:41', '2026-02-13 09:52:41'),
(121, 3, 24, 'Heineken Draft (Small)', 'heineken-draft-small', '', 1500.00, NULL, 9, 1, '2026-02-13 09:52:41', '2026-02-13 09:52:41'),
(122, 3, 24, 'Flying Fish', 'flying-fish', '', 3000.00, NULL, 10, 1, '2026-02-13 09:52:41', '2026-02-13 09:52:41'),
(123, 3, 24, 'Desperados', 'desperados', '', 3000.00, NULL, 11, 1, '2026-02-13 09:52:41', '2026-02-13 09:52:41'),
(124, 3, 24, 'Guinness Stout (Big)', 'guinness-stout-big', '', 3500.00, NULL, 12, 1, '2026-02-13 09:52:41', '2026-02-13 09:52:41'),
(125, 3, 24, 'Guinness Stout (Small)', 'guinness-stout-small', '', 3000.00, NULL, 13, 1, '2026-02-13 09:52:41', '2026-02-13 09:52:41'),
(126, 3, 24, 'Guinness Extra Smooth', 'guinness-extra-smooth', '', 3000.00, NULL, 14, 1, '2026-02-13 09:52:41', '2026-02-13 09:52:41'),
(127, 3, 24, 'Gulder', 'gulder', '', 3000.00, NULL, 15, 1, '2026-02-13 09:52:41', '2026-02-13 09:52:41'),
(128, 3, 24, 'Star', 'star', '', 3000.00, NULL, 16, 1, '2026-02-13 09:52:41', '2026-02-13 09:52:41'),
(129, 3, 24, 'Trophy', 'trophy', '', 3000.00, NULL, 17, 1, '2026-02-13 09:52:41', '2026-02-13 09:52:41'),
(130, 3, 24, 'Goldberg', 'goldberg', '', 3000.00, NULL, 18, 1, '2026-02-13 09:52:41', '2026-02-13 09:52:41'),
(131, 3, 24, 'Harp', 'harp', '', 3000.00, NULL, 19, 1, '2026-02-13 09:52:41', '2026-02-13 09:52:41'),
(132, 3, 25, 'Rémy Martin XO', 'remy-martin-xo', 'Bottle', 230000.00, NULL, 1, 1, '2026-02-13 09:52:41', '2026-02-13 09:52:41'),
(133, 3, 25, 'Hennessy XO', 'hennessy-xo', 'Bottle', 575000.00, NULL, 2, 1, '2026-02-13 09:52:41', '2026-02-13 09:52:41'),
(134, 3, 25, 'Hennessy VSOP (Bottle)', 'hennessy-vsop-bottle', 'Bottle', 130000.00, NULL, 3, 1, '2026-02-13 09:52:41', '2026-02-13 09:52:41'),
(135, 3, 25, 'Hennessy VSOP (Shot)', 'hennessy-vsop-shot', 'Per shot', 9000.00, NULL, 4, 1, '2026-02-13 09:52:41', '2026-02-13 09:52:41'),
(136, 3, 25, 'Rémy Martin VSOP (Bottle)', 'remy-martin-vsop-bottle', 'Bottle', 90000.00, NULL, 5, 1, '2026-02-13 09:52:41', '2026-02-13 09:52:41'),
(137, 3, 25, 'Rémy Martin VSOP (Shot)', 'remy-martin-vsop-shot', 'Per shot', 6500.00, NULL, 6, 1, '2026-02-13 09:52:41', '2026-02-13 09:52:41'),
(138, 3, 25, 'Martell Blue Swift (Bottle)', 'martell-blue-swift-bottle', 'Bottle', 80000.00, NULL, 7, 1, '2026-02-13 09:52:41', '2026-02-13 09:52:41'),
(139, 3, 25, 'Martell Blue Swift (Shot)', 'martell-blue-swift-shot', 'Per shot', 6000.00, NULL, 8, 1, '2026-02-13 09:52:41', '2026-02-13 09:52:41'),
(140, 3, 25, 'Hennessy VS (Bottle)', 'hennessy-vs-bottle', 'Bottle', 80000.00, NULL, 9, 1, '2026-02-13 09:52:41', '2026-02-13 09:52:41'),
(141, 3, 25, 'Hennessy VS (Shot)', 'hennessy-vs-shot', 'Per shot', 7000.00, NULL, 10, 1, '2026-02-13 09:52:41', '2026-02-13 09:52:41'),
(142, 3, 26, 'Glenfiddich 18 Years', 'glenfiddich-18-years', 'Bottle', 180000.00, NULL, 1, 1, '2026-02-13 09:52:41', '2026-02-13 09:52:41'),
(143, 3, 26, 'Glenfiddich 15 Years (Bottle)', 'glenfiddich-15-years-bottle', 'Bottle', 120000.00, NULL, 2, 1, '2026-02-13 09:52:41', '2026-02-13 09:52:41'),
(144, 3, 26, 'Glenfiddich 15 Years (Shot)', 'glenfiddich-15-years-shot', 'Per shot', 8000.00, NULL, 3, 1, '2026-02-13 09:52:41', '2026-02-13 09:52:41'),
(145, 3, 26, 'Glenfiddich 12 Years (Bottle)', 'glenfiddich-12-years-bottle', 'Bottle', 90000.00, NULL, 4, 1, '2026-02-13 09:52:41', '2026-02-13 09:52:41'),
(146, 3, 26, 'Glenfiddich 12 Years (Shot)', 'glenfiddich-12-years-shot', 'Per shot', 5000.00, NULL, 5, 1, '2026-02-13 09:52:41', '2026-02-13 09:52:41'),
(147, 3, 26, 'Jameson Black Barrel (Bottle)', 'jameson-black-barrel-bottle', 'Bottle', 55000.00, NULL, 6, 1, '2026-02-13 09:52:41', '2026-02-13 09:52:41'),
(148, 3, 26, 'Jameson Black Barrel (Shot)', 'jameson-black-barrel-shot', 'Per shot', 3000.00, NULL, 7, 1, '2026-02-13 09:52:41', '2026-02-13 09:52:41'),
(149, 3, 26, 'Jameson (Big Bottle)', 'jameson-big-bottle', 'Bottle', 47000.00, NULL, 8, 1, '2026-02-13 09:52:41', '2026-02-13 09:52:41'),
(150, 3, 26, 'Jameson (Shot)', 'jameson-shot', 'Per shot', 5000.00, NULL, 9, 1, '2026-02-13 09:52:41', '2026-02-13 09:52:41'),
(151, 3, 26, 'Jameson Miniature', 'jameson-miniature', '', 18500.00, NULL, 10, 1, '2026-02-13 09:52:41', '2026-02-13 09:52:41'),
(152, 3, 26, 'Johnnie Walker Black Label (Bottle)', 'johnnie-walker-black-label-bottle', 'Bottle', 45000.00, NULL, 11, 1, '2026-02-13 09:52:41', '2026-02-13 09:52:41'),
(153, 3, 26, 'Johnnie Walker Black Label (Shot)', 'johnnie-walker-black-label-shot', 'Per shot', 5000.00, NULL, 12, 1, '2026-02-13 09:52:41', '2026-02-13 09:52:41'),
(154, 3, 26, 'Johnnie Walker Red Label (Bottle)', 'johnnie-walker-red-label-bottle', 'Bottle', 27000.00, NULL, 13, 1, '2026-02-13 09:52:41', '2026-02-13 09:52:41'),
(155, 3, 26, 'Johnnie Walker Red Label (Shot)', 'johnnie-walker-red-label-shot', 'Per shot', 3000.00, NULL, 14, 1, '2026-02-13 09:52:41', '2026-02-13 09:52:41'),
(156, 3, 26, 'Johnnie Walker Blue Label', 'johnnie-walker-blue-label', 'Bottle', 90000.00, NULL, 15, 1, '2026-02-13 09:52:41', '2026-02-13 09:52:41'),
(157, 3, 26, 'Jack Daniel\'s (Bottle)', 'jack-daniels-bottle', 'Bottle', 48000.00, NULL, 16, 1, '2026-02-13 09:52:41', '2026-02-13 09:52:41'),
(158, 3, 26, 'Jack Daniel\'s (Shot)', 'jack-daniels-shot', 'Per shot', 4000.00, NULL, 17, 1, '2026-02-13 09:52:41', '2026-02-13 09:52:41'),
(159, 3, 26, 'Chivas Regal (Bottle)', 'chivas-regal-bottle', 'Bottle', 25000.00, NULL, 18, 1, '2026-02-13 09:52:41', '2026-02-13 09:52:41'),
(160, 3, 26, 'Chivas Regal (Shot)', 'chivas-regal-shot', 'Per shot', 2500.00, NULL, 19, 1, '2026-02-13 09:52:41', '2026-02-13 09:52:41'),
(161, 3, 27, 'Bacardi White (Bottle)', 'bacardi-white-bottle', 'Bottle', 35000.00, NULL, 1, 1, '2026-02-13 09:52:41', '2026-02-13 09:52:41'),
(162, 3, 27, 'Bacardi White (Shot)', 'bacardi-white-shot', 'Per shot', 3690.00, NULL, 2, 1, '2026-02-13 09:52:41', '2026-05-07 12:18:20'),
(163, 3, 27, 'Bacardi Gold (Bottle)', 'bacardi-gold-bottle', 'Bottle', 35000.00, NULL, 3, 1, '2026-02-13 09:52:41', '2026-02-13 09:52:41'),
(164, 3, 27, 'Bacardi Gold (Shot)', 'bacardi-gold-shot', 'Per shot', 2000.00, NULL, 4, 1, '2026-02-13 09:52:41', '2026-02-13 09:52:41'),
(165, 3, 27, 'Malibu (Bottle)', 'malibu-bottle', 'Bottle', 28000.00, NULL, 5, 1, '2026-02-13 09:52:41', '2026-02-13 09:52:41'),
(166, 3, 27, 'Malibu (Shot)', 'malibu-shot', 'Per shot', 4000.00, NULL, 6, 1, '2026-02-13 09:52:41', '2026-02-13 09:52:41'),
(167, 3, 28, 'Ciroc', 'ciroc', 'Bottle', 62000.00, NULL, 1, 1, '2026-02-13 09:52:41', '2026-02-13 09:52:41'),
(168, 3, 28, 'Absolut Vodka (Bottle)', 'absolut-vodka-bottle', 'Bottle', 73800.00, NULL, 2, 1, '2026-02-13 09:52:41', '2026-05-07 12:17:11'),
(169, 3, 28, 'Absolut Vodka (Shot)', 'absolut-vodka-shot', 'Per shot', 3000.00, NULL, 3, 1, '2026-02-13 09:52:41', '2026-02-13 09:52:41'),
(170, 3, 28, 'Smirnoff (Bottle)', 'smirnoff-bottle', 'Bottle', 22000.00, NULL, 4, 1, '2026-02-13 09:52:41', '2026-02-13 09:52:41'),
(171, 3, 28, 'Smirnoff (Shot)', 'smirnoff-shot', 'Per shot', 2500.00, NULL, 5, 1, '2026-02-13 09:52:41', '2026-02-13 09:52:41'),
(172, 3, 28, 'Grey Goose (Bottle)', 'grey-goose-bottle', 'Bottle', 45000.00, NULL, 6, 1, '2026-02-13 09:52:41', '2026-02-13 09:52:41'),
(173, 3, 28, 'Grey Goose (Shot)', 'grey-goose-shot', 'Per shot', 2500.00, NULL, 7, 1, '2026-02-13 09:52:41', '2026-02-13 09:52:41'),
(174, 3, 29, 'Gin Mare (Bottle)', 'gin-mare-bottle', 'Bottle', 40000.00, NULL, 1, 1, '2026-02-13 09:52:41', '2026-02-13 09:52:41'),
(175, 3, 29, 'Gin Mare (Shot)', 'gin-mare-shot', 'Per shot', 3000.00, NULL, 2, 1, '2026-02-13 09:52:41', '2026-02-13 09:52:41'),
(176, 3, 29, 'Hendrick\'s (Bottle)', 'hendricks-bottle', 'Bottle', 73000.00, NULL, 3, 1, '2026-02-13 09:52:41', '2026-02-13 09:52:41'),
(177, 3, 29, 'Hendrick\'s (Shot)', 'hendricks-shot', 'Per shot', 4000.00, NULL, 4, 1, '2026-02-13 09:52:41', '2026-02-13 09:52:41'),
(178, 3, 29, 'Hendrick\'s Alt Bottle', 'hendricks-alt-bottle', 'Alternative bottle', 50000.00, NULL, 5, 1, '2026-02-13 09:52:41', '2026-02-13 09:52:41'),
(179, 3, 29, 'Hendrick\'s Alt Bottle (Shot)', 'hendricks-alt-bottle-shot', 'Per shot', 2500.00, NULL, 6, 1, '2026-02-13 09:52:41', '2026-02-13 09:52:41'),
(180, 3, 29, 'Bombay Sapphire (Bottle)', 'bombay-sapphire-bottle', 'Bottle', 50000.00, NULL, 7, 1, '2026-02-13 09:52:41', '2026-02-13 09:52:41'),
(181, 3, 29, 'Bombay Sapphire (Shot)', 'bombay-sapphire-shot', 'Per shot', 4000.00, NULL, 8, 1, '2026-02-13 09:52:41', '2026-02-13 09:52:41'),
(182, 3, 30, 'Olmeca White (Bottle)', 'olmeca-white-bottle', 'Bottle', 67650.00, NULL, 1, 1, '2026-02-13 09:52:41', '2026-05-07 12:12:07'),
(184, 3, 31, 'Baileys (Bottle)', 'baileys-bottle', 'Bottle', 30000.00, NULL, 1, 1, '2026-02-13 09:52:41', '2026-02-13 09:52:41'),
(185, 3, 31, 'Baileys (Shot)', 'baileys-shot', 'Per shot', 3690.00, NULL, 2, 1, '2026-02-13 09:52:41', '2026-05-07 12:19:22'),
(186, 3, 31, 'Kahlua (Bottle)', 'kahlua-bottle', 'Bottle', 23000.00, NULL, 3, 1, '2026-02-13 09:52:41', '2026-02-13 09:52:41'),
(187, 3, 31, 'Kahlua (Shot)', 'kahlua-shot', 'Per shot', 2000.00, NULL, 4, 1, '2026-02-13 09:52:41', '2026-02-13 09:52:41'),
(188, 3, 31, 'Cointreau', 'cointreau', 'Per shot', 2000.00, NULL, 5, 1, '2026-02-13 09:52:41', '2026-02-13 09:52:41'),
(189, 3, 31, 'Triple Sec', 'triple-sec', 'Per shot', 2000.00, NULL, 6, 1, '2026-02-13 09:52:41', '2026-02-13 09:52:41'),
(190, 3, 32, 'Campari', 'campari', 'Bottle', 30750.00, NULL, 1, 1, '2026-02-13 09:52:41', '2026-05-07 11:59:42'),
(191, 3, 32, 'Origin Bitters (Big)', 'origin-bitters-big', 'Bottle', 6237.00, NULL, 2, 1, '2026-02-13 09:52:41', '2026-05-07 12:40:31'),
(192, 3, 32, 'Origin Bitters (Mini)', 'origin-bitters-mini', '', 2500.00, NULL, 3, 1, '2026-02-13 09:52:41', '2026-02-13 09:52:41'),
(193, 3, 32, 'Palm Spirit (Aphro / Moor Rum)', 'palm-spirit', 'Bottle', 25000.00, NULL, 4, 1, '2026-02-13 09:52:41', '2026-02-13 09:52:41'),
(194, 3, 33, 'Moët Nectar Rosé', 'moet-nectar-rose', 'Bottle', 176000.00, NULL, 1, 1, '2026-02-13 09:52:41', '2026-02-13 09:52:41'),
(195, 3, 33, 'Veuve Clicquot Brut', 'veuve-clicquot-brut', 'Bottle', 170000.00, NULL, 2, 1, '2026-02-13 09:52:41', '2026-02-13 09:52:41'),
(196, 3, 33, 'Moët Imperial Brut', 'moet-imperial-brut', 'Bottle', 130000.00, NULL, 3, 1, '2026-02-13 09:52:41', '2026-02-13 09:52:41'),
(197, 3, 34, 'Virgin Colada', 'virgin-colada', '', 12474.00, NULL, 1, 1, '2026-02-13 09:52:41', '2026-05-07 12:16:14'),
(198, 3, 34, 'Virgin Margarita', 'virgin-margarita', '', 12447.00, NULL, 2, 1, '2026-02-13 09:52:41', '2026-05-07 12:44:46'),
(199, 3, 34, 'Chapman', 'chapman', '', 9840.00, NULL, 3, 1, '2026-02-13 09:52:41', '2026-05-07 12:46:04'),
(200, 3, 35, 'Long Island Iced Tea', 'long-island-iced-tea', '', 18711.00, NULL, 1, 1, '2026-02-13 09:52:41', '2026-05-07 12:07:28'),
(201, 3, 35, 'Daiquiri', 'daiquiri', '', 14968.00, NULL, 2, 1, '2026-02-13 09:52:41', '2026-05-07 12:31:30'),
(202, 3, 35, 'Moscow Mule', 'moscow-mule', '', 6000.00, NULL, 3, 1, '2026-02-13 09:52:41', '2026-02-13 09:52:41'),
(203, 3, 35, 'Cosmopolitan', 'cosmopolitan', '', 6000.00, NULL, 4, 1, '2026-02-13 09:52:41', '2026-02-13 09:52:41'),
(204, 3, 35, 'Margarita', 'margarita', '', 5000.00, NULL, 5, 1, '2026-02-13 09:52:41', '2026-02-13 09:52:41'),
(205, 3, 35, 'Mojito', 'mojito', '', 7500.00, NULL, 6, 1, '2026-02-13 09:52:41', '2026-02-13 09:52:41'),
(206, 3, 35, 'Sex on the Beach', 'sex-on-the-beach', '', 5000.00, NULL, 7, 1, '2026-02-13 09:52:41', '2026-02-13 09:52:41'),
(207, 3, 35, 'Piña Colada', 'pina-colada', '', 6000.00, NULL, 8, 1, '2026-02-13 09:52:41', '2026-02-13 09:52:41'),
(208, 3, 35, 'Tequila Sunrise', 'tequila-sunrise', '', 4000.00, NULL, 9, 1, '2026-02-13 09:52:41', '2026-02-13 09:52:41'),
(209, 3, 35, 'Mai Tai', 'mai-tai', '', 6000.00, NULL, 10, 1, '2026-02-13 09:52:41', '2026-02-13 09:52:41'),
(210, 3, 35, 'Whiskey Sour', 'whiskey-sour', '', 6000.00, NULL, 11, 1, '2026-02-13 09:52:41', '2026-02-13 09:52:41'),
(211, 3, 35, 'Screaming Orgasm', 'screaming-orgasm', '', 8500.00, NULL, 12, 1, '2026-02-13 09:52:41', '2026-02-13 09:52:41'),
(212, 3, 35, 'The Boss', 'the-boss', '', 5000.00, NULL, 13, 1, '2026-02-13 09:52:41', '2026-02-13 09:52:41'),
(213, 3, 35, 'D\'View Cocktail', 'dview-cocktail', 'Signature cocktail', 5000.00, NULL, 14, 1, '2026-02-13 09:52:41', '2026-02-13 09:52:41'),
(214, 3, 36, 'Nederburg Sauvignon Blanc', 'nederburg-sauvignon-blanc', 'Bottle', 51143.40, NULL, 1, 1, '2026-02-13 09:52:41', '2026-05-07 12:09:10'),
(215, 3, 36, 'Nederburg Late Harvest', 'nederburg-late-harvest', 'Bottle', 36000.00, NULL, 2, 1, '2026-02-13 09:52:41', '2026-02-13 09:52:41'),
(216, 3, 36, 'Nederburg Chardonnay', 'nederburg-chardonnay', 'Bottle', 36000.00, NULL, 3, 1, '2026-02-13 09:52:41', '2026-02-13 09:52:41'),
(217, 3, 36, 'Mapu Sauvignon Blanc', 'mapu-sauvignon-blanc', 'Bottle', 19000.00, NULL, 4, 1, '2026-02-13 09:52:41', '2026-02-13 09:52:41'),
(218, 3, 36, 'Four Cousins', 'four-cousins-white', 'Bottle', 19000.00, NULL, 5, 1, '2026-02-13 09:52:41', '2026-02-13 09:52:41'),
(219, 3, 36, 'Frontera Moscato', 'frontera-moscato', 'Bottle', 16000.00, NULL, 6, 1, '2026-02-13 09:52:41', '2026-02-13 09:52:41'),
(220, 3, 36, 'Viala Moscato', 'viala-moscato', 'Bottle', 12000.00, NULL, 7, 1, '2026-02-13 09:52:41', '2026-02-13 09:52:41'),
(221, 3, 37, 'Nederburg Merlot', 'nederburg-merlot', 'Bottle', 48648.60, NULL, 1, 1, '2026-02-13 09:52:41', '2026-05-07 12:08:32'),
(222, 3, 37, 'Nederburg Cabernet Sauvignon', 'nederburg-cabernet-sauvignon', 'Bottle', 36000.00, NULL, 2, 1, '2026-02-13 09:52:41', '2026-02-13 09:52:41'),
(223, 3, 37, 'Escudo Rojo', 'escudo-rojo', 'Bottle', 32000.00, NULL, 3, 1, '2026-02-13 09:52:41', '2026-02-13 09:52:41'),
(224, 3, 37, 'Mapu Cabernet Sauvignon', 'mapu-cabernet-sauvignon', 'Bottle', 19000.00, NULL, 4, 1, '2026-02-13 09:52:41', '2026-02-13 09:52:41'),
(225, 3, 37, 'Four Cousins', 'four-cousins-red', 'Bottle', 18000.00, NULL, 5, 1, '2026-02-13 09:52:41', '2026-02-13 09:52:41'),
(226, 3, 37, 'Carlo Rossi', 'carlo-rossi', 'Bottle', 12000.00, NULL, 6, 1, '2026-02-13 09:52:41', '2026-02-13 09:52:41'),
(227, 3, 37, 'Drostdy-Hof', 'drostdy-hof', 'Bottle', 12000.00, NULL, 7, 1, '2026-02-13 09:52:41', '2026-02-13 09:52:41'),
(228, 3, 37, '4th Street Red', '4th-street-red', 'Bottle', 12000.00, NULL, 8, 1, '2026-02-13 09:52:41', '2026-02-13 09:52:41'),
(229, 3, 37, 'Asara', 'asara', 'Bottle', 12000.00, NULL, 9, 1, '2026-02-13 09:52:41', '2026-02-13 09:52:41'),
(230, 3, 37, 'Bolzano', 'bolzano', 'Bottle', 12000.00, NULL, 10, 1, '2026-02-13 09:52:41', '2026-02-13 09:52:41'),
(231, 3, 37, 'Châteauneuf-du-Pape', 'chateauneuf-du-pape', 'Bottle', 20000.00, NULL, 11, 1, '2026-02-13 09:52:41', '2026-02-13 09:52:41'),
(232, 3, 38, 'Cappuccino', 'cappuccino', '', 2000.00, NULL, 1, 1, '2026-02-13 09:52:41', '2026-02-13 09:52:41'),
(234, 3, 38, 'Double Espresso', 'double-espresso', '', 1500.00, NULL, 3, 1, '2026-02-13 09:52:41', '2026-02-13 09:52:41'),
(235, 3, 38, 'Single Espresso', 'single-espresso', '', 1000.00, NULL, 4, 1, '2026-02-13 09:52:41', '2026-02-13 09:52:41'),
(237, 3, 40, 'Fresh Orange Juice', 'fresh-orange-juice', '', 9979.20, NULL, 1, 1, '2026-02-13 09:52:41', '2026-05-07 12:01:00'),
(238, 3, 40, 'Fresh Pineapple Juice', 'fresh-pineapple-juice', '', 9840.00, NULL, 2, 1, '2026-02-13 09:52:41', '2026-05-07 12:35:02'),
(239, 3, 40, 'Fresh Watermelon Juice', 'fresh-watermelon-juice', '', 4000.00, NULL, 3, 1, '2026-02-13 09:52:41', '2026-02-13 09:52:41'),
(240, 3, 40, 'Sweet Zobo Drink', 'sweet-zobo-drink', '', 2000.00, NULL, 4, 1, '2026-02-13 09:52:41', '2026-02-13 09:52:41'),
(646, 3, 41, 'Premium Tray', 'premium-tray', 'Miniature wine bottle, juice pack, lemonade bottle, biscuits, wafers, coconut flakes, yoghurt cups, almonds, mug with assorted hot beverages, fresh bread rolls with butter, jam & cheese, club sandwich, cakes & croissants, plantain skewers, grapes & kiwi, English breakfast with lamb sausage, French toast, pancakes', 60000.00, NULL, 1, 1, '2026-02-13 10:57:53', '2026-02-13 10:57:53'),
(647, 3, 41, 'Deluxe Tray', 'deluxe-tray', 'Mug with assorted hot beverages, fresh bread rolls with butter, jam & cheese, club sandwich, biscuit pack, juice pack, yoghurt cups, grapes, apples, English breakfast with lamb sausage', 60000.00, NULL, 2, 1, '2026-02-13 10:57:53', '2026-02-13 10:57:53'),
(648, 3, 42, 'Breakfast Burger', 'breakfast-burger', 'With tea or coffee', 10000.00, NULL, 1, 1, '2026-02-13 10:57:53', '2026-02-13 10:57:53'),
(650, 3, 42, 'Classic English Breakfast', 'classic-english-breakfast', 'Sausages, bread, eggs, baked beans, butter, toast', 48968.00, NULL, 3, 1, '2026-02-13 10:57:53', '2026-05-07 12:46:44'),
(651, 3, 42, 'African Breakfast', 'african-breakfast', 'Boiled or fried yam or plantain, egg sauce', 10000.00, NULL, 4, 1, '2026-02-13 10:57:53', '2026-02-13 10:57:53'),
(652, 3, 42, 'Naija Special', 'naija-special', 'Indomie noodles, egg, vegetables', 8000.00, NULL, 5, 1, '2026-02-13 10:57:53', '2026-02-13 10:57:53'),
(653, 3, 43, 'Chef\'s Salad', 'chefs-salad', 'Chicken breast, lettuce, cheese, croutons, bacon, tomatoes', 12000.00, NULL, 1, 1, '2026-02-13 10:57:53', '2026-02-13 10:57:53'),
(654, 3, 43, 'Chicken Caesar Salad', 'chicken-caesar-salad', 'Lettuce, chicken breast, cucumber, olives, tomatoes, egg', 18450.00, NULL, 2, 1, '2026-02-13 10:57:53', '2026-05-07 12:26:03'),
(655, 3, 43, 'Russian Salad', 'russian-salad', 'Chicken breast, carrot, Irish potatoes, sauce', 15000.00, NULL, 3, 1, '2026-02-13 10:57:53', '2026-02-13 10:57:53'),
(656, 3, 44, 'Fresh Croaker Fish (Whole)', 'fresh-croaker-fish-whole', 'Served with fresh bread rolls', 37422.00, NULL, 1, 1, '2026-02-13 10:57:53', '2026-05-07 12:00:23'),
(657, 3, 44, 'Catfish (Whole)', 'catfish-whole', 'A spicy delicacy made with catfish, native spices, herbs. its warming and Aromatic', 36899.95, NULL, 10, 1, '2026-02-13 10:57:53', '2026-05-07 12:24:52'),
(658, 3, 44, 'Fresh Croaker Fish (Portion)', 'fresh-croaker-fish-portion', 'Served with fresh bread rolls', 15000.00, NULL, 3, 1, '2026-02-13 10:57:53', '2026-02-13 10:57:53'),
(659, 3, 44, 'Catfish (Portion)', 'catfish-portion', 'Served with fresh bread rolls', 15000.00, NULL, 4, 1, '2026-02-13 10:57:53', '2026-02-13 10:57:53'),
(660, 3, 44, 'Goat Meat Pepper Soup', 'goat-meat-pepper-soup', 'Served with fresh bread rolls', 15000.00, NULL, 5, 1, '2026-02-13 10:57:53', '2026-02-13 10:57:53'),
(661, 3, 44, 'Chicken Pepper Soup', 'chicken-pepper-soup', 'Served with fresh bread rolls', 15000.00, NULL, 6, 1, '2026-02-13 10:57:53', '2026-02-13 10:57:53'),
(662, 3, 44, 'Chinese Noodle Soup (Shrimp & Chicken)', 'chinese-noodle-soup-shrimp-chicken', 'Served with fresh bread rolls', 15000.00, NULL, 7, 1, '2026-02-13 10:57:53', '2026-02-13 10:57:53'),
(663, 3, 44, 'Creamy Italian Seafood Soup', 'creamy-italian-seafood-soup', 'Served with fresh bread rolls', 15000.00, NULL, 8, 1, '2026-02-13 10:57:53', '2026-02-13 10:57:53'),
(664, 3, 44, 'Cream of Chicken Soup', 'cream-of-chicken-soup', 'Served with fresh bread rolls', 15000.00, NULL, 9, 1, '2026-02-13 10:57:53', '2026-02-13 10:57:53'),
(665, 3, 44, 'French Onion Soup', 'french-onion-soup', 'Served with fresh bread rolls', 10000.00, NULL, 10, 1, '2026-02-13 10:57:53', '2026-02-13 10:57:53'),
(666, 3, 44, 'Oxtail Soup', 'oxtail-soup', 'Served with fresh bread rolls', 10000.00, NULL, 11, 1, '2026-02-13 10:57:53', '2026-02-13 10:57:53'),
(667, 3, 45, 'Nick Nack Combo Board', 'nick-nack-combo-board', '', 10500.00, NULL, 1, 1, '2026-02-13 10:57:53', '2026-02-13 10:57:53'),
(668, 3, 45, 'Spicy Snails', 'spicy-snails', '', 24860.00, NULL, 2, 1, '2026-02-13 10:57:53', '2026-05-07 12:43:01'),
(669, 3, 45, 'Spicy Goat Dodo', 'spicy-goat-dodo', '', 15500.00, NULL, 3, 1, '2026-02-13 10:57:53', '2026-02-13 10:57:53'),
(670, 3, 45, 'Peppered Goat Meat', 'peppered-goat-meat', '', 15000.00, NULL, 4, 1, '2026-02-13 10:57:53', '2026-02-13 10:57:53'),
(671, 3, 45, 'Crusted Calamari', 'crusted-calamari', '', 15000.00, NULL, 5, 1, '2026-02-13 10:57:53', '2026-02-13 10:57:53'),
(672, 3, 45, 'Gizzdodo', 'gizzdodo', '', 15500.00, NULL, 6, 1, '2026-02-13 10:57:53', '2026-02-13 10:57:53'),
(673, 3, 45, 'Smokey Chicken Wings', 'smokey-chicken-wings', '', 15000.00, NULL, 7, 1, '2026-02-13 10:57:53', '2026-02-13 10:57:53'),
(674, 3, 45, 'Hot Chicken Wings', 'hot-chicken-wings', '', 15000.00, NULL, 8, 1, '2026-02-13 10:57:53', '2026-02-13 10:57:53'),
(675, 3, 45, 'Yaji Wings', 'yaji-wings', '', 15000.00, NULL, 9, 1, '2026-02-13 10:57:53', '2026-02-13 10:57:53'),
(676, 3, 45, 'Buffalo Wings', 'buffalo-wings', '', 15000.00, NULL, 10, 1, '2026-02-13 10:57:53', '2026-02-13 10:57:53'),
(677, 3, 45, 'Nkwobi', 'nkwobi', '', 15000.00, NULL, 11, 1, '2026-02-13 10:57:53', '2026-02-13 10:57:53'),
(678, 3, 45, 'Peppered Gizzard', 'peppered-gizzard', '', 15000.00, NULL, 12, 1, '2026-02-13 10:57:53', '2026-02-13 10:57:53'),
(679, 3, 45, 'Pepper Fish', 'pepper-fish', '', 14000.00, NULL, 13, 1, '2026-02-13 10:57:53', '2026-02-13 10:57:53'),
(680, 3, 45, 'Shrimp Rolls (4 pcs)', 'shrimp-rolls-4pcs', '', 15000.00, NULL, 14, 1, '2026-02-13 10:57:53', '2026-02-13 10:57:53'),
(681, 3, 45, 'Pepper Beef', 'pepper-beef', '', 15000.00, NULL, 15, 1, '2026-02-13 10:57:53', '2026-02-13 10:57:53'),
(682, 3, 45, 'Pepper Chicken', 'pepper-chicken', '', 14000.00, NULL, 16, 1, '2026-02-13 10:57:53', '2026-02-13 10:57:53'),
(683, 3, 45, 'Pepper Turkey', 'pepper-turkey', '', 15000.00, NULL, 17, 1, '2026-02-13 10:57:53', '2026-02-13 10:57:53'),
(684, 3, 45, 'Coleslaw', 'coleslaw', '', 4000.00, NULL, 18, 1, '2026-02-13 10:57:53', '2026-02-13 10:57:53'),
(687, 3, 46, 'D\'View Club Sandwich', 'dview-club-sandwich', '', 12474.00, NULL, 3, 1, '2026-02-13 10:57:53', '2026-05-07 12:48:21'),
(688, 3, 46, 'Classic Ham & Cheese', 'classic-ham-cheese', '', 7500.00, NULL, 4, 1, '2026-02-13 10:57:53', '2026-02-13 10:57:53'),
(689, 3, 46, 'Chunky Tuna Sandwich', 'chunky-tuna-sandwich', '', 6500.00, NULL, 5, 1, '2026-02-13 10:57:53', '2026-02-13 10:57:53'),
(690, 3, 47, 'Southern Fried Chicken on Mash', 'southern-fried-chicken-on-mash', 'Served with choice of fries, roast potatoes, sweet potato fries, or yam fries', 22140.00, NULL, 1, 1, '2026-02-13 10:57:53', '2026-05-07 12:13:51'),
(691, 3, 47, 'Chicken Escalope', 'chicken-escalope', 'Served with choice of fries, roast potatoes, sweet potato fries, or yam fries', 15000.00, NULL, 2, 1, '2026-02-13 10:57:53', '2026-02-13 10:57:53'),
(692, 3, 47, 'D\'View Curry Chicken', 'dview-curry-chicken', 'Served with choice of fries, roast potatoes, sweet potato fries, or yam fries', 18711.00, NULL, 3, 1, '2026-02-13 10:57:53', '2026-05-07 12:49:42'),
(693, 3, 47, 'Chicken in Cream Sauce', 'chicken-in-cream-sauce', 'Served with choice of fries, roast potatoes, sweet potato fries, or yam fries', 15000.00, NULL, 4, 1, '2026-02-13 10:57:53', '2026-02-13 10:57:53'),
(694, 3, 47, 'Creamy Mustard Chicken', 'creamy-mustard-chicken', 'Served with choice of fries, roast potatoes, sweet potato fries, or yam fries', 15000.00, NULL, 5, 1, '2026-02-13 10:57:53', '2026-02-13 10:57:53'),
(695, 3, 47, 'Creamy Spinach Chicken Roll', 'creamy-spinach-chicken-roll', 'Served with choice of fries, roast potatoes, sweet potato fries, or yam fries', 9000.00, NULL, 6, 1, '2026-02-13 10:57:53', '2026-02-13 10:57:53'),
(696, 3, 47, 'Pepper Chicken', 'pepper-chicken-entree', 'Served with choice of fries, roast potatoes, sweet potato fries, or yam fries', 15000.00, NULL, 7, 1, '2026-02-13 10:57:53', '2026-02-13 10:57:53'),
(697, 3, 47, 'Oven Roast Chicken', 'oven-roast-chicken', 'Served with choice of fries, roast potatoes, sweet potato fries, or yam fries', 15500.00, NULL, 8, 1, '2026-02-13 10:57:53', '2026-02-13 10:57:53'),
(698, 3, 48, 'Grilled Salmon', 'grilled-salmon', '', 43659.00, NULL, 1, 1, '2026-02-13 10:57:53', '2026-05-07 12:01:51'),
(699, 3, 48, 'Grilled Croaker Fish', 'grilled-croaker-fish', '', 37422.00, NULL, 2, 1, '2026-02-13 10:57:53', '2026-05-07 12:38:23'),
(700, 3, 48, 'Grilled Catfish', 'grilled-catfish', '', 30000.00, NULL, 3, 1, '2026-02-13 10:57:53', '2026-02-13 10:57:53'),
(701, 3, 48, 'Grilled Jumbo Prawns', 'grilled-jumbo-prawns', '', 17000.00, NULL, 4, 1, '2026-02-13 10:57:53', '2026-02-13 10:57:53'),
(702, 3, 48, 'Butterfly Prawns', 'butterfly-prawns', '', 13000.00, NULL, 5, 1, '2026-02-13 10:57:53', '2026-02-13 10:57:53'),
(703, 3, 48, 'Lobster Thermidor', 'lobster-thermidor', '', 28500.00, NULL, 6, 1, '2026-02-13 10:57:53', '2026-02-13 10:57:53'),
(704, 3, 48, 'Golden Tilapia', 'golden-tilapia', '', 15000.00, NULL, 7, 1, '2026-02-13 10:57:53', '2026-02-13 10:57:53'),
(705, 3, 49, 'T-Bone', 't-bone', 'South African cuts — served with side of choice', 46153.00, NULL, 1, 1, '2026-02-13 10:57:53', '2026-05-07 12:15:21'),
(706, 3, 49, 'Rib-Eye', 'rib-eye', 'South African cuts — served with side of choice', 46153.00, NULL, 2, 1, '2026-02-13 10:57:53', '2026-05-07 12:41:50'),
(707, 3, 49, 'Lamb Chops', 'lamb-chops', 'South African cuts — served with side of choice', 30000.00, NULL, 3, 1, '2026-02-13 10:57:53', '2026-02-13 10:57:53'),
(708, 3, 49, 'Beef Ribs', 'beef-ribs', 'South African cuts — served with side of choice', 22000.00, NULL, 4, 1, '2026-02-13 10:57:53', '2026-02-13 10:57:53'),
(709, 3, 49, 'Oxtail', 'oxtail', 'South African cuts — served with side of choice', 6000.00, NULL, 5, 1, '2026-02-13 10:57:53', '2026-02-13 10:57:53'),
(710, 3, 50, 'Mixed Grill Special', 'mixed-grill-special', '', 13300.00, NULL, 1, 1, '2026-02-13 10:57:53', '2026-02-13 10:57:53'),
(713, 3, 51, 'Pacific Platter', 'pacific-platter', '', 38000.00, NULL, 2, 1, '2026-02-13 10:57:53', '2026-02-13 10:57:53'),
(714, 3, 51, 'D\'View Special Platter', 'dview-special-platter', '', 25000.00, NULL, 3, 1, '2026-02-13 10:57:53', '2026-02-13 10:57:53'),
(715, 3, 51, 'Ogazi Platter', 'ogazi-platter', '', 25000.00, NULL, 4, 1, '2026-02-13 10:57:53', '2026-02-13 10:57:53'),
(716, 3, 52, 'Spaghetti Prawn Marinara', 'spaghetti-prawn-marinara', '', 30750.00, NULL, 1, 1, '2026-02-13 10:57:53', '2026-05-07 12:28:36'),
(718, 3, 52, 'Seafood Pasta', 'seafood-pasta', '', 15000.00, NULL, 3, 1, '2026-02-13 10:57:53', '2026-02-13 10:57:53'),
(719, 3, 52, 'Spaghetti & Meatballs', 'spaghetti-meatballs', '', 8000.00, NULL, 4, 1, '2026-02-13 10:57:53', '2026-02-13 10:57:53'),
(720, 3, 52, 'Fettuccine Alfredo', 'fettuccine-alfredo', '', 16000.00, NULL, 5, 1, '2026-02-13 10:57:53', '2026-02-13 10:57:53'),
(721, 3, 52, 'Chicken Pesto Penne', 'chicken-pesto-penne', '', 13000.00, NULL, 6, 1, '2026-02-13 10:57:53', '2026-02-13 10:57:53'),
(722, 3, 52, 'Spaghetti Bolognese', 'spaghetti-bolognese', '', 15000.00, NULL, 7, 1, '2026-02-13 10:57:53', '2026-02-13 10:57:53'),
(723, 3, 52, 'Spaghetti Aglio Olio', 'spaghetti-aglio-olio', '', 6000.00, NULL, 8, 1, '2026-02-13 10:57:53', '2026-02-13 10:57:53'),
(724, 3, 52, 'Fettuccine Prawn Grill', 'fettuccine-prawn-grill', '', 7000.00, NULL, 9, 1, '2026-02-13 10:57:53', '2026-02-13 10:57:53'),
(725, 3, 53, 'Okro (Seafood)', 'okro-seafood', 'Served with semovita, eba, or pounded yam', 43659.00, NULL, 1, 1, '2026-02-13 10:57:53', '2026-05-07 12:09:58'),
(726, 3, 53, 'Eforiro (Seafood)', 'eforiro-seafood', 'Served with semovita, eba, or pounded yam', 43659.00, NULL, 2, 1, '2026-02-13 10:57:53', '2026-05-07 12:33:10'),
(727, 3, 53, 'Edikaikong (Seafood)', 'edikaikong-seafood', 'Served with semovita, eba, or pounded yam', 30000.00, NULL, 3, 1, '2026-02-13 10:57:53', '2026-02-13 10:57:53'),
(728, 3, 53, 'Egusi (Seafood)', 'egusi-seafood', 'Served with semovita, eba, or pounded yam', 30000.00, NULL, 4, 1, '2026-02-13 10:57:53', '2026-02-13 10:57:53'),
(729, 3, 53, 'Fisherman Soup (Croaker / Catfish)', 'fisherman-soup', 'Served with semovita, eba, or pounded yam', 30000.00, NULL, 5, 1, '2026-02-13 10:57:53', '2026-02-13 10:57:53'),
(730, 3, 53, 'Edikaikong (Regular)', 'edikaikong-regular', 'Served with semovita, eba, or pounded yam', 18000.00, NULL, 6, 1, '2026-02-13 10:57:53', '2026-02-13 10:57:53'),
(731, 3, 53, 'Eforiro (Regular)', 'eforiro-regular', 'Served with semovita, eba, or pounded yam', 18000.00, NULL, 7, 1, '2026-02-13 10:57:53', '2026-02-13 10:57:53'),
(732, 3, 53, 'Afang', 'afang', 'Served with semovita, eba, or pounded yam', 18000.00, NULL, 8, 1, '2026-02-13 10:57:53', '2026-02-13 10:57:53'),
(733, 3, 53, 'Ogbono', 'ogbono', 'Served with semovita, eba, or pounded yam', 18000.00, NULL, 9, 1, '2026-02-13 10:57:53', '2026-02-13 10:57:53'),
(734, 3, 54, 'Seafood Jollof Rice', 'seafood-jollof-rice', '', 43650.00, NULL, 1, 1, '2026-02-13 10:57:53', '2026-05-07 12:13:05'),
(735, 3, 54, 'D\'View Special Fried Rice', 'dview-special-fried-rice', '', 22457.00, NULL, 2, 1, '2026-02-13 10:57:53', '2026-05-07 12:30:24'),
(736, 3, 54, 'Jollof Rice Fiesta', 'jollof-rice-fiesta', '', 16000.00, NULL, 3, 1, '2026-02-13 10:57:53', '2026-02-13 10:57:53'),
(737, 3, 54, 'Isi Ewu', 'isi-ewu', '', 20000.00, NULL, 4, 1, '2026-02-13 10:57:53', '2026-02-13 10:57:53'),
(738, 3, 54, 'Yam Pottage', 'yam-pottage', '', 15000.00, NULL, 5, 1, '2026-02-13 10:57:53', '2026-02-13 10:57:53'),
(739, 3, 55, 'Jollof Rice', 'jollof-rice-side', 'freshly cooked smokey Nigerian jollof rice', 8610.00, NULL, 1, 1, '2026-02-13 10:57:53', '2026-05-07 12:04:10'),
(740, 3, 55, 'Fried Rice', 'fried-rice', '', 8610.00, NULL, 2, 1, '2026-02-13 10:57:53', '2026-05-07 12:37:06'),
(741, 3, 55, 'Fried Plantain', 'fried-plantain', '', 7000.00, NULL, 3, 1, '2026-02-13 10:57:53', '2026-02-13 10:57:53'),
(742, 3, 55, 'Yam Chips', 'yam-chips', '', 7000.00, NULL, 4, 1, '2026-02-13 10:57:53', '2026-02-13 10:57:53'),
(743, 3, 55, 'French Fries', 'french-fries', '', 5000.00, NULL, 5, 1, '2026-02-13 10:57:53', '2026-02-13 10:57:53'),
(744, 3, 55, 'Sweet Potato Fries', 'sweet-potato-fries', '', 5000.00, NULL, 6, 1, '2026-02-13 10:57:53', '2026-02-13 10:57:53'),
(745, 3, 55, 'Steamed Rice', 'steamed-rice', '', 5000.00, NULL, 7, 1, '2026-02-13 10:57:53', '2026-02-13 10:57:53'),
(746, 3, 55, 'Bread Rolls (2 pcs)', 'bread-rolls-2pcs', '', 1000.00, NULL, 8, 1, '2026-02-13 10:57:53', '2026-02-13 10:57:53'),
(747, 3, 55, 'Eggs (2)', 'eggs-2', '', 5000.00, NULL, 9, 1, '2026-02-13 10:57:53', '2026-02-13 10:57:53'),
(748, 3, 55, 'Ogbono Extra', 'ogbono-extra', '', 7000.00, NULL, 10, 1, '2026-02-13 10:57:53', '2026-02-13 10:57:53'),
(753, 13, 61, 'Veggie Omelet (D)(N)(V)', 'veggie-omelet', 'Three egg omelet cooked with diced \r\ntomatoes, onion\r\ngreen pepper, side vegetables and \r\noptional cheese served with toast bread \r\nand butter', 18000.00, NULL, 1, 1, '2026-03-13 09:42:21', '2026-03-21 09:45:54'),
(754, 13, 61, 'Eggs Your Way (D)(N)(V)', 'eggs-your-way', 'Three eggs your way – plain or cheese \r\nomelet, fried or scrambled, portion of \r\nwhole pan-fried button mushrooms\r\ngrilled tomatoes, accompanied by toast \r\nbread and butter', 15000.00, NULL, 2, 1, '2026-03-13 09:42:21', '2026-03-21 09:47:12'),
(755, 13, 61, 'Lusso Style Pancakes (D)(V)', 'lusso-style-pancakes', 'Triple stack pancakes with quenelle \r\ncream cheese, chantelle cream, jam, \r\nnuts, fried plantain or banana drizzled \r\nwith pure maple syrup or honey', 20000.00, NULL, 3, 1, '2026-03-13 09:42:21', '2026-03-21 09:48:32'),
(756, 13, 62, 'Smoked Salmon', 'smoked-salmon', NULL, 15000.00, NULL, 1, 1, '2026-03-13 09:42:21', '2026-03-13 09:42:21'),
(757, 13, 62, 'Chicken Sausage', 'chicken-sausage', NULL, 10000.00, NULL, 2, 1, '2026-03-13 09:42:21', '2026-03-13 09:42:21'),
(758, 13, 62, 'Bacon', 'bacon', NULL, 10000.00, NULL, 3, 1, '2026-03-13 09:42:21', '2026-03-13 09:42:21'),
(759, 13, 62, 'Hash Brown Potatoes (V)', 'hash-brown-potatoes', NULL, 8000.00, NULL, 4, 1, '2026-03-13 09:42:21', '2026-03-13 09:42:21'),
(760, 13, 62, 'Baked Beans (V)', 'baked-beans', NULL, 8000.00, NULL, 5, 1, '2026-03-13 09:42:21', '2026-03-13 09:42:21'),
(761, 13, 62, 'Beans Pottage (V)', 'nigerian-stewed-beans', '', 8000.00, NULL, 6, 1, '2026-03-13 09:42:21', '2026-04-02 13:45:52'),
(762, 13, 62, 'Dodo – Fried Plantain (V)', 'dodo-fried-plantain', NULL, 8000.00, NULL, 7, 1, '2026-03-13 09:42:21', '2026-03-13 09:42:21'),
(763, 13, 62, 'Moi-Moi (V)', 'moi-moi', NULL, 10000.00, NULL, 8, 1, '2026-03-13 09:42:21', '2026-03-13 09:42:21'),
(764, 13, 62, 'Akara (V)', 'akara', NULL, 10000.00, NULL, 9, 1, '2026-03-13 09:42:21', '2026-03-13 09:42:21'),
(765, 13, 62, 'Baker’s Basket', 'bakers-basket', NULL, 15000.00, NULL, 10, 1, '2026-03-13 09:42:21', '2026-03-13 09:42:21'),
(766, 13, 62, 'Grilled Mushrooms', 'grilled-mushrooms', NULL, 8000.00, NULL, 11, 1, '2026-03-13 09:42:21', '2026-03-13 09:42:21'),
(767, 13, 62, 'Fruit Salad (V)', 'fruit-salad', NULL, 10000.00, NULL, 12, 1, '2026-03-13 09:42:21', '2026-03-13 09:42:21'),
(769, 13, 63, 'Mini Continental Breakfast (D)(N)', 'mini-continental-breakfast', 'Glass of freshly squeezed juice, coffee or tea with \r\nbaker’s basket, butter and jams', 20000.00, NULL, 1, 1, '2026-03-13 09:42:21', '2026-03-21 09:50:46'),
(770, 13, 63, 'English Breakfast (D)(N)', 'english-breakfast', 'Baker\'s basket\r\nMorning rolls, croissant, pain au chocolate raisin whirl \r\nand toast, served with butter, selection of jams and honey\r\nYour style of eggs \r\nOmelette, scrambled, or fried served with chicken sausages, sauté potatoes, bacon, \r\nbutton mushrooms and grilled tomato\r\nRefreshing fresh pineapple or orange or watermelon \r\njuice, seasonal fruits slices\r\nFreshly brewed coffee, regular or decaffeinated tea \r\nor hot chocolate', 38000.00, NULL, 2, 1, '2026-03-13 09:42:21', '2026-03-21 09:54:53'),
(771, 13, 63, 'Rising Sun Continental Breakfast (D)(N)', 'rising-sun-continental-breakfast', 'Baker\'s basket\r\nMorning rolls, croissant, pain au chocolate raisin whirl \r\nand toast, served with butter, selection of jams and honey\r\nRefreshing fresh juice - pineapple or orange or watermelon\r\nSeasonal fruit slices, plain or flavoured yoghurt\r\nCereals\r\nChoice of muesli, cornflakes, rice crispy or fruit n fiber\r\nFreshly brewed coffee, regular or decaffeinated tea \r\nor hot chocolate', 35000.00, NULL, 3, 1, '2026-03-13 09:42:21', '2026-03-21 09:56:28'),
(772, 13, 63, 'Good Morning Lusso – Nigerian Breakfast (D)(N)', 'good-morning-lusso-nigerian-breakfast', 'Nigerian Breakfast\r\nRefreshing fresh juice - pineapple or orange or watermelon\r\nSeasonal fruit slices\r\nYour choice of ogi, oatmeal porridge or cereal of your choice \r\nServed with skimmed, full cream or soya milk\r\nTraditional Nigerian egg sauce garnished with fried plantain, \r\nMoi-moi or yam served with stew of the day\r\nFreshly brewed coffee, regular or decaffeinated tea or hot chocolate', 35000.00, NULL, 4, 1, '2026-03-13 09:42:21', '2026-03-21 09:57:41'),
(773, 13, 64, 'Nigerian Stew of the Day', 'nigerian-stew-of-the-day', 'Please enquire from your service attendant about our \r\nlovingly prepared stew of the day, served with your \r\npreferred starch- yam chips, white or traditional rice of \r\nthe day, dodo and coleslaw', 25000.00, NULL, 1, 1, '2026-03-13 09:42:21', '2026-03-23 13:23:35'),
(774, 13, 64, 'Nigerian Soup of the Day (N)', 'nigerian-soup-of-the-day', 'Please enquire from your service attendant about our \r\nauthentic traditional soups of the day, served with your \r\nchoice of freshly preferred swallow', 25000.00, NULL, 2, 1, '2026-03-13 09:42:21', '2026-03-21 10:16:10'),
(775, 13, 64, 'Pepper Snails (D)(N)(S)', 'pepper-snails', 'Stewed giant African snails, braised in African chili \r\nsauce, onion and local hot pepper, accompanied by \r\nyour choice of fried plantain or rice of the day \r\nor French fries', 40000.00, NULL, 3, 1, '2026-03-13 09:42:21', '2026-03-21 10:17:33'),
(776, 13, 64, 'Spicy Half BBQ Chicken (D)(N)', 'spicy-half-bbq-chicken', 'Half BBQ chicken, roasted to perfection, served with \r\nside of Fried plantain or rice of the day of French fries', 22000.00, NULL, 4, 1, '2026-03-13 09:42:21', '2026-03-21 10:18:50'),
(777, 13, 65, 'Swallow of the Day (V)', 'swallow-of-the-day', NULL, 7000.00, NULL, 1, 1, '2026-03-13 09:42:21', '2026-03-13 09:42:21'),
(778, 13, 65, 'Rice of the Day (V)', 'rice-of-the-day', NULL, 7000.00, NULL, 2, 1, '2026-03-13 09:42:21', '2026-03-13 09:42:21'),
(779, 13, 65, 'Basmati Rice (V)', 'basmati-rice', NULL, 8000.00, NULL, 3, 1, '2026-03-13 09:42:21', '2026-03-13 09:42:21'),
(781, 13, 65, 'Fried Plantain', 'fried-plantain', NULL, 7000.00, NULL, 5, 1, '2026-03-13 09:42:21', '2026-03-13 09:42:21'),
(787, 13, 67, 'Smoked Salmon Rosette', 'smoked-salmon-rosette', 'Smoked salmon rosette with coddled egg, garden salad, \r\nsmooth cream cheese, French dressing capers and \r\nred onion with a hint of lemon', 28000.00, NULL, 3, 1, '2026-03-13 09:42:21', '2026-03-27 13:17:15'),
(788, 13, 67, 'Greek Village Salad (D)(N)(V)', 'greek-village-salad', 'Greek delicacy of feta cheese combined with fresh organic lettuce, \r\nTomato, cucumber, olives, and red onion, dressed with French vinaigrette', 17000.00, NULL, 2, 1, '2026-03-13 09:42:21', '2026-03-21 10:00:21'),
(789, 13, 67, 'Chicken Caesar Salad (D)(N)(S)', 'chicken-caesar-salad', '220g BBQ chicken fillet grilled to perfection, on a bed of iceberg \r\nlocal lettuce with flavorsome homemade garlic croutons, \r\nfreshly grated Italian parmesan cheese, accompanied \r\nby our Chef’s Caesar dressing and a hint of anchovies', 22000.00, NULL, 3, 1, '2026-03-13 09:42:21', '2026-03-21 10:01:34'),
(792, 13, 69, 'Curried Veggie Delight (D)(N)(V)', 'curried-veggie-delight', 'Chickpeas, potato & lentil dahl masala with basmati rice \r\naccompaniment of plain yoghurt, served with chapatti & hot chili pepper \r\nsauce', 18000.00, NULL, 1, 1, '2026-03-13 09:42:21', '2026-03-21 10:08:46'),
(793, 13, 69, 'Spicy Penne Arrabiata (D)(N)', 'spicy-penne-arrabiata', 'Penne pasta with black olive, mixed bell peppers, onion & garlic tossed \r\nin chili pepper sauce, served with gratinated French bread & parmesan \r\ncheese', 20000.00, NULL, 2, 1, '2026-03-13 09:42:21', '2026-03-21 10:10:11'),
(794, 13, 70, 'Succulent Beef Burger (D)(N)', 'succulent-beef-burger', '250g pure ground beef BBQ patty, grilled to perfection \r\nwith gratinated mozzarella cheese', 25000.00, NULL, 1, 1, '2026-03-13 09:42:21', '2026-03-21 10:12:51'),
(795, 13, 70, 'Chicken Burger (D)(N)', 'chicken-burger', '220g Chef’s secret breaded butterflied chicken, \r\nfilled with gratinated mozzarella cheese', 24000.00, NULL, 2, 1, '2026-03-13 09:42:21', '2026-03-21 10:14:04'),
(798, 13, 71, 'Fillet Mignon (D)', 'fillet-mignon', '300g cut of the finest grass-fed cattle, fillet of beef, \r\ntenderly grilled, topped with whole garlic butter \r\nmushrooms & aromatic black peppers, sea salt', 55000.00, NULL, 3, 1, '2026-03-13 09:42:21', '2026-04-25 13:11:52'),
(800, 13, 71, 'Suya Style (D)(N)', 'suya-style', 'Nigerian most popular delicacy, a combination of two \r\nsticks of chicken and two sticks of beef suya, specially \r\nspiced, char grilled served with fresh onion, tomatoes, \r\nfries or fried plantain', 25000.00, NULL, 5, 1, '2026-03-13 09:42:21', '2026-03-23 13:31:11'),
(801, 13, 72, 'Lusso Club Sandwich (D)(N)', 'lusso-club-sandwich', 'Double decker with chicken & turkey ham, fried eggs, lettuce \r\ntomato, pickles, mayonnaise spread & mozzarella cheese \r\naccompanied with fries and homemade coleslaw', 18000.00, NULL, 1, 1, '2026-03-13 09:42:21', '2026-03-21 10:28:59'),
(802, 13, 72, 'Perinaise Chicken Wrap (D)(N)', 'perinaise-chicken-wrap', 'Delicious, coated chicken strips in a flour tortilla filled with \r\nsmooth cream cheese, chiffonade of lettuce & diced onion with our \r\nsecret Nigerian perinaise sauce accompanied \r\nby fries and homemade coleslaw', 20000.00, NULL, 2, 1, '2026-03-13 09:42:21', '2026-03-21 10:29:53');
INSERT INTO `menu_items` (`id`, `restaurant_id`, `category_id`, `name`, `slug`, `description`, `price`, `image`, `display_order`, `is_available`, `created_at`, `updated_at`) VALUES
(803, 13, 73, 'Kids Omelet (D)(V)', 'kids-omelet', 'Served with fresh seasonal steamed vegetables', 8000.00, NULL, 1, 1, '2026-03-13 09:42:21', '2026-03-21 10:41:18'),
(804, 13, 73, 'Spaghetti (D)(V)', 'spaghetti-with-tomato-sauce', 'Served with tomato sauce', 10000.00, NULL, 2, 1, '2026-03-13 09:42:21', '2026-03-21 10:42:24'),
(805, 13, 73, 'Cocktail Beef & Cheese Slider (D)(N)', 'cocktail-beef-cheese-slider', 'Served with French fries', 15000.00, NULL, 3, 1, '2026-03-13 09:42:21', '2026-03-21 10:43:07'),
(806, 13, 73, 'Corn Fried Chicken Nuggets (D)(N)', 'corn-fried-chicken-nuggets', 'Accompanied with French fries', 15000.00, NULL, 4, 1, '2026-03-13 09:42:21', '2026-03-21 10:43:53'),
(807, 13, 73, 'Mini Margherita Pizza (D)(V)', 'mini-margherita-pizza', NULL, 10000.00, NULL, 5, 1, '2026-03-13 09:42:21', '2026-03-13 09:42:21'),
(808, 13, 74, 'Crème Brûlée (D)', 'creme-brulee', NULL, 12000.00, NULL, 1, 1, '2026-03-13 09:42:21', '2026-03-13 09:42:21'),
(809, 13, 74, 'Chocolate Brownie with Vanilla Ice Cream (D)(N)', 'chocolate-brownie-with-vanilla-ice-cream', NULL, 18000.00, NULL, 2, 1, '2026-03-13 09:42:21', '2026-03-13 09:42:21'),
(810, 13, 74, 'Exotic Fruit Platter (V)', 'exotic-fruit-platter', NULL, 10000.00, NULL, 3, 1, '2026-03-13 09:42:21', '2026-03-13 09:42:21'),
(811, 13, 74, 'Vanilla Ice Cream & Cookies (D)(N)', 'vanilla-ice-cream-cookies', NULL, 16000.00, NULL, 4, 1, '2026-03-13 09:42:21', '2026-03-13 09:42:21'),
(812, 13, 75, 'Greek Village Salad 🥛🌰', 'greek-village-salad', 'Rocket leaves, grilled peppers, marinated olives and feta cheese finished with olive oil and balsamic reduction.', 18000.00, NULL, 1, 1, '2026-03-13 10:13:02', '2026-03-23 14:23:25'),
(813, 13, 75, 'Asian Prawn Salad 🦐🌰🌶️', 'asian-prawn-salad', 'Lemon and garlic marinated prawns served on crisp Asian slaw with green apple slices, toasted sesame seeds and sweet chili dressing.', 25000.00, NULL, 2, 1, '2026-03-13 10:13:02', '2026-03-13 10:13:02'),
(814, 13, 75, 'Local Papaya Salad 🥛', 'local-papaya-salad', 'Lettuce, pawpaw, tomato, watermelon, pineapple and feta cheese with lime ranch dressing.', 17000.00, NULL, 4, 1, '2026-03-13 10:13:02', '2026-03-27 13:20:08'),
(815, 13, 76, 'Spiced Halloumi Wrap 🌾🥛', 'spiced-halloumi-wrap', 'Grilled halloumi cheese wrapped with lettuce in tortilla bread.', 15000.00, NULL, 1, 1, '2026-03-13 10:13:02', '2026-03-13 10:13:02'),
(817, 13, 78, 'Aglio Olio Prawn Pasta 🦐🌾🍷🥛', 'aglio-olio-prawn-pasta', 'Pasta tossed in garlic and herb infusion with capsicum and white wine, finished with prawns and seafood, served with gratinated capsicum and cheese bruschetta.', 30000.00, NULL, 1, 1, '2026-03-13 10:13:02', '2026-03-23 14:13:07'),
(818, 13, 78, 'Turkey Ham Carbonara 🌾🥛🥚', 'turkey-ham-carbonara', 'Turkey ham in rich creamy carbonara sauce with egg yolk and freshly grated parmesan, served with gratinated capsicum and cheese bruschetta.', 30000.00, NULL, 2, 1, '2026-03-13 10:13:02', '2026-03-23 14:13:42'),
(819, 13, 79, 'Caprese Margherita (V) 🌾🥛', 'caprese-margherita', 'Tomato basil sauce, mozzarella, plum tomatoes and olive oil.', 16000.00, NULL, 1, 1, '2026-03-13 10:13:02', '2026-03-13 10:13:02'),
(820, 13, 79, 'Seafood Alforno 🦐🐟🌾🥛', 'seafood-alforno', 'Shrimps, calamari, octopus, basil, peppers and mozzarella.', 25000.00, NULL, 2, 1, '2026-03-13 10:13:02', '2026-03-13 10:13:02'),
(821, 13, 79, 'Dodo & Chicken Pizza 🌾🥛', 'dodo-chicken-pizza', 'Plantain with grilled chicken, peppers, basil and mozzarella.', 22000.00, NULL, 3, 1, '2026-03-13 10:13:02', '2026-03-13 10:13:02'),
(822, 13, 80, 'Herb-Crusted Rack of Lamb 🥛', 'herb-crusted-rack-of-lamb', 'Oven roasted rack of lamb with mint jelly crust, char-grilled ratatouille, creamy cheddar mashed potatoes and garlic herb jus.', 49000.00, NULL, 1, 1, '2026-03-13 10:13:02', '2026-03-13 10:13:02'),
(823, 13, 80, 'Crown of Beef 🌾🥛🍷', 'crown-of-beef', 'Flame grilled beef fillet medallion wrapped in puff pastry, served with baby vegetables, crispy pommes allumettes, gratinated fondant potatoes and cream onion truffle wine sauce.', 35000.00, NULL, 2, 1, '2026-03-13 10:13:02', '2026-03-13 10:13:02'),
(824, 13, 81, 'Semi-Bone-Out Half Chicken 🌾🌶️', 'semi-bone-out-half-chicken', 'Grilled and oven finished half chicken seasoned with Peri-Peri or Lemon & Herb, served with crispy potato wedges, micro leaf salad, lentil onion bread stuffing and sauce of choice.', 32000.00, NULL, 1, 1, '2026-03-13 10:13:02', '2026-03-26 09:44:19'),
(826, 13, 82, 'Parmesan Mussel & Herb–Encrusted Croaker 🐟🦐🥛', 'parmesan-mussel-herb-encrusted-croaker', 'Grilled croaker encrusted with parmesan, herbs and mussels, served with buttered baby vegetables and rustic potatoes finished with fish velouté.', 35000.00, NULL, 1, 1, '2026-03-13 10:13:02', '2026-03-13 10:13:02'),
(827, 13, 82, 'Teriyaki Salmon 🐟🌰🍷', 'teriyaki-salmon', 'Grilled salmon glazed with soy, honey, chili, sesame oil, garlic and pickled ginger, served with julienne vegetables and wok egg noodles.', 49000.00, NULL, 2, 1, '2026-03-13 10:13:02', '2026-03-13 10:13:02'),
(828, 13, 83, 'Crème Brûlée with Chocolate Chip Biscuit 🥛🥚🌾', 'creme-brulee-chocolate-chip-biscuit', 'Light baked custard with caramelized crust served with berry coulis and chocolate chip biscuit.', 12000.00, NULL, 1, 1, '2026-03-13 10:13:02', '2026-03-26 09:49:30'),
(829, 13, 83, 'Ice Cream 🥛🥚', 'ice-cream', 'Ask your waiter for today’s flavor, topped with chocolate sprinkles and butter biscuit.', 15000.00, NULL, 2, 1, '2026-03-13 10:13:02', '2026-03-13 10:13:02'),
(830, 13, 83, 'Freshly Cut Fruit Salad', 'freshly-cut-fruit-salad', 'Seasonal fresh fruit medley.', 9000.00, NULL, 3, 1, '2026-03-13 10:13:02', '2026-03-26 09:48:37'),
(831, 13, 84, 'Still Water Large', 'still-water-large', NULL, 4000.00, NULL, 1, 1, '2026-03-14 17:42:54', '2026-03-14 17:42:54'),
(832, 13, 84, 'Still Water Small', 'still-water-small', NULL, 3000.00, NULL, 2, 1, '2026-03-14 17:42:54', '2026-03-14 17:42:54'),
(833, 13, 84, 'Perrier Sparkling Water Large', 'perrier-sparkling-water-large', '', 20000.00, NULL, 3, 1, '2026-03-14 17:42:54', '2026-03-26 10:09:15'),
(834, 13, 84, 'Perrier Sparkling Water Small', 'perrier-sparkling-water-small', '', 8000.00, NULL, 4, 1, '2026-03-14 17:42:54', '2026-03-26 10:09:50'),
(835, 13, 84, 'Soft Drinks (Coca Cola, Sprite, Tonic, Bitter Lemon, Soda Water, Fanta, Pepsi, Mirinda)', 'soft-drinks-mix', NULL, 3500.00, NULL, 5, 1, '2026-03-14 17:42:54', '2026-03-14 17:42:54'),
(836, 13, 84, 'Diet Coke', 'diet-coke', NULL, 0.00, NULL, 6, 1, '2026-03-14 17:42:54', '2026-03-14 17:42:54'),
(837, 13, 84, 'Maltina', 'maltina', NULL, 4500.00, NULL, 7, 1, '2026-03-14 17:42:54', '2026-03-14 17:42:54'),
(838, 13, 84, 'Amstel Malta', 'amstel-malta', NULL, 4500.00, NULL, 8, 1, '2026-03-14 17:42:54', '2026-03-14 17:42:54'),
(839, 13, 84, 'Malta Guinness', 'malta-guinness', NULL, 4500.00, NULL, 9, 1, '2026-03-14 17:42:54', '2026-03-14 17:42:54'),
(840, 13, 84, 'Fayrous', 'fayrous', NULL, 4500.00, NULL, 10, 1, '2026-03-14 17:42:54', '2026-03-14 17:42:54'),
(841, 13, 85, 'Fresh Juice Large', 'fresh-juice-large', NULL, 7000.00, NULL, 1, 1, '2026-03-14 17:42:54', '2026-03-14 17:42:54'),
(842, 13, 85, 'Fresh Juice Small', 'fresh-juice-small', NULL, 5000.00, NULL, 2, 1, '2026-03-14 17:42:54', '2026-03-14 17:42:54'),
(843, 13, 85, 'Fresh Fruit Punch Large', 'fresh-fruit-punch-large', NULL, 7000.00, NULL, 3, 1, '2026-03-14 17:42:54', '2026-03-14 17:42:54'),
(844, 13, 85, 'Fresh Fruit Punch Small', 'fresh-fruit-punch-small', NULL, 5500.00, NULL, 4, 1, '2026-03-14 17:42:54', '2026-03-14 17:42:54'),
(845, 13, 85, 'Packet Juice Large', 'packet-juice-large', NULL, 4500.00, NULL, 5, 1, '2026-03-14 17:42:54', '2026-03-14 17:42:54'),
(846, 13, 85, 'Packet Juice Small', 'packet-juice-small', NULL, 4000.00, NULL, 6, 1, '2026-03-14 17:42:54', '2026-03-14 17:42:54'),
(847, 13, 85, 'Juice Packet', 'juice-packet', NULL, 12000.00, NULL, 7, 1, '2026-03-14 17:42:54', '2026-03-14 17:42:54'),
(848, 13, 85, 'Cranberry Packet', 'cranberry-packet', NULL, 25000.00, NULL, 8, 1, '2026-03-14 17:42:54', '2026-03-14 17:42:54'),
(849, 13, 85, 'Cranberry Glass', 'cranberry-glass', NULL, 9000.00, NULL, 9, 1, '2026-03-14 17:42:54', '2026-03-14 17:42:54'),
(850, 13, 86, 'Power Horse', 'power-horse', NULL, 6000.00, NULL, 1, 1, '2026-03-14 17:42:54', '2026-03-14 17:42:54'),
(851, 13, 86, 'Red Bull', 'red-bull', NULL, 6500.00, NULL, 2, 1, '2026-03-14 17:42:54', '2026-03-14 17:42:54'),
(852, 13, 86, 'Climax', 'climax', NULL, 6000.00, NULL, 3, 1, '2026-03-14 17:42:54', '2026-03-14 17:42:54'),
(853, 13, 87, 'Star', 'star', NULL, 5000.00, NULL, 1, 1, '2026-03-14 17:42:54', '2026-03-14 17:42:54'),
(854, 13, 87, 'Heineken 60CL', 'heineken', '', 6500.00, NULL, 2, 1, '2026-03-14 17:42:54', '2026-04-22 11:57:32'),
(855, 13, 87, 'Heineken Draught Large', 'heineken-draught-large', '', 6500.00, NULL, 3, 1, '2026-03-14 17:42:54', '2026-04-22 11:58:25'),
(856, 13, 87, 'Heineken Draught Small', 'heineken-draught-small', '', 5500.00, NULL, 4, 1, '2026-03-14 17:42:54', '2026-04-22 11:59:06'),
(857, 13, 87, 'Budweiser', 'budweiser', '', 6500.00, NULL, 5, 1, '2026-03-14 17:42:54', '2026-04-22 12:03:12'),
(858, 13, 87, 'Guinness Extra Smooth', 'guinness-extra-smooth', NULL, 5000.00, NULL, 6, 1, '2026-03-14 17:42:54', '2026-03-14 17:42:54'),
(859, 13, 87, 'Guinness Stout 60cl', 'guinness-stout-60cl', '', 6500.00, NULL, 7, 1, '2026-03-14 17:42:54', '2026-04-22 12:04:00'),
(860, 13, 87, 'Guinness Stout Medium', 'guinness-stout-medium', '', 5500.00, NULL, 8, 1, '2026-03-14 17:42:54', '2026-04-22 12:06:07'),
(861, 13, 87, 'Star Radler Citrus', 'star-radler-citrus', NULL, 4500.00, NULL, 9, 1, '2026-03-14 17:42:54', '2026-03-14 17:42:54'),
(862, 13, 87, 'Trophy', 'trophy', '', 5000.00, NULL, 10, 1, '2026-03-14 17:42:54', '2026-04-22 12:01:47'),
(863, 13, 87, '33 Export', '33-export', '', 5000.00, NULL, 11, 1, '2026-03-14 17:42:54', '2026-04-22 12:07:23'),
(864, 13, 87, 'Life Beer', 'life-beer', '', 5000.00, NULL, 12, 1, '2026-03-14 17:42:54', '2026-04-22 12:08:06'),
(865, 13, 87, 'Hero Beer', 'hero-beer', '', 5000.00, NULL, 13, 1, '2026-03-14 17:42:54', '2026-04-22 12:08:56'),
(866, 13, 87, 'Gulder', 'gulder', NULL, 5000.00, NULL, 14, 1, '2026-03-14 17:42:54', '2026-03-14 17:42:54'),
(867, 13, 87, 'Goldberg', 'goldberg', '', 5000.00, NULL, 15, 1, '2026-03-14 17:42:54', '2026-04-22 12:09:38'),
(868, 13, 87, 'Legend', 'legend', '', 5500.00, NULL, 16, 1, '2026-03-14 17:42:54', '2026-04-22 12:10:27'),
(869, 13, 87, 'Tiger Beer', 'tiger-beer', '', 5000.00, NULL, 17, 1, '2026-03-14 17:42:54', '2026-04-22 12:13:10'),
(870, 13, 87, 'Origin Beer', 'origin-beer', NULL, 5000.00, NULL, 18, 1, '2026-03-14 17:42:54', '2026-03-14 17:42:54'),
(871, 13, 87, 'Smirnoff Double Black', 'smirnoff-double-black', '', 5000.00, NULL, 19, 1, '2026-03-14 17:42:54', '2026-04-22 12:00:23'),
(872, 13, 87, 'Smirnoff Ice 60cl', 'smirnoff-ice-60cl', NULL, 6000.00, NULL, 20, 1, '2026-03-14 17:42:54', '2026-03-14 17:42:54'),
(873, 13, 87, 'Smirnoff Ice 35cl', 'smirnoff-ice-35cl', NULL, 4500.00, NULL, 21, 1, '2026-03-14 17:42:54', '2026-03-14 17:42:54'),
(874, 13, 87, 'Desperado', 'desperado', NULL, 5000.00, NULL, 22, 1, '2026-03-14 17:42:54', '2026-03-14 17:42:54'),
(875, 13, 87, 'Flying Fish', 'flying-fish', NULL, 4500.00, NULL, 23, 1, '2026-03-14 17:42:54', '2026-03-14 17:42:54'),
(876, 13, 87, 'Castle Lite', 'castle-lite', NULL, 5000.00, NULL, 24, 1, '2026-03-14 17:42:54', '2026-03-14 17:42:54'),
(877, 13, 88, 'Martini Bianco', 'martini-bianco', 'Tot  N5,000', 50000.00, NULL, 1, 1, '2026-03-14 17:42:54', '2026-03-19 11:36:07'),
(878, 13, 88, 'Martini Rosso', 'martini-rorro', 'Tot  N6,000', 60000.00, NULL, 2, 1, '2026-03-14 17:42:54', '2026-03-19 11:37:23'),
(879, 13, 88, 'Martini Extra Dry', 'martini-extra-dry', 'Tot  5,000', 60000.00, NULL, 3, 1, '2026-03-14 17:42:54', '2026-03-19 11:43:28'),
(880, 13, 88, 'Aperol Aperitivo', 'aperol-aperitivo', 'Tot  8,000', 80000.00, NULL, 4, 1, '2026-03-14 17:42:54', '2026-03-19 11:44:00'),
(881, 13, 88, 'Campari', 'campari', 'Tot  9,000', 80000.00, NULL, 5, 1, '2026-03-14 17:42:54', '2026-03-26 10:12:52'),
(882, 13, 89, 'Gordon', 'gordon', 'Tot  5,000', 40000.00, NULL, 1, 1, '2026-03-14 17:42:54', '2026-03-26 10:15:02'),
(883, 13, 89, 'Beefeater', 'beefeater', 'Tot  5,500', 45000.00, NULL, 2, 1, '2026-03-14 17:42:54', '2026-03-26 10:15:43'),
(884, 13, 89, 'Bombay Sapphire', 'bombay-sapphire', 'Tot  8,000', 80000.00, NULL, 3, 1, '2026-03-14 17:42:54', '2026-03-19 11:46:54'),
(885, 13, 89, 'Hendrick', 'hendrick', 'Tot  10,000', 140000.00, NULL, 4, 1, '2026-03-14 17:42:54', '2026-03-19 15:24:59'),
(886, 13, 89, 'Tanqueray 10', 'tanqueray-10', 'Tot   15,000', 140000.00, NULL, 5, 1, '2026-03-14 17:42:54', '2026-03-26 10:16:29'),
(887, 13, 89, 'Monkey 47', 'monkey-47', 'Tot  10,000', 120000.00, NULL, 6, 1, '2026-03-14 17:42:54', '2026-03-26 10:17:01'),
(891, 13, 91, 'Macallan 12 years', 'macallan-12-years', 'Tot  15,000', 250000.00, NULL, 1, 1, '2026-03-14 17:42:54', '2026-03-19 12:05:38'),
(892, 13, 91, 'Macallan 15 years', 'macallan-15-years', 'Tot  28,000', 600000.00, NULL, 2, 1, '2026-03-14 17:42:54', '2026-03-19 12:06:15'),
(893, 13, 91, 'Macallan 18 years', 'macallan-18-years', 'Tot 100,000', 1600000.00, NULL, 3, 1, '2026-03-14 17:42:54', '2026-03-26 10:29:07'),
(894, 13, 91, 'Glenfiddich 12 years', 'glenfiddich-12-years', 'Tot  14,000', 190000.00, NULL, 4, 1, '2026-03-14 17:42:54', '2026-03-26 10:30:13'),
(895, 13, 91, 'Glenfiddich 15 years', 'glenfiddich-15-years', 'Tot  25,000', 300000.00, NULL, 5, 1, '2026-03-14 17:42:54', '2026-04-28 11:39:19'),
(896, 13, 91, 'Glenfiddich 18 years', 'glenfiddich-18-years', 'Tot  30,000', 380000.00, NULL, 6, 1, '2026-03-14 17:42:54', '2026-03-26 10:32:03'),
(897, 13, 91, 'Singleton 12 years', 'singleton-12-years', 'Tot  14,000', 200000.00, NULL, 7, 1, '2026-03-14 17:42:54', '2026-03-19 12:10:12'),
(898, 13, 91, 'Singleton 15 years', 'singleton-15-years', 'Tot   25,000', 260000.00, NULL, 8, 1, '2026-03-14 17:42:54', '2026-03-26 10:33:29'),
(899, 13, 91, 'Singleton 18 years', 'singleton-18-years', 'Tot  45,000', 650000.00, NULL, 9, 1, '2026-03-14 17:42:54', '2026-03-19 12:11:58'),
(900, 13, 92, 'Chivas Regal 12 years', 'chivas-regal-12-years', 'Tot  7,500', 120000.00, NULL, 1, 1, '2026-03-14 17:42:54', '2026-03-19 11:52:07'),
(901, 13, 92, 'Chivas Regal 18 years', 'chivas-regal-18-years', 'Tot 12,500', 310000.00, NULL, 2, 1, '2026-03-14 17:42:54', '2026-03-19 11:53:01'),
(902, 13, 92, 'Smokey Monkey', 'smokey-monkey', 'Tot  12,000', 200000.00, NULL, 3, 1, '2026-03-14 17:42:54', '2026-03-19 11:54:54'),
(903, 13, 92, 'Chivas Regal 25 years', 'chivas-regal-25-years', 'Tot  45,000', 800000.00, NULL, 4, 1, '2026-03-14 17:42:54', '2026-03-19 11:55:49'),
(905, 13, 92, 'Johnnie Walker Black Label', 'johnnie-walker-black-label', 'Tot  9,000', 120000.00, NULL, 6, 1, '2026-03-14 17:42:54', '2026-03-19 11:57:48'),
(906, 13, 92, 'Johnnie Walker Gold Label', 'johnnie-walker-gold-label', 'Tot  20,000', 240000.00, NULL, 7, 1, '2026-03-14 17:42:54', '2026-03-19 11:58:44'),
(907, 13, 92, 'Johnnie Walker Platinum Label', 'johnnie-walker-platinum-label', 'Tot  28,000', 450000.00, NULL, 8, 1, '2026-03-14 17:42:54', '2026-03-19 12:00:44'),
(908, 13, 92, 'Johnnie Walker Blue Label', 'johnnie-walker-blue-label', 'Tot  90,000', 1100000.00, NULL, 9, 1, '2026-03-14 17:42:54', '2026-04-28 11:35:15'),
(909, 13, 93, 'Jameson', 'jameson', 'Tot  8,000', 60000.00, NULL, 1, 1, '2026-03-14 17:42:54', '2026-03-26 10:35:44'),
(910, 13, 93, 'Jameson Black Barrel', 'jameson-black-barrel', 'Tot  12,,000', 130000.00, NULL, 2, 1, '2026-03-14 17:42:54', '2026-03-26 10:36:24'),
(911, 13, 93, 'Jack Daniel', 'jack-daniel', 'Tot  8,000', 90000.00, NULL, 3, 1, '2026-03-14 17:42:54', '2026-04-28 11:32:15'),
(912, 13, 93, 'Jack Daniel Gentleman Jack', 'jack-daniel-gentleman-jack', 'Tot  10,000', 140000.00, NULL, 4, 1, '2026-03-14 17:42:54', '2026-03-26 10:38:01'),
(913, 13, 93, 'Jack Daniel Honey', 'jack-daniel-honey', 'Tot   9,000', 80000.00, NULL, 5, 1, '2026-03-14 17:42:54', '2026-03-26 10:39:16'),
(914, 13, 93, 'Jack Daniel Single Barrel Select', 'jack-daniel-single-barrel-select', 'Tot  15,000', 140000.00, NULL, 6, 1, '2026-03-14 17:42:54', '2026-03-26 10:40:14'),
(915, 13, 93, 'Jack Daniel Apple', 'jack-daniel-apple', 'Tot  9,000', 90000.00, NULL, 7, 1, '2026-03-14 17:42:54', '2026-04-28 11:36:56'),
(916, 13, 93, 'Woodford Reserve', 'woodford-reserve', 'Tot 13,000', 130000.00, NULL, 8, 1, '2026-03-14 17:42:54', '2026-03-26 10:41:27'),
(917, 13, 93, 'Wild Turkey', 'wild-turkey', 'Tot  8,000', 80000.00, NULL, 9, 1, '2026-03-14 17:42:54', '2026-04-28 12:16:28'),
(918, 13, 94, 'Smirnoff Red', 'smirnoff-red', 'Tot  6,000', 70000.00, NULL, 1, 1, '2026-03-14 17:42:54', '2026-03-19 13:27:36'),
(919, 13, 94, 'Smirnoff Blue', 'smirnoff-blue', 'Tot  6,000', 75000.00, NULL, 2, 1, '2026-03-14 17:42:54', '2026-03-19 13:28:19'),
(920, 13, 94, 'Ciroc', 'ciroc', 'Tot  10,000', 120000.00, NULL, 3, 1, '2026-03-14 17:42:54', '2026-03-26 10:44:10'),
(921, 13, 94, 'Neft Vodka', 'neft-vodka', 'Tot  10,000', 130000.00, NULL, 4, 1, '2026-03-14 17:42:54', '2026-03-19 13:31:23'),
(922, 13, 94, 'Absolut Blue', 'absolut-blue', 'Tot  5,500', 65000.00, NULL, 5, 1, '2026-03-14 17:42:54', '2026-03-19 13:31:58'),
(923, 13, 94, 'Grey Goose', 'grey-goose', 'Tot  12,000', 150000.00, NULL, 6, 1, '2026-03-14 17:42:54', '2026-03-26 10:44:57'),
(924, 13, 95, 'Bacardi', 'bacardi', 'Tot  5,000', 60000.00, NULL, 1, 1, '2026-03-14 17:42:54', '2026-03-19 13:33:28'),
(925, 13, 95, 'Captain Morgan', 'captain-morgan', 'Tot  5,000', 50000.00, NULL, 2, 1, '2026-03-14 17:42:54', '2026-03-19 13:34:11'),
(926, 13, 95, 'St James', 'st-james', 'Tot  8,000', 99000.00, NULL, 3, 1, '2026-03-14 17:42:54', '2026-03-19 13:34:56'),
(927, 13, 95, 'Malibu', 'malibu', 'Tot  5,000', 60000.00, NULL, 4, 1, '2026-03-14 17:42:54', '2026-03-19 13:35:31'),
(928, 13, 96, 'Remy Martin XO', 'remy-martin-xo', 'Tot  75,000', 1100000.00, NULL, 1, 1, '2026-03-14 17:42:54', '2026-03-26 10:53:20'),
(929, 13, 96, 'Remy Martin VSOP', 'remy-martin-vsop', 'Tot 25,000', 300000.00, NULL, 2, 1, '2026-03-14 17:42:54', '2026-03-26 10:54:01'),
(930, 13, 96, 'Hennessy XO', 'hennessy-xo', 'Tot  75,000', 1200000.00, NULL, 3, 1, '2026-03-14 17:42:54', '2026-03-19 13:48:11'),
(931, 13, 96, 'Hennessy VSOP', 'hennessy-vsop', 'Tot  25,000', 320000.00, NULL, 4, 1, '2026-03-14 17:42:54', '2026-04-28 11:45:46'),
(932, 13, 96, 'Hennessy VS', 'hennessy-vs', 'Tot 20,000', 160000.00, NULL, 5, 1, '2026-03-14 17:42:54', '2026-03-26 10:55:53'),
(933, 13, 96, 'Martel VS', 'martel-vs', 'Tot 14,000', 150000.00, NULL, 6, 1, '2026-03-14 17:42:54', '2026-03-19 13:52:13'),
(934, 13, 96, 'Martel Blue Swift', 'martel-blue-swift', 'Tot  20,000', 260000.00, NULL, 7, 1, '2026-03-14 17:42:54', '2026-04-28 11:59:28'),
(935, 13, 96, 'Martel XO', 'martel-xo', 'Tot  65,000', 1000000.00, NULL, 8, 1, '2026-03-14 17:42:54', '2026-03-26 11:02:10'),
(936, 13, 96, 'Remy Martin 1738', 'remy-martin-1738', 'Tot  30,000', 350000.00, NULL, 9, 1, '2026-03-14 17:42:54', '2026-03-26 11:02:57'),
(937, 13, 97, 'Olmeca Gold', 'olmeca-gold', 'Tot  8,000', 80000.00, NULL, 1, 1, '2026-03-14 17:42:54', '2026-03-19 13:57:01'),
(938, 13, 97, 'El Padrino', 'el-padrino', 'Tot  14,000', 230000.00, NULL, 2, 1, '2026-03-14 17:42:54', '2026-04-22 12:22:19'),
(939, 13, 97, 'Sierra Gold', 'sierra-gold', 'Tot  7,000', 70000.00, NULL, 3, 1, '2026-03-14 17:42:54', '2026-03-19 14:01:52'),
(940, 13, 97, 'Sierra White', 'sierra-white', 'Tot  7,000', 70000.00, NULL, 4, 1, '2026-03-14 17:42:54', '2026-03-19 14:03:14'),
(941, 13, 97, 'Cazcabel Reposado', 'cazcabel-reposado', 'Tot  12,000', 160000.00, NULL, 5, 1, '2026-03-14 17:42:54', '2026-03-19 14:04:48'),
(944, 13, 98, 'Cointreau', 'cointreau', 'Tot  8,000', 90000.00, NULL, 3, 1, '2026-03-14 17:42:54', '2026-03-19 14:37:29'),
(945, 13, 98, 'Baileys Irish Cream', 'baileys-irish-cream', 'Tot  8,000', 80000.00, NULL, 4, 1, '2026-03-14 17:42:54', '2026-03-19 14:42:18'),
(946, 13, 98, 'Amarula', 'amarula', 'Tot  8,000', 80000.00, NULL, 5, 1, '2026-03-14 17:42:54', '2026-03-19 14:43:24'),
(947, 13, 98, 'Amaretto', 'amaretto', 'Tot  8,000', 80000.00, NULL, 6, 1, '2026-03-14 17:42:54', '2026-03-19 14:44:23'),
(948, 13, 98, 'Tia Maria', 'tia-maria', 'Tot  8,000', 80000.00, NULL, 7, 1, '2026-03-14 17:42:54', '2026-03-19 14:45:22'),
(949, 13, 98, 'Sambuca', 'sambuca', 'Tot  7,000', 75000.00, NULL, 8, 1, '2026-03-14 17:42:54', '2026-03-19 14:46:51'),
(950, 13, 98, 'Drambuie', 'drambuie', 'Tot  7,000', 75000.00, NULL, 9, 1, '2026-03-14 17:42:54', '2026-03-19 14:48:07'),
(951, 13, 98, 'Kahlua', 'kahlua', 'Tot  9,000', 90000.00, NULL, 10, 1, '2026-03-14 17:42:54', '2026-03-19 14:49:35'),
(952, 13, 98, 'Grappa Nonino', 'grappa-nonino', 'Tot  9,000', 95000.00, NULL, 11, 1, '2026-03-14 17:42:54', '2026-03-19 14:51:16'),
(953, 13, 99, 'Americano', 'americano', NULL, 6000.00, NULL, 1, 1, '2026-03-14 17:42:54', '2026-03-14 17:42:54'),
(954, 13, 99, 'Cappuccino', 'cappuccino', NULL, 6500.00, NULL, 2, 1, '2026-03-14 17:42:54', '2026-03-14 17:42:54'),
(955, 13, 99, 'Espresso', 'espresso', NULL, 6000.00, NULL, 3, 1, '2026-03-14 17:42:54', '2026-03-14 17:42:54'),
(956, 13, 99, 'Double Espresso', 'double-espresso', NULL, 6500.00, NULL, 4, 1, '2026-03-14 17:42:54', '2026-03-14 17:42:54'),
(957, 13, 99, 'Café Latte', 'cafe-latte', NULL, 6500.00, NULL, 5, 1, '2026-03-14 17:42:54', '2026-03-14 17:42:54'),
(958, 13, 99, 'Macchiato', 'macchiato', NULL, 6000.00, NULL, 6, 1, '2026-03-14 17:42:54', '2026-03-14 17:42:54'),
(959, 13, 99, 'Hot Chocolate', 'hot-chocolate', NULL, 6500.00, NULL, 7, 1, '2026-03-14 17:42:54', '2026-03-14 17:42:54'),
(960, 13, 99, 'Assorted Tea', 'assorted-tea', '', 5500.00, NULL, 8, 1, '2026-03-14 17:42:54', '2026-03-27 08:16:52'),
(961, 13, 99, 'Caramel Frappe', 'caramel-frappe', NULL, 6500.00, NULL, 9, 1, '2026-03-14 17:42:54', '2026-03-14 17:42:54'),
(962, 13, 99, 'Strawberry Frappe', 'strawberry-frappe', NULL, 6500.00, NULL, 10, 1, '2026-03-14 17:42:54', '2026-03-14 17:42:54'),
(963, 13, 99, 'Banana Frappe', 'banana-frappe', NULL, 6500.00, NULL, 11, 1, '2026-03-14 17:42:54', '2026-03-14 17:42:54'),
(964, 13, 100, 'Man Sauvignon Blanc South Africa', 'man-sauvignon-blanc-south-africa', NULL, 80000.00, NULL, 1, 1, '2026-03-14 17:42:54', '2026-03-14 17:42:54'),
(966, 13, 100, 'Maison Castel', 'maison-castel', '', 70000.00, NULL, 3, 1, '2026-03-14 17:42:54', '2026-05-02 20:15:47'),
(967, 13, 100, 'Riunite Moscato', 'riunite-moscato', '', 60000.00, NULL, 4, 1, '2026-03-14 17:42:54', '2026-03-26 15:50:54'),
(968, 13, 100, 'Protea Pinot Grigio', 'protea-pinot-grigio', NULL, 80000.00, NULL, 5, 1, '2026-03-14 17:42:54', '2026-03-14 17:42:54'),
(969, 13, 100, 'Bosio Moscato Vino Spumante Dolce', 'bosio-moscato-vino-spumante-dolce', '', 70000.00, NULL, 6, 1, '2026-03-14 17:42:54', '2026-03-26 15:52:14'),
(970, 13, 100, 'Klein Constantia Estate Sauvignon', 'klein-constantia-estate-sauvignon', NULL, 80000.00, NULL, 7, 1, '2026-03-14 17:42:54', '2026-03-14 17:42:54'),
(972, 13, 100, 'Protea Sauvignon Blanc', 'protea-sauvignon-blanc', NULL, 70000.00, NULL, 9, 1, '2026-03-14 17:42:54', '2026-03-14 17:42:54'),
(973, 13, 100, 'Protea Chardonnay', 'protea-chardonnay', NULL, 70000.00, NULL, 10, 1, '2026-03-14 17:42:54', '2026-03-14 17:42:54'),
(974, 13, 100, 'Clarington Unwood Chardonnay South Africa', 'clarington-unwood-chardonnay-south-africa', NULL, 90000.00, NULL, 11, 1, '2026-03-14 17:42:54', '2026-03-14 17:42:54'),
(976, 13, 100, 'Paul Cluver Riesling South Africa', 'paul-cluver-riesling-south-africa', NULL, 90000.00, NULL, 13, 1, '2026-03-14 17:42:54', '2026-03-14 17:42:54'),
(977, 13, 100, 'Vodeling Sweet Carolyn', 'vodeling-sweet-carolyn', '', 120000.00, NULL, 14, 1, '2026-03-14 17:42:54', '2026-05-02 20:21:30'),
(978, 13, 101, 'Man Cabernet Sauvignon South Africa', 'man-cabernet-sauvignon-south-africa', NULL, 70000.00, NULL, 1, 1, '2026-03-14 17:42:54', '2026-03-14 17:42:54'),
(979, 13, 101, 'Escudo Rojo', 'escudo-rojo', '', 80000.00, NULL, 2, 1, '2026-03-14 17:42:54', '2026-03-27 07:17:35'),
(980, 13, 101, 'Cooper & Thief', 'cooper-thief', '', 145000.00, NULL, 3, 1, '2026-03-14 17:42:54', '2026-03-27 07:15:18'),
(981, 13, 101, 'Penfolds Father Grand Tawny 10', 'penfolds-father-grand-tawny-10', '', 80000.00, NULL, 4, 1, '2026-03-14 17:42:54', '2026-03-27 07:21:12'),
(985, 13, 101, 'Protea Cabernet Sauvignon', 'protea-cabernet-sauvignon', NULL, 80000.00, NULL, 8, 1, '2026-03-14 17:42:54', '2026-03-14 17:42:54'),
(986, 13, 101, 'Jordan The Prospector South Africa', 'jordan-the-prospector-south-africa', NULL, 150000.00, NULL, 9, 1, '2026-03-14 17:42:54', '2026-03-14 17:42:54'),
(987, 13, 101, 'Chateau Pouyanne France', 'chateau-pouyanne-france', NULL, 10000.00, NULL, 10, 1, '2026-03-14 17:42:54', '2026-03-14 17:42:54'),
(989, 13, 101, 'Saumur Champigny Cabernet Franc France', 'saumur-champigny-cabernet-franc-france', NULL, 70000.00, NULL, 12, 1, '2026-03-14 17:42:54', '2026-03-14 17:42:54'),
(991, 13, 102, 'Painted Wolf The Den Dry Rosé', 'painted-wolf-the-den-dry-rose', NULL, 130000.00, NULL, 2, 1, '2026-03-14 17:42:54', '2026-03-14 17:42:54'),
(992, 13, 103, 'Moet et Chandon Brut Imperial', 'moet-et-chandon-brut-imperial', '', 330000.00, NULL, 1, 1, '2026-03-14 17:42:54', '2026-04-25 12:36:43'),
(993, 13, 103, 'Moet et Chandon Nectar Imperial Rosé', 'moet-et-chandon-nectar-imperial-rose', '', 350000.00, NULL, 2, 1, '2026-03-14 17:42:54', '2026-04-25 12:37:41'),
(994, 13, 103, 'Moet Chandon Ice Imperial', 'moet-chandon-ice-imperial', '', 550000.00, NULL, 3, 1, '2026-03-14 17:42:54', '2026-03-19 15:19:00'),
(995, 13, 103, 'Dom Perignon Vintage Brut', 'dom-perignon-vintage-brut', '', 1400000.00, NULL, 4, 1, '2026-03-14 17:42:54', '2026-04-25 12:39:28'),
(996, 13, 103, 'Dom Perignon Vintage Rosé', 'dom-perignon-vintage-rose', '', 1500000.00, NULL, 5, 1, '2026-03-14 17:42:54', '2026-04-25 12:40:14'),
(997, 13, 103, 'Veuve Clicquot Brut', 'veuve-clicquot-brut', '', 310000.00, NULL, 6, 1, '2026-03-14 17:42:54', '2026-04-28 10:42:29'),
(998, 13, 103, 'Veuve Clicquot Rich', 'veuve-clicquot-rich', '', 445000.00, NULL, 7, 1, '2026-03-14 17:42:54', '2026-04-28 10:43:36'),
(999, 13, 87, 'Heineken 45CL', 'h', '', 5000.00, NULL, 2, 1, '2026-03-18 12:57:01', '2026-03-18 12:57:01'),
(1000, 13, 91, 'Glenfiddich 21 year', 'g', 'Tot 90,000', 1000000.00, NULL, 0, 1, '2026-03-18 13:06:58', '2026-03-26 10:18:37'),
(1001, 13, 91, 'Glenfiddich grand cortes  XXII', 'glenfiddich-grand-cortes-xxii', 'Tot 95,000', 1300000.00, NULL, 0, 1, '2026-03-18 13:08:30', '2026-03-30 11:32:07'),
(1002, 13, 95, 'Embargo  Anejo Bianco', 'e', 'Tot 6,000', 70000.00, NULL, 0, 1, '2026-03-19 13:37:35', '2026-03-26 10:48:46'),
(1005, 13, 95, 'Embargo Anejo Extra', 'embargo-anejo-extra', 'Tot 12,000', 100000.00, NULL, 0, 1, '2026-03-19 13:42:48', '2026-03-26 10:49:33'),
(1006, 13, 97, 'Olmeca Bianco', 'o', 'Tot 7500', 75000.00, NULL, 0, 1, '2026-03-19 13:59:21', '2026-03-30 11:43:06'),
(1007, 13, 97, 'Casamigo Reposado', 'c', 'Tot  25,000', 500000.00, NULL, 0, 1, '2026-03-19 14:14:25', '2026-04-25 12:27:30'),
(1014, 13, 97, 'Aman Rosa Blanco', 'a', 'Tot  28,000', 420000.00, NULL, 0, 1, '2026-03-19 14:24:28', '2026-04-25 12:29:20'),
(1015, 13, 97, 'Don Julio 1942', 'd', 'Tot  70,000', 1000000.00, NULL, 0, 1, '2026-03-19 14:26:31', '2026-03-26 11:35:08'),
(1019, 13, 99, 'Coffee', 'c', '', 6000.00, NULL, 0, 1, '2026-03-19 14:53:12', '2026-03-19 14:53:12'),
(1020, 13, 100, 'Santa Cristina pinot grigio', 's', '', 70000.00, NULL, 0, 1, '2026-03-19 14:56:19', '2026-03-26 15:56:48'),
(1021, 13, 100, 'Diemersdal Cape sauvignon', 'd', '', 70000.00, NULL, 0, 1, '2026-03-19 14:57:50', '2026-03-26 15:59:06'),
(1022, 13, 100, 'Pamille Perrin La Vielle Ferme Blanc', 'p', '', 70000.00, NULL, 0, 1, '2026-03-19 14:59:13', '2026-03-26 15:58:18'),
(1023, 13, 101, 'Santa Cristina Fattoria Le Maestrelle Toscana', 's', '', 80000.00, NULL, 0, 1, '2026-03-19 15:02:28', '2026-03-27 07:14:03'),
(1024, 13, 101, 'Darling Cellar Sweet Red', 'd', '', 70000.00, NULL, 0, 1, '2026-03-19 15:03:17', '2026-03-19 15:03:17'),
(1029, 13, 101, 'Chateau Beausejour Hostens', 'c', '', 80000.00, NULL, 0, 1, '2026-03-19 15:13:10', '2026-03-27 07:10:27'),
(1037, 13, 101, 'Dona Paula Blue Edition', 'dona-paula-blue-edition', 'Dona Paula Blue Edition', 120000.00, NULL, 0, 1, '2026-03-19 16:18:50', '2026-03-19 16:19:59'),
(1038, 13, 101, 'Dona Paula Malbec', 'dona-paula-malbec', '', 120000.00, NULL, 0, 1, '2026-03-19 16:22:04', '2026-03-19 16:22:04'),
(1039, 13, 97, 'Casamigo Anejo', 'casamigo-anejo', 'Tot 30,000', 440000.00, NULL, 0, 1, '2026-03-19 16:23:25', '2026-04-25 12:25:54'),
(1040, 13, 101, 'Swartland Serengeti Sweet Red', 's-2', '', 70000.00, NULL, 0, 1, '2026-03-19 17:04:07', '2026-03-19 17:04:07'),
(1041, 13, 83, 'Chocolate brownie with vanilla ice cream (D) (N)', 'chocolate-brownie-with-vanilla-ice-cream-d-n', 'Tender homemade brownie, made with premium Belgian chocolate, \r\naccompanied with vanilla ice cream drizzled and chocolate sauce', 18000.00, NULL, 0, 1, '2026-03-21 10:40:28', '2026-03-21 10:40:28'),
(1042, 13, 64, 'Smokey Jollof Rice', 's', 'Authentic smoky Jollof rice cooked in a rich tomato and pepper base, served with your choice of protein, crisp coleslaw, and \r\ngolden fried plantain.', 26000.00, NULL, 0, 1, '2026-03-23 13:29:32', '2026-03-23 13:29:32'),
(1043, 13, 71, 'Full Roasted Cat Fish', 'f', 'Whole fresh catfish, expertly marinated and charcoal-roasted to perfection.\r\nServed with fragrant steamed rice, rich atarodo tomato pepper sauce, and your choice of suya-spiced sweet potato or classic \r\nIrish potatoes.', 32000.00, NULL, 0, 1, '2026-03-23 13:33:57', '2026-03-23 13:33:57'),
(1044, 13, 71, 'Mixed Platter', 'm', 'A bold selection of flame - grilled favorites —succulent turkey cuts, whole roasted catfish, grilled tilapia, jumbo prawns, and \r\nspiced beef suya , served with suya - dusted sweet potato wedges or crispy yam chips, accompanied by vibrant atarodo pepper sauce.', 190000.00, NULL, 0, 1, '2026-03-23 13:38:52', '2026-03-23 13:38:52'),
(1045, 13, 82, 'Fish Fillet', 'f', 'Grilled  croaker, served with mashed potatoes and side salad, finished with a lemon butter cream sauce.', 35000.00, NULL, 0, 1, '2026-03-23 13:42:08', '2026-03-23 13:42:08'),
(1046, 13, 82, 'Newburg Croaker with Prawn', 'newburg-croaker-with-prawn-atlantic-seared-croaker-fillet-3-00g-topped-wi', 'Atlantic seared croaker fillet - 3 00g topped with jumbo prawn & matched with cream parmesan mustard sauce mashed potato and seasonal vegetables', 46000.00, NULL, 0, 1, '2026-03-23 13:47:58', '2026-03-23 13:47:58'),
(1047, 13, 82, 'Coriander & Black Pepper Salmon', 'coriander-black-pepper-salmon', '300g  freshwater coriander and black pepper coated grilled Salmon, accompanied by light fish veloute sauce,  mashed potato and seasonal vegetables', 55000.00, NULL, 0, 1, '2026-03-23 13:49:56', '2026-03-23 13:49:56'),
(1048, 13, 82, 'Grilled Prawns', 'g', 'Grilled tiger prawns served with sauté potato and spicy vegetable sauce', 45000.00, NULL, 0, 1, '2026-03-23 13:51:38', '2026-03-23 13:51:38'),
(1049, 13, 104, 'Magarita Pizza', 'magarita-pizza', 'Medium base pizza, topped with delicious pizziola sauce, gratinated mozzarella cheese and oregano', 21000.00, NULL, 0, 1, '2026-03-23 13:55:53', '2026-03-23 13:55:53'),
(1050, 13, 104, 'Quatro Chicken Supreme Pizza', 'quatro-chicken-supreme-pizza', 'BBQ chicken, mixed bell peppers, mushrooms, gratinated mozzarella & feta cheese with oregano', 23500.00, NULL, 0, 1, '2026-03-23 13:57:19', '2026-03-23 13:57:19'),
(1051, 13, 104, 'Cheesy Regina Melt', 'ch-eesy-regina-melt', 'Smoked turkey ham, mushrooms, gratinated mozzarella & gouda cheese with a hint of oregano', 24500.00, NULL, 0, 1, '2026-03-23 13:58:52', '2026-03-23 13:58:52'),
(1052, 13, 104, 'Seafood Alforno Pizza', 'seafood-alforn-o-pizza', 'Shrimps, calamari, octopus, basil, peppers & gratinated mozzarella & gouda cheese with a hint of oregano', 24500.00, NULL, 0, 1, '2026-03-23 14:00:18', '2026-03-23 14:00:18'),
(1053, 13, 78, 'Spicy Penne Arabiatta', 'spicy-penne-arabiatta', 'Penne, mixed bell peppers, onion & garlic tossed \r\nin chili pepper sauce, served with gratinated French bread & parmesan cheese', 28500.00, NULL, 0, 1, '2026-03-23 14:09:28', '2026-03-23 14:09:28'),
(1054, 13, 78, 'Spaghetti Con Ragout', 'spaghetti-con-ragout', 'Bolognaise sauce infused spaghetti with gratinated French bread & parmesan cheese', 28500.00, NULL, 0, 1, '2026-03-23 14:11:02', '2026-03-23 14:11:02'),
(1055, 13, 78, 'Creamy Cheesy Chicken Alforno', 'creamy-cheesy-chicken-alforno', 'Your choice of penne, spaghetti or farfalle, tender sautéed chicken, cooked in creamy cheesy garlic sauce, gratinated with French bread & parmesan cheese', 30000.00, NULL, 0, 1, '2026-03-23 14:12:14', '2026-03-23 14:12:14'),
(1056, 13, 68, 'Pepper Soup', 'pepper-soup', 'Goat meat,  Mixed meat, chicken or croaker ,  pepper soup of the day, served with cocktail roll with butter', 15000.00, NULL, 0, 1, '2026-03-23 14:19:00', '2026-03-23 14:19:00'),
(1057, 13, 68, 'Continental Soup of the Day', 'continental-soup-of-the-day-2', 'Pumpkin soup, served with cocktail roll with butter', 15000.00, NULL, 1, 1, '2026-03-23 14:22:24', '2026-03-26 09:27:44'),
(1058, 13, 75, 'Smoked Salmon Rosette', 'sm-oked-salmon-rosette', 'Smoked salmon rosette with coddled egg, garden salad, smooth cream cheese, French dressing capers and red onion with a hint of lemon', 28000.00, NULL, 3, 1, '2026-03-23 14:25:05', '2026-03-27 13:19:48'),
(1059, 13, 75, 'Spicy Chicken Wings', 'spicy-chicken-wings', 'Coated fried spicy chicken wings served with sweet potato.', 20000.00, NULL, 5, 1, '2026-03-23 14:26:14', '2026-03-27 13:19:11'),
(1060, 13, 68, 'Whole Cat Fish Pepper Soup', 'w', 'Whole fresh catfish cooked to perfection served with fragrant steamed rice, \r\nrich atarodo tomato pepper sauce, and your choice of suya-spiced sweet potato or classic Irish potatoes', 32000.00, NULL, 2, 1, '2026-03-26 09:22:54', '2026-03-26 09:28:31'),
(1061, 13, 105, 'Lusso Club Sandwich', 'lusso-club-sandwich', 'Double decker with chicken & turkey ham, fried eggs, lettuce tomato, pickles, mayonnaise spread & mozzarella cheese \r\naccompanied with fries and homemade coleslaw', 28000.00, NULL, 0, 1, '2026-03-26 09:40:56', '2026-03-26 09:40:56'),
(1062, 13, 106, 'The Giant Burger', 'the-giant-burger', 'Signature beef patty with back bacon, lettuce, tomato, coated onions, gherkins, mustard mayo, gratinated mozzarella &\r\nsesame bun.', 32000.00, '69e27433b76cc.webp', 0, 1, '2026-03-26 09:43:02', '2026-04-17 17:56:03'),
(1063, 13, 84, 'Voss', 'v', '', 10000.00, NULL, 1, 1, '2026-03-26 10:08:34', '2026-03-26 10:08:34'),
(1064, 13, 94, 'Sky Vodka Infusion Raspberry', 'sky-vodka-infusion-raspberry', 'Tot  6000', 70000.00, NULL, 0, 1, '2026-03-26 10:47:07', '2026-03-26 10:47:07'),
(1065, 13, 97, 'Don Julio Reposado', 'don-julio-reposado', 'Tot  30000', 550000.00, NULL, 0, 1, '2026-03-26 11:22:58', '2026-03-26 11:22:58'),
(1066, 13, 101, 'La Vielle Ferme', 'l', '', 80000.00, NULL, 0, 1, '2026-03-27 07:29:14', '2026-03-27 07:29:14'),
(1067, 13, 101, 'Darling Cellar Sweet Red', 'd-2', '', 70000.00, NULL, 0, 1, '2026-03-27 12:48:38', '2026-03-27 12:48:38'),
(1068, 13, 97, 'El Padrino De Ni Tierra Anejo', 'e', 'Tot  28000', 400000.00, NULL, 0, 1, '2026-03-30 11:59:04', '2026-03-30 11:59:04'),
(1069, 13, 112, 'Arabian Tea Large', 'a', 'Small = 16,500', 23500.00, NULL, 0, 1, '2026-04-02 13:52:25', '2026-05-02 19:59:04'),
(1070, 13, 112, 'Moringa Tea', 'm', '', 8000.00, NULL, 0, 1, '2026-04-02 13:53:13', '2026-04-02 13:53:13'),
(1071, 13, 112, 'Hibiscus Tea', 'h', '', 15000.00, NULL, 0, 1, '2026-04-02 13:53:38', '2026-05-02 20:02:45'),
(1072, 13, 112, 'Hibiscus & Moringa Tea', 'h-2', '', 15000.00, NULL, 0, 1, '2026-04-02 13:54:28', '2026-05-02 20:01:54'),
(1073, 13, 112, 'Herbal Infused Tea', 'h-3', '', 15000.00, NULL, 0, 1, '2026-04-02 13:56:12', '2026-05-02 20:01:09'),
(1074, 13, 82, 'Jumbo Prawns', 'j', '', 55000.00, NULL, 0, 1, '2026-04-22 11:19:09', '2026-04-22 11:19:09'),
(1075, 13, 101, 'Nederburg Merlot', 'n', '', 90000.00, NULL, 0, 1, '2026-04-22 11:24:50', '2026-04-22 11:24:50'),
(1076, 13, 101, 'Nederburg Cab Sauvignon', 'n-2', '', 90000.00, NULL, 0, 1, '2026-04-22 11:43:40', '2026-04-22 11:43:40'),
(1077, 13, 101, 'La Fiole Chateanuf Du Pape', 'l-2', '', 160000.00, NULL, 0, 1, '2026-04-22 11:45:45', '2026-04-22 11:45:45'),
(1078, 13, 101, 'Sand Stone', 's-3', '', 90000.00, NULL, 0, 1, '2026-04-22 11:52:20', '2026-04-22 11:52:20'),
(1079, 13, 115, 'Cosmopolitan', 'c', 'vodka,, tripple sec, fresh squeeze lime juice, cranberry juice', 22500.00, NULL, 0, 1, '2026-04-22 14:39:25', '2026-05-02 20:04:13'),
(1080, 13, 115, 'Planter\'s Island', 'p', 'dark rum, orange juice, pineapple juice, lemon, grenadine syrup', 18500.00, NULL, 0, 1, '2026-04-22 14:41:25', '2026-05-02 20:07:46'),
(1081, 13, 115, 'Pina colada', 'p-2', 'white rum, coconut cream, fresh pineapple juice, coconut rum', 22500.00, NULL, 0, 1, '2026-04-22 15:17:52', '2026-05-02 20:06:33'),
(1082, 13, 115, 'Mojito', 'm', 'white rum,  mint leaves, fresh squeeze lime juice, simple syrup, soda water', 22500.00, NULL, 0, 1, '2026-04-22 15:20:01', '2026-05-02 20:06:04'),
(1083, 13, 115, 'Long Island Ice Tea', 'l', 'tequila, gin, bacardi , vodka, tripple sec, coke', 23000.00, NULL, 0, 1, '2026-04-22 15:23:01', '2026-05-02 20:05:28'),
(1084, 13, 115, 'Whiskey Sour', 'w', 'bourbon whiskey, egg white( optional),sugar syrup, lemon juice', 18500.00, NULL, 0, 1, '2026-04-22 15:37:48', '2026-05-02 20:07:11'),
(1085, 13, 115, 'White Russian', 'w-2', 'vodka, kahlua, cream', 18500.00, NULL, 0, 1, '2026-04-22 15:58:44', '2026-05-02 20:08:51'),
(1086, 13, 117, 'Chapman', 'c', 'fanta, sprite, orange juice, bitter lemon, grenadine , angostura', 6500.00, NULL, 0, 1, '2026-04-22 16:03:58', '2026-04-22 16:03:58'),
(1087, 13, 117, 'Virgin Colada', 'v', 'fresh pineapple juice, coconut cream, whip cream', 6500.00, NULL, 0, 1, '2026-04-22 17:03:54', '2026-04-22 17:03:54'),
(1088, 13, 117, 'Virgin Mojito', 'v-2', 'mint leaves, soda water, simple syrup, sprite , lime', 6500.00, NULL, 0, 1, '2026-04-22 17:05:26', '2026-04-22 17:05:26'),
(1089, 13, 117, 'Blue Sky', 'b', 'vanilla ice cream, sprite, blue curacao, egg white optional', 6500.00, NULL, 0, 1, '2026-04-22 17:06:43', '2026-04-22 17:06:43'),
(1090, 13, 117, 'couples Delight', 'c-2', 'pineapple juice, apple juice, orange juice , passion fruit', 6500.00, NULL, 0, 1, '2026-04-22 17:09:38', '2026-04-22 17:09:38'),
(1091, 13, 117, 'Cranberry Cooler', 'c-3', 'cranberry juice, grenadine , cream', 6500.00, NULL, 0, 1, '2026-04-22 17:11:24', '2026-04-22 17:11:24'),
(1092, 13, 97, 'Casamigo Reposado 100cl', 'c-2', '', 600000.00, NULL, 0, 1, '2026-04-25 12:24:39', '2026-04-25 12:24:39'),
(1093, 13, 97, 'Aman Anejo', 'a-2', '', 750000.00, NULL, 0, 1, '2026-04-25 12:30:29', '2026-04-25 12:30:29'),
(1094, 13, 103, 'Don Perignon Luminous', 'd', '', 1500000.00, NULL, 0, 1, '2026-04-25 12:43:22', '2026-04-25 12:43:22'),
(1095, 13, 103, 'Louis  Roederer Cristal', 'l', '', 1500000.00, NULL, 0, 1, '2026-04-25 12:45:58', '2026-04-25 12:45:58'),
(1096, 13, 126, 'Martinellis', 'm', '', 50000.00, NULL, 0, 1, '2026-04-25 13:05:23', '2026-04-25 13:05:23'),
(1097, 13, 91, 'Glenfiddich 16 Years', 'glenfiddich-grand-cortes-xxii-2', '', 320000.00, NULL, 0, 1, '2026-04-25 13:08:27', '2026-04-25 13:08:27'),
(1098, 13, 71, 'Ribeye Steak', 'r', '', 62000.00, NULL, 0, 1, '2026-04-25 13:15:18', '2026-04-25 13:15:18'),
(1099, 13, 71, 'T bone Steak', 't', '', 65000.00, NULL, 0, 1, '2026-04-25 13:16:23', '2026-04-25 13:16:23'),
(1100, 13, 103, 'Veuve Clicquot Rich Rose', 'v', '', 450000.00, NULL, 8, 1, '2026-04-28 10:45:52', '2026-04-28 10:46:39'),
(1101, 13, 96, 'Remy Martin VS', 'r', 'Tot  10,000', 160000.00, NULL, 0, 1, '2026-04-28 11:34:16', '2026-04-28 11:34:16'),
(1102, 13, 91, 'Glenfiddich 18 year Limited Edition', 'glenfiddich-21-year', 'Tot 31,000', 390000.00, NULL, 0, 1, '2026-04-28 11:56:53', '2026-04-28 11:56:53'),
(1103, 13, 93, 'Wild Turkey 101', 'w', 'Tot 9,000', 90000.00, NULL, 0, 1, '2026-04-28 12:17:38', '2026-04-28 12:17:38'),
(1104, 13, 115, 'Margarita', 'm-2', '', 18500.00, NULL, 0, 1, '2026-05-02 20:14:11', '2026-05-02 20:14:11'),
(1105, 13, 100, 'Friends and Family white wine', 'f', '', 35000.00, NULL, 0, 1, '2026-05-02 20:20:05', '2026-05-02 20:20:05'),
(1106, 13, 100, 'Chateau Vartely muscat', 'c', '', 70000.00, NULL, 0, 1, '2026-05-02 20:22:59', '2026-05-02 20:22:59'),
(1107, 13, 115, 'Pornstar Martini', 'o', '', 18500.00, NULL, 0, 1, '2026-05-03 17:58:31', '2026-05-03 17:58:31'),
(1108, 13, 102, 'Friends and Family Rose wine', 'f', 'Glass = 10,000', 35000.00, NULL, 0, 1, '2026-05-04 11:39:46', '2026-05-04 11:39:46'),
(1109, 13, 102, 'Vartely Chateau Rose', 'v', 'Glass = 13,000', 55000.00, NULL, 0, 1, '2026-05-04 11:42:14', '2026-05-04 11:42:14'),
(1110, 19, 129, 'ENGLISH BREAKFAST', 'english-breakfast', 'Eggs (scrambled, fried, boiled or omelet), chicken sausage, Pork bacon, hash brown potato, grilled tomato, baked beans, mushrooms, tomatoes, & brioche toast', 26000.00, NULL, 0, 1, '2026-05-06 00:57:05', '2026-05-06 00:57:35'),
(1111, 19, 129, 'NIGERIAN BREAKFAST', 'nigerian-breakfast', 'Egg sauce cooked your way, Boiled yam or Plantain basket with Nigerian style beans cooked in a tomato sauce and served with a side of chicken sausage', 19400.00, NULL, 0, 1, '2026-05-06 00:58:54', '2026-05-06 00:58:54'),
(1112, 19, 129, 'ENERGY BREAKFAST', 'energy-breakfast', 'Fresh yogurt, an assortment of berries, a banana, and dry almonds served with honey', 13000.00, NULL, 0, 1, '2026-05-06 01:00:38', '2026-05-06 01:00:38'),
(1113, 19, 130, 'MAPLE SYRUP', 'maple-syrup', '3 buttermilk pancakes, maple syrup, fruits, and caramel sauce.', 8600.00, NULL, 0, 1, '2026-05-06 01:04:08', '2026-05-06 01:04:08'),
(1114, 19, 130, 'CHOCOLATE BANANA', 'chocolate-banana', '3 Buttermilk pancake, Nutella chocolate spread, banana, roasted hazelnuts.', 13500.00, NULL, 0, 1, '2026-05-06 01:06:41', '2026-05-06 01:06:41'),
(1115, 19, 130, 'BREAKFAST SANDWISH', 'breakfast-sandwish', '3 buttermilk pancake, Chicken sausage, cheddar cheese, bacon, scrambled egg.', 16000.00, NULL, 0, 1, '2026-05-06 01:38:39', '2026-05-06 01:38:39'),
(1116, 19, 130, 'LITE BUTTERMILK', 'lite-buttermilk', '1 buttermilk pancake, chicken sausage, bacon, scrambled egg, mixed cheese, side salad served with balsamic vinegar sauce & maple syrup', 17000.00, NULL, 0, 1, '2026-05-06 01:40:31', '2026-05-06 01:40:31'),
(1117, 19, 131, 'PLAIN', 'plain', 'Crispy waffle dusted with icing sugar, served with caramel', 5900.00, NULL, 0, 1, '2026-05-06 01:56:04', '2026-05-06 01:56:04'),
(1118, 19, 131, 'BERRIES AND VANILLA ICE CREAM', 'berries-and-vanilla-ice-cream', 'Homemade crispy waffle, assorted berries served with a scoop of vanilla ice cream and chocolate sauce,', 15000.00, NULL, 0, 1, '2026-05-06 01:56:41', '2026-05-06 01:56:41'),
(1119, 19, 131, 'CHOCOLATE BANANA', 'chocolate-banana', 'Homemade crispy waffle, banana, Nutella chocolate, whipped cream, and caramel', 13500.00, NULL, 0, 1, '2026-05-06 01:57:40', '2026-05-06 01:57:40'),
(1120, 19, 131, 'CHICKEN AND WAFFLE SANDWISH', 'chicken-and-waffle-sandwish', 'Homemade crispy waffle topped with crispy fried chicken breast served with secret sauce', 12000.00, NULL, 0, 1, '2026-05-06 01:58:26', '2026-05-06 01:58:26'),
(1121, 19, 131, 'Waffle and egg', 'waffle-and-egg', 'Homemade crispy waffle topped with scrambled eggs', 14900.00, NULL, 0, 1, '2026-05-06 01:59:24', '2026-05-06 01:59:24'),
(1122, 19, 132, 'CLASSIC BENEDICT', 'classic-benedict', 'Served with hollandaise sauce', 10000.00, NULL, 0, 1, '2026-05-06 02:00:32', '2026-05-06 02:00:32'),
(1123, 19, 132, 'SPANISH OMELET', 'spanish-omelet', 'Onions, tomato, green pepper, spring onions, brioche toast, and butter', 13500.00, NULL, 0, 1, '2026-05-06 02:02:16', '2026-05-06 02:02:16'),
(1124, 19, 132, 'OMELET NATURE', 'omelet-nature', '', 9000.00, NULL, 0, 1, '2026-05-06 02:02:51', '2026-05-06 02:02:51'),
(1125, 19, 132, 'SUNNY SIDE UP', 'sunny-side-up', '', 9000.00, NULL, 0, 1, '2026-05-06 02:03:11', '2026-05-06 02:03:11'),
(1126, 19, 132, 'SCRAMBLED', 'scrambled', '', 9000.00, NULL, 0, 1, '2026-05-06 02:04:33', '2026-05-06 02:04:33'),
(1127, 19, 133, 'CRISPY CHICKEN WINGS', 'crispy-chicken-wings', 'Seasoned deep-fried chicken wings, fried and served with your choice of BBQ or chili sauce.', 17000.00, NULL, 0, 1, '2026-05-06 02:06:18', '2026-05-06 02:06:18'),
(1128, 4, 144, 'Hunter\'s Soup', 'hunters-soup', 'Goat Meat Chunks, Herbs, Yam Balls', 12500.00, NULL, 1, 1, '2026-05-13 01:27:51', '2026-05-13 01:27:51'),
(1129, 4, 144, 'Seafood Skillet', 'seafood-skillet', 'Mixed Seafood, Eggs, Bell Peppers, Mozzarella Cheese, Marinara Sauce, Agege French Toast', 13500.00, NULL, 2, 1, '2026-05-13 01:27:51', '2026-05-13 01:27:51'),
(1130, 4, 144, 'Beef Sliders', 'beef-sliders', 'Bun, Beef Patties, Lettuce, Tomatoes, Caramelized Onions, Mozzarella Cheese', 15000.00, NULL, 3, 1, '2026-05-13 01:27:51', '2026-05-13 01:27:51'),
(1131, 4, 144, 'Spicy Glazed Lamb Ribs', 'spicy-glazed-lamb-ribs', 'Braised Lamb Ribs, Pickled Shombo, Hoisin Sauce, Sesame Seeds, Petite Salad', 19900.00, NULL, 4, 1, '2026-05-13 01:27:51', '2026-05-13 01:27:51'),
(1132, 4, 144, 'Damgonama Rolls', 'damgonama-rolls', 'Dried Pulled Beef, Cabbage, Bell Peppers, Chili Flakes, Peppered Jam', 10000.00, NULL, 5, 1, '2026-05-13 01:27:51', '2026-05-13 01:27:51'),
(1133, 4, 144, 'Peanut Crusted Suya', 'peanut-crusted-suya', 'Torzo, Chicken Breast, Crushed Peanuts, Yaji, Tomatoes, Onions', 12900.00, NULL, 6, 1, '2026-05-13 01:27:51', '2026-05-13 01:27:51'),
(1134, 4, 144, 'Stuffed Chicken Caesar Salad', 'stuffed-chicken-caesar-salad', 'Chicken Breast, Parmesan Croutons, Iceberg Lettuce, Cherry Tomatoes, Salad Dressing', 19900.00, NULL, 7, 1, '2026-05-13 01:27:51', '2026-05-13 01:27:51'),
(1135, 4, 144, 'Spicy Snails Basket', 'spicy-snails-basket', 'Peppered Snails, Paprika Boli, Iyamase Sauce', 25000.00, NULL, 8, 1, '2026-05-13 01:27:51', '2026-05-13 01:27:51'),
(1136, 4, 144, 'Mixed Meat Taco', 'mixed-meat-taco', 'Brisket, Tortilla, Tomato Salsa, Cucumber Yoghurt Drizzle', 12900.00, NULL, 9, 1, '2026-05-13 01:27:51', '2026-05-13 01:27:51'),
(1137, 4, 144, 'Let\'s Wings It... Chicken Lollipops', 'lets-wings-it-chicken-lollipops', 'Tomato Base, Mushrooms, Caramelized Onions, Cheese. Choice of Sauce: Orange Cumin • Honey Mustard • BBQ Peanut • Lemon Garlic Parmesan • Chilli Sauce • Plain', 14900.00, NULL, 10, 1, '2026-05-13 01:27:51', '2026-05-13 01:27:51'),
(1138, 4, 145, 'Brown Butter Salmon', 'brown-butter-salmon', 'Grilled Salmon, Sweet Potato Fingers, Seasonal Vegetables, Beurre Blanc', 49000.00, NULL, 1, 1, '2026-05-13 01:27:51', '2026-05-13 01:27:51'),
(1139, 4, 145, 'Seafood Pasta', 'seafood-pasta', 'Creamy Seafood Mix, Linguine, Tomatoes, Herbs, Pesto Baguette', 43750.00, NULL, 2, 1, '2026-05-13 01:27:51', '2026-05-13 01:27:51'),
(1140, 4, 145, 'Beef Burger', 'beef-burger', 'Beef Pattie, Lettuce, Fried Egg, Caramelized Onions, Spicy Burger Sauce', 22500.00, NULL, 3, 1, '2026-05-13 01:27:51', '2026-05-13 01:27:51'),
(1141, 4, 145, 'Smoked Short Rib Pasta', 'smoked-short-rib-pasta', 'Short Ribs, Rigatoni, Ragu, Herbs, Mushrooms', 34990.00, NULL, 4, 1, '2026-05-13 01:27:51', '2026-05-13 01:27:51'),
(1142, 4, 145, 'Smoked Chicken Tagliatelle', 'smoked-chicken-tagliatelle', 'Chicken, Macon, Tagliatelle Pasta, Cream, Kale, Peas, Sundried Tomatoes', 29900.00, NULL, 5, 1, '2026-05-13 01:27:51', '2026-05-13 01:27:51'),
(1143, 4, 145, 'Grilled Baby Chicken', 'grilled-baby-chicken', 'Baby Chicken, Oxtail Fried Rice, Potato Crisps, Caramelized Onions, Chili Sauce', 39000.00, NULL, 6, 1, '2026-05-13 01:27:51', '2026-05-13 01:27:51'),
(1144, 4, 145, '700G Grilled Tomahawk Steak (Feeds 2)', '700g-grilled-tomahawk-steak', 'Tomahawk Steak, Oxtail Fried Rice, Seasonal Vegetables, Carrot Puree, Peppercorn Sauce', 90000.00, NULL, 7, 1, '2026-05-13 01:27:51', '2026-05-13 01:27:51'),
(1145, 4, 145, 'Sirloin with Marrow Butter', 'sirloin-with-marrow-butter', '250g Sirloin, Mash Potatoes, Seasonal Vegetables, Carrot Puree, Marrow Butter', 48500.00, NULL, 8, 1, '2026-05-13 01:27:51', '2026-05-13 01:27:51'),
(1146, 4, 145, 'Herb Crusted Lamb Chops', 'herb-crusted-lamb-chops', '450g French Trimmed Cutlets, Oxtail Rice, Seasonal Vegetables. Options: Grilled / Herb-Crusted', 58500.00, NULL, 9, 1, '2026-05-13 01:27:51', '2026-05-13 01:27:51'),
(1147, 4, 145, 'Pan Seared Chicken', 'pan-seared-chicken', 'Grilled Chicken, Sauteed Potatoes, Creamed Corn, Chicken Gravy', 29900.00, NULL, 10, 1, '2026-05-13 01:27:51', '2026-05-13 01:27:51'),
(1148, 4, 145, 'Peri-Peri Jumbo Prawns', 'peri-peri-jumbo-prawns', 'Chargrilled Jumbo Prawns, Shredded Beef, Salsa, Kelewele, Jollof Rice', 45750.00, NULL, 11, 1, '2026-05-13 01:27:51', '2026-05-13 01:27:51'),
(1149, 4, 146, 'Meat Nostalgia', 'meat-nostalgia', 'Braised Short Ribs, Pineapple Chicken Drumsticks, Pulled Brisket Taquitos, Whisky Beef Sliders, Mixed Tubers, Oxtail Fried Rice', 69000.00, NULL, 1, 1, '2026-05-13 01:27:51', '2026-05-13 01:27:51'),
(1150, 4, 146, 'Nostalgia Seafood Sail', 'nostalgia-seafood-sail', 'XXL Croaker, Jumbo Prawns, Baby Calamari, Shrimp Rolls, Curry Snails, Kelewele, Fries', 79500.00, NULL, 2, 1, '2026-05-13 01:27:51', '2026-05-13 01:27:51'),
(1151, 4, 146, 'Smoked Guinea Fowl', 'smoked-guinea-fowl', 'Smoked Guinea Fowl, Sweet Potato Wedges, Corn Ribs, Green Salad', 42000.00, NULL, 3, 1, '2026-05-13 01:27:51', '2026-05-13 01:27:51'),
(1152, 4, 147, 'Chicken & Prawns Caesar Salad', 'chicken-prawns-caesar-salad', 'Jumbo Prawns, Chicken Breast, Iceberg Lettuce, Croutons, Egg, Parmesan Cheese, Caesar Dressing', 33900.00, NULL, 1, 1, '2026-05-13 01:27:51', '2026-05-13 01:27:51'),
(1153, 4, 147, 'Italian Chopped Salad', 'italian-chopped-salad', 'Turkey Ham, Iceberg Lettuce, Feta Cheese, Cherry Tomatoes, Sweet Corn, Olives', 15000.00, NULL, 2, 1, '2026-05-13 01:27:51', '2026-05-13 01:27:51'),
(1154, 4, 147, 'Prawns Salad', 'prawns-salad', 'Jumbo Prawns, Iceberg Lettuce, Croutons, Egg, Parmesan Cheese, Caesar Dressing', 29900.00, NULL, 3, 1, '2026-05-13 01:27:51', '2026-05-13 01:27:51');
INSERT INTO `menu_items` (`id`, `restaurant_id`, `category_id`, `name`, `slug`, `description`, `price`, `image`, `display_order`, `is_available`, `created_at`, `updated_at`) VALUES
(1155, 4, 147, 'Chicken Caesar Salad', 'chicken-caesar-salad', 'Chicken Breast, Iceberg Lettuce, Croutons, Egg, Parmesan Cheese, Caesar Dressing', 24900.00, NULL, 4, 1, '2026-05-13 01:27:51', '2026-05-13 01:27:51'),
(1156, 4, 148, 'Jollof Rice', 'jollof-rice', NULL, 6000.00, NULL, 1, 1, '2026-05-13 01:27:51', '2026-05-13 01:27:51'),
(1157, 4, 148, 'Oxtail Fried Rice', 'oxtail-fried-rice', NULL, 6900.00, NULL, 2, 1, '2026-05-13 01:27:51', '2026-05-13 01:27:51'),
(1158, 4, 148, 'Kelewele', 'kelewele', NULL, 5000.00, NULL, 3, 1, '2026-05-13 01:27:51', '2026-05-13 01:27:51'),
(1159, 4, 148, 'Mixed Tubers', 'mixed-tubers', NULL, 3900.00, NULL, 4, 1, '2026-05-13 01:27:51', '2026-05-13 01:27:51'),
(1160, 4, 148, 'Mash Potatoes', 'mash-potatoes', NULL, 4500.00, NULL, 5, 1, '2026-05-13 01:27:51', '2026-05-13 01:27:51'),
(1161, 4, 148, 'French Fries', 'french-fries', NULL, 4500.00, NULL, 6, 1, '2026-05-13 01:27:51', '2026-05-13 01:27:51'),
(1162, 4, 148, 'Seasonal Vegetables', 'seasonal-vegetables', NULL, 3500.00, NULL, 7, 1, '2026-05-13 01:27:51', '2026-05-13 01:27:51'),
(1163, 4, 148, 'Prawns', 'prawns-side', NULL, 26800.00, NULL, 8, 1, '2026-05-13 01:27:51', '2026-05-13 01:27:51'),
(1164, 4, 149, 'Bailey Brownie', 'bailey-brownie', 'Baileys Irish Liqueur, Espresso Powder, Truffle Chocolate Cake', 9500.00, NULL, 1, 1, '2026-05-13 01:27:51', '2026-05-13 01:27:51'),
(1165, 4, 149, 'Apple Pie', 'apple-pie', 'Baked Apples, Lemon Butter, Short Crust Pie', 9500.00, NULL, 2, 1, '2026-05-13 01:27:51', '2026-05-13 01:27:51'),
(1166, 4, 149, 'Jamaican Rum Cake', 'jamaican-rum-cake', 'Candied Fruit, Rum, Moist Brown Sponge', 9500.00, NULL, 3, 1, '2026-05-13 01:27:51', '2026-05-13 01:27:51'),
(1167, 4, 150, 'Cristal Louis Roederer', 'cristal-louis-roederer', NULL, 1159200.00, NULL, 1, 1, '2026-05-13 01:27:51', '2026-05-13 01:27:51'),
(1168, 4, 150, 'Cristal Magnum', 'cristal-magnum', NULL, 2600000.00, NULL, 2, 1, '2026-05-13 01:27:51', '2026-05-13 01:27:51'),
(1169, 4, 150, 'Dom Pérignon Brut', 'dom-perignon-brut', NULL, 1034000.00, NULL, 3, 1, '2026-05-13 01:27:51', '2026-05-13 01:27:51'),
(1170, 4, 150, 'Ace of Spades Brut', 'ace-of-spades-brut', NULL, 1140000.00, NULL, 4, 1, '2026-05-13 01:27:51', '2026-05-13 01:27:51'),
(1171, 4, 150, 'Moët Brut Imperial', 'moet-brut-imperial', NULL, 290000.00, NULL, 5, 1, '2026-05-13 01:27:51', '2026-05-13 01:27:51'),
(1172, 4, 150, 'Moët Nectar Imperial Rosé', 'moet-nectar-imperial-rose', NULL, 350000.00, NULL, 6, 1, '2026-05-13 01:27:51', '2026-05-13 01:27:51'),
(1173, 4, 150, 'Veuve Clicquot Brut', 'veuve-clicquot-brut', NULL, 299000.00, NULL, 7, 1, '2026-05-13 01:27:51', '2026-05-13 01:27:51'),
(1174, 4, 150, 'Veuve Clicquot Rich', 'veuve-clicquot-rich', NULL, 450000.00, NULL, 8, 1, '2026-05-13 01:27:51', '2026-05-13 01:27:51'),
(1175, 4, 151, 'Hennessy Paradis', 'hennessy-paradis', NULL, 2875000.00, NULL, 1, 1, '2026-05-13 01:27:51', '2026-05-13 01:27:51'),
(1176, 4, 151, 'Hennessy XO', 'hennessy-xo', NULL, 990000.00, NULL, 2, 1, '2026-05-13 01:27:51', '2026-05-13 01:27:51'),
(1177, 4, 151, 'Hennessy VSOP', 'hennessy-vsop', NULL, 296000.00, NULL, 3, 1, '2026-05-13 01:27:51', '2026-05-13 01:27:51'),
(1178, 4, 151, 'Martell Blue Swift', 'martell-blue-swift', NULL, 270000.00, NULL, 4, 1, '2026-05-13 01:27:51', '2026-05-13 01:27:51'),
(1179, 4, 151, 'Martell XO', 'martell-xo', NULL, 790000.00, NULL, 5, 1, '2026-05-13 01:27:51', '2026-05-13 01:27:51'),
(1180, 4, 151, 'Cognac Shot', 'cognac-shot', NULL, 7000.00, NULL, 6, 1, '2026-05-13 01:27:51', '2026-05-13 01:27:51'),
(1181, 4, 152, 'Glenfiddich 18', 'glenfiddich-18', NULL, 350000.00, NULL, 1, 1, '2026-05-13 01:27:51', '2026-05-13 01:27:51'),
(1182, 4, 152, 'Glenfiddich 21', 'glenfiddich-21', NULL, 850500.00, NULL, 2, 1, '2026-05-13 01:27:51', '2026-05-13 01:27:51'),
(1183, 4, 152, 'Glenfiddich 23', 'glenfiddich-23', NULL, 1250000.00, NULL, 3, 1, '2026-05-13 01:27:51', '2026-05-13 01:27:51'),
(1184, 4, 152, 'Glenfiddich 26', 'glenfiddich-26', NULL, 1825000.00, NULL, 4, 1, '2026-05-13 01:27:51', '2026-05-13 01:27:51'),
(1185, 4, 152, 'Glenfiddich 30', 'glenfiddich-30', NULL, 7000000.00, NULL, 5, 1, '2026-05-13 01:27:51', '2026-05-13 01:27:51'),
(1186, 4, 152, 'Macallan Rare Cask', 'macallan-rare-cask', NULL, 389500.00, NULL, 6, 1, '2026-05-13 01:27:51', '2026-05-13 01:27:51'),
(1187, 4, 152, 'Jameson Black Barrel', 'jameson-black-barrel', NULL, 195000.00, NULL, 7, 1, '2026-05-13 01:27:51', '2026-05-13 01:27:51'),
(1188, 4, 152, 'Whiskey Shot', 'whiskey-shot', NULL, 7000.00, NULL, 8, 1, '2026-05-13 01:27:51', '2026-05-13 01:27:51'),
(1189, 4, 153, 'Don Julio 1942', 'don-julio-1942', NULL, 999000.00, NULL, 1, 1, '2026-05-13 01:27:51', '2026-05-13 01:27:51'),
(1190, 4, 153, 'Clase Azul Reposado', 'clase-azul-reposado', NULL, 950000.00, NULL, 2, 1, '2026-05-13 01:27:51', '2026-05-13 01:27:51'),
(1191, 4, 153, 'Patron Silver', 'patron-silver', NULL, 199000.00, NULL, 3, 1, '2026-05-13 01:27:51', '2026-05-13 01:27:51'),
(1192, 4, 153, 'Adictivo Tequila Extra Añejo', 'adictivo-tequila-extra-anejo', NULL, 750000.00, NULL, 4, 1, '2026-05-13 01:27:51', '2026-05-13 01:27:51'),
(1193, 4, 153, 'Casamigos Reposado', 'casamigos-reposado', NULL, 485000.00, NULL, 5, 1, '2026-05-13 01:27:51', '2026-05-13 01:27:51'),
(1194, 4, 153, 'Tequila Shot', 'tequila-shot', NULL, 6500.00, NULL, 6, 1, '2026-05-13 01:27:51', '2026-05-13 01:27:51'),
(1195, 4, 154, 'Hendrick\'s', 'hendricks', NULL, 169000.00, NULL, 1, 1, '2026-05-13 01:27:51', '2026-05-13 01:27:51'),
(1196, 4, 154, 'Bombay Sapphire', 'bombay-sapphire', NULL, 100000.00, NULL, 2, 1, '2026-05-13 01:27:51', '2026-05-13 01:27:51'),
(1197, 4, 154, 'Tonino Lamborghini Gin', 'tonino-lamborghini-gin', NULL, 189000.00, NULL, 3, 1, '2026-05-13 01:27:51', '2026-05-13 01:27:51'),
(1198, 4, 154, 'Gin Shot', 'gin-shot', NULL, 7000.00, NULL, 4, 1, '2026-05-13 01:27:51', '2026-05-13 01:27:51'),
(1199, 4, 155, 'Baileys', 'baileys', NULL, 90000.00, NULL, 1, 1, '2026-05-13 01:27:51', '2026-05-13 01:27:51'),
(1200, 4, 156, 'Campari', 'campari', NULL, 95000.00, NULL, 1, 1, '2026-05-13 01:27:51', '2026-05-13 01:27:51'),
(1201, 4, 157, 'Bumbu', 'bumbu', NULL, 85500.00, NULL, 1, 1, '2026-05-13 01:27:51', '2026-05-13 01:27:51'),
(1202, 4, 158, 'Château Vartely Sweet Red Wine', 'chateau-vartely-sweet-red-wine', NULL, 90000.00, NULL, 1, 1, '2026-05-13 01:27:51', '2026-05-13 01:27:51'),
(1203, 4, 158, 'Amabile Di Rosa Sweet White', 'amabile-di-rosa-sweet-white-red', NULL, 85000.00, NULL, 2, 1, '2026-05-13 01:27:51', '2026-05-13 01:27:51'),
(1204, 4, 158, 'Shannon Mount Bullet Merlot', 'shannon-mount-bullet-merlot', NULL, 230900.00, NULL, 3, 1, '2026-05-13 01:27:51', '2026-05-13 01:27:51'),
(1205, 4, 158, 'Santa Rita 3 Medallas', 'santa-rita-3-medallas-red', NULL, 51000.00, NULL, 4, 1, '2026-05-13 01:27:51', '2026-05-13 01:27:51'),
(1206, 4, 158, 'Darling Cellar Sweet Rosé', 'darling-cellar-sweet-rose-red', NULL, 85000.00, NULL, 5, 1, '2026-05-13 01:27:51', '2026-05-13 01:27:51'),
(1207, 4, 158, 'Darling Cellars Sweet Red', 'darling-cellars-sweet-red', NULL, 85000.00, NULL, 6, 1, '2026-05-13 01:27:51', '2026-05-13 01:27:51'),
(1208, 4, 158, 'Dona Paula Estate Malbec', 'dona-paula-estate-malbec', NULL, 85000.00, NULL, 7, 1, '2026-05-13 01:27:51', '2026-05-13 01:27:51'),
(1209, 4, 158, 'Ermelinda Vinho Tinto Apostle', 'ermelinda-vinho-tinto-apostle', NULL, 75000.00, NULL, 8, 1, '2026-05-13 01:27:51', '2026-05-13 01:27:51'),
(1210, 4, 158, 'BLABLA Cabernet Sauvignon', 'blabla-cabernet-sauvignon', NULL, 75000.00, NULL, 9, 1, '2026-05-13 01:27:51', '2026-05-13 01:27:51'),
(1211, 4, 158, 'Leopard Leaps', 'leopard-leaps', NULL, 75000.00, NULL, 10, 1, '2026-05-13 01:27:51', '2026-05-13 01:27:51'),
(1212, 4, 159, 'Santa Rita 3 Medallas', 'santa-rita-3-medallas-white', NULL, 65000.00, NULL, 1, 1, '2026-05-13 01:27:51', '2026-05-13 01:27:51'),
(1213, 4, 159, 'Cloudy Bay Sauvignon Blanc', 'cloudy-bay-sauvignon-blanc', NULL, 85500.00, NULL, 2, 1, '2026-05-13 01:27:51', '2026-05-13 01:27:51'),
(1214, 4, 159, 'Fantinel Sun Goddess Pinot', 'fantinel-sun-goddess-pinot', NULL, 94999.00, NULL, 3, 1, '2026-05-13 01:27:51', '2026-05-13 01:27:51'),
(1215, 4, 159, 'Santa Rita 120 Reserva Especial Chardonnay', 'santa-rita-120-reserva-especial-chardonnay', NULL, 75000.00, NULL, 4, 1, '2026-05-13 01:27:51', '2026-05-13 01:27:51'),
(1216, 4, 159, 'Amabile Di Rosa Sweet White', 'amabile-di-rosa-sweet-white-white', NULL, 85000.00, NULL, 5, 1, '2026-05-13 01:27:51', '2026-05-13 01:27:51'),
(1217, 4, 159, 'Château d\'Esclans Whispering Angel Rosé', 'chateau-desclans-whispering-angel-rose', NULL, 75000.00, NULL, 6, 1, '2026-05-13 01:27:51', '2026-05-13 01:27:51'),
(1218, 4, 159, 'Amabile Di Rosa Sweet Rosé', 'amabile-di-rosa-sweet-rose-white', NULL, 75000.00, NULL, 7, 1, '2026-05-13 01:27:51', '2026-05-13 01:27:51'),
(1219, 4, 160, 'Manhattan', 'manhattan', NULL, 13600.00, NULL, 1, 1, '2026-05-13 01:27:51', '2026-05-13 01:27:51'),
(1220, 4, 160, 'Old Fashioned', 'old-fashioned', NULL, 13600.00, NULL, 2, 1, '2026-05-13 01:27:51', '2026-05-13 01:27:51'),
(1221, 4, 160, 'Whiskey Sour', 'whiskey-sour', NULL, 13600.00, NULL, 3, 1, '2026-05-13 01:27:51', '2026-05-13 01:27:51'),
(1222, 4, 160, 'Negroni', 'negroni', NULL, 13600.00, NULL, 4, 1, '2026-05-13 01:27:51', '2026-05-13 01:27:51'),
(1223, 4, 160, 'Gin Basil', 'gin-basil', NULL, 13600.00, NULL, 5, 1, '2026-05-13 01:27:51', '2026-05-13 01:27:51'),
(1224, 4, 160, 'Gin Fizz', 'gin-fizz', NULL, 13600.00, NULL, 6, 1, '2026-05-13 01:27:51', '2026-05-13 01:27:51'),
(1225, 4, 160, 'Margarita', 'margarita', NULL, 13600.00, NULL, 7, 1, '2026-05-13 01:27:51', '2026-05-13 01:27:51'),
(1226, 4, 160, 'Cosmopolitan', 'cosmopolitan', NULL, 13600.00, NULL, 8, 1, '2026-05-13 01:27:51', '2026-05-13 01:27:51'),
(1227, 4, 160, 'Screw Driver', 'screw-driver', NULL, 13600.00, NULL, 9, 1, '2026-05-13 01:27:51', '2026-05-13 01:27:51'),
(1228, 4, 160, 'Mojito', 'mojito', NULL, 13600.00, NULL, 10, 1, '2026-05-13 01:27:51', '2026-05-13 01:27:51'),
(1229, 4, 160, 'Rum Sour', 'rum-sour', NULL, 13600.00, NULL, 11, 1, '2026-05-13 01:27:51', '2026-05-13 01:27:51'),
(1230, 4, 160, 'Daiquiri', 'daiquiri', NULL, 13600.00, NULL, 12, 1, '2026-05-13 01:27:51', '2026-05-13 01:27:51'),
(1231, 4, 160, 'Long Island', 'long-island', NULL, 13600.00, NULL, 13, 1, '2026-05-13 01:27:51', '2026-05-13 01:27:51'),
(1232, 4, 160, 'Pornstar Martini', 'pornstar-martini', NULL, 13600.00, NULL, 14, 1, '2026-05-13 01:27:51', '2026-05-13 01:27:51'),
(1233, 4, 160, 'Mind Twister', 'mind-twister', '(Tequila Based)', 17900.00, NULL, 15, 1, '2026-05-13 01:27:51', '2026-05-13 01:27:51'),
(1234, 4, 160, 'Cody Funk', 'cody-funk', '(Vodka Based)', 14500.00, NULL, 16, 1, '2026-05-13 01:27:51', '2026-05-13 01:27:51'),
(1235, 4, 160, 'Standing Nipple', 'standing-nipple', NULL, 14500.00, NULL, 17, 1, '2026-05-13 01:27:51', '2026-05-13 01:27:51'),
(1236, 4, 161, 'Chapman', 'chapman', NULL, 10000.00, NULL, 1, 1, '2026-05-13 01:27:51', '2026-05-13 01:27:51'),
(1237, 4, 161, 'Virgin Margarita', 'virgin-margarita', NULL, 10000.00, NULL, 2, 1, '2026-05-13 01:27:51', '2026-05-13 01:27:51'),
(1238, 4, 161, 'Virgin Daiquiri', 'virgin-daiquiri', NULL, 10000.00, NULL, 3, 1, '2026-05-13 01:27:51', '2026-05-13 01:27:51'),
(1239, 4, 161, 'Virgin Colada', 'virgin-colada', NULL, 10000.00, NULL, 4, 1, '2026-05-13 01:27:51', '2026-05-13 01:27:51'),
(1240, 4, 161, 'Virgin Mojito', 'virgin-mojito', NULL, 10000.00, NULL, 5, 1, '2026-05-13 01:27:51', '2026-05-13 01:27:51'),
(1241, 4, 162, 'Stout', 'stout', NULL, 4500.00, NULL, 1, 1, '2026-05-13 01:27:51', '2026-05-13 01:27:51'),
(1242, 4, 162, 'Orijin Can', 'orijin-can', NULL, 4500.00, NULL, 2, 1, '2026-05-13 01:27:51', '2026-05-13 01:27:51'),
(1243, 4, 162, 'Gulder', 'gulder', NULL, 4500.00, NULL, 3, 1, '2026-05-13 01:27:51', '2026-05-13 01:27:51'),
(1244, 4, 162, 'Budweiser', 'budweiser', NULL, 4500.00, NULL, 4, 1, '2026-05-13 01:27:51', '2026-05-13 01:27:51'),
(1245, 4, 162, 'Heineken', 'heineken', NULL, 4500.00, NULL, 5, 1, '2026-05-13 01:27:51', '2026-05-13 01:27:51'),
(1246, 4, 163, 'Power Horse', 'power-horse', NULL, 4500.00, NULL, 1, 1, '2026-05-13 01:27:51', '2026-05-13 01:27:51'),
(1247, 4, 164, 'Malta Can', 'malta-can', NULL, 3000.00, NULL, 1, 1, '2026-05-13 01:27:51', '2026-05-13 01:27:51'),
(1248, 4, 164, 'Pet Coke', 'pet-coke', NULL, 3000.00, NULL, 2, 1, '2026-05-13 01:27:51', '2026-05-13 01:27:51'),
(1249, 4, 164, 'Pet Sprite', 'pet-sprite', NULL, 3000.00, NULL, 3, 1, '2026-05-13 01:27:51', '2026-05-13 01:27:51'),
(1250, 4, 164, 'Pet Fanta', 'pet-fanta', NULL, 3000.00, NULL, 4, 1, '2026-05-13 01:27:51', '2026-05-13 01:27:51'),
(1251, 4, 164, 'Can Mojito', 'can-mojito', NULL, 3000.00, NULL, 5, 1, '2026-05-13 01:27:51', '2026-05-13 01:27:51'),
(1252, 4, 164, 'Water', 'water', NULL, 2000.00, NULL, 6, 1, '2026-05-13 01:27:51', '2026-05-13 01:27:51'),
(1253, 4, 164, 'Tonic Water', 'tonic-water', NULL, 3000.00, NULL, 7, 1, '2026-05-13 01:27:51', '2026-05-13 01:27:51'),
(1254, 4, 164, 'Cranberry Juice', 'cranberry-juice', NULL, 10000.00, NULL, 8, 1, '2026-05-13 01:27:51', '2026-05-13 01:27:51'),
(1255, 4, 165, 'Vanilla Milkshake', 'vanilla-milkshake', NULL, 7500.00, NULL, 1, 1, '2026-05-13 01:27:51', '2026-05-13 01:27:51'),
(1256, 4, 165, 'Strawberry Milkshake', 'strawberry-milkshake', NULL, 7500.00, NULL, 2, 1, '2026-05-13 01:27:51', '2026-05-13 01:27:51'),
(1257, 4, 165, 'Chocolate Milkshake', 'chocolate-milkshake', NULL, 7500.00, NULL, 3, 1, '2026-05-13 01:27:51', '2026-05-13 01:27:51'),
(1258, 4, 165, 'Chocy Teaser', 'chocy-teaser', NULL, 9900.00, NULL, 4, 1, '2026-05-13 01:27:51', '2026-05-13 01:27:51'),
(1259, 4, 165, 'Oreo and Waffle', 'oreo-and-waffle', NULL, 9900.00, NULL, 5, 1, '2026-05-13 01:27:51', '2026-05-13 01:27:51'),
(1260, 4, 165, 'Strawberry Gummy', 'strawberry-gummy', NULL, 9900.00, NULL, 6, 1, '2026-05-13 01:27:51', '2026-05-13 01:27:51'),
(1261, 4, 166, 'English Breakfast', 'english-breakfast', 'Eggs, Bacon, Sausages, Baked Beans, Grilled Tomatoes, Toast', 14900.00, NULL, 1, 1, '2026-05-13 01:27:51', '2026-05-13 01:27:51'),
(1262, 4, 166, 'Waffles Delight', 'waffles-delight', 'Crispy Chicken, Waffles, Fried Egg, Green Salad, Syrup', 13900.00, NULL, 2, 1, '2026-05-13 01:27:51', '2026-05-13 01:27:51'),
(1263, 4, 166, 'Buttermilk Blueberry Pancakes', 'buttermilk-blueberry-pancakes', 'Fresh Blueberries, Flour, Eggs, Vanilla Extract. Choice of: Sausages • Bacon • Plain with Syrup', 17500.00, NULL, 3, 1, '2026-05-13 01:27:51', '2026-05-13 01:27:51'),
(1264, 4, 166, 'Popcorn Chicken with French Toast', 'popcorn-chicken-with-french-toast', 'Diced Chicken, French Toast, Fruit Bowl, Whipped Cream', 14900.00, NULL, 4, 1, '2026-05-13 01:27:51', '2026-05-13 01:27:51'),
(1265, 4, 166, 'Turfed Chicken Caesar Salad', 'turfed-chicken-caesar-salad', 'Chicken Breast, Parmesan Croutons, Iceberg Lettuce, Cherry Tomatoes, Salad Dressing', 30500.00, NULL, 5, 1, '2026-05-13 01:27:51', '2026-05-13 01:27:51'),
(1266, 4, 166, 'Philly Omelet', 'philly-omelet', 'Eggs, Pulled Beef, Caramelized Onions, Bell Peppers, Cheese, Chili Sauce. Choice of: Fried Yam • Fried Plantain', 10000.00, NULL, 6, 1, '2026-05-13 01:27:51', '2026-05-13 01:27:51'),
(1267, 4, 166, 'Salmon Skillet', 'salmon-skillet', 'Salmon, Eggs, Bell Peppers, Mozzarella Cheese, Marinara Sauce, Agege French Toast', 25000.00, NULL, 7, 1, '2026-05-13 01:27:51', '2026-05-13 01:27:51'),
(1268, 4, 166, 'Nostalgia Breakfast Burrito', 'nostalgia-breakfast-burrito', 'Tortilla, Scrambled Eggs, Sausages, Bacon, Pulled Beef, Breakfast Potatoes, Lettuce, Caramelized Onions, Cheese, Peppercorn Aioli', 11000.00, NULL, 8, 1, '2026-05-13 01:27:51', '2026-05-13 01:27:51'),
(1269, 4, 166, 'Beef Burger', 'beef-burger-brunch', 'Beef Pattie, Lettuce, Cheese, Tomato Chutney, Caramelized Onions', 15000.00, NULL, 9, 1, '2026-05-13 01:27:51', '2026-05-13 01:27:51'),
(1270, 4, 166, 'Balsamic Braised Lamb Shanks', 'balsamic-braised-lamb-shanks', 'Lamb Shank, Mash Potatoes, Seasonal Vegetables, Balsamic Reduction', 22900.00, NULL, 10, 1, '2026-05-13 01:27:51', '2026-05-13 01:27:51'),
(1271, 4, 166, 'Peri-Peri Jumbo Prawns', 'peri-peri-jumbo-prawns-brunch', 'Chargrilled Jumbo Prawns, Shredded Beef, Salsa, Kelewele, Jollof Rice', 29900.00, NULL, 11, 1, '2026-05-13 01:27:51', '2026-05-13 01:27:51'),
(1272, 4, 166, 'Seafood Pasta', 'seafood-pasta-brunch', 'Creamy Seafood Mix, Linguine, Tomatoes, Herbs, Pesto Baguette', 27900.00, NULL, 12, 1, '2026-05-13 01:27:51', '2026-05-13 01:27:51'),
(1273, 4, 167, 'French Toast', 'french-toast-brunch', NULL, 4000.00, NULL, 1, 1, '2026-05-13 01:27:51', '2026-05-13 01:27:51'),
(1274, 4, 167, 'Waffles', 'waffles-brunch', NULL, 4000.00, NULL, 2, 1, '2026-05-13 01:27:51', '2026-05-13 01:27:51'),
(1275, 4, 167, 'Blueberry Pancakes', 'blueberry-pancakes-brunch', NULL, 4500.00, NULL, 3, 1, '2026-05-13 01:27:51', '2026-05-13 01:27:51'),
(1276, 4, 167, 'Mash Potatoes', 'mash-potatoes-brunch', NULL, 3500.00, NULL, 4, 1, '2026-05-13 01:27:51', '2026-05-13 01:27:51'),
(1277, 4, 167, 'Jollof Rice', 'jollof-rice-brunch', NULL, 3000.00, NULL, 5, 1, '2026-05-13 01:27:51', '2026-05-13 01:27:51'),
(1278, 4, 167, 'French Fries', 'french-fries-brunch', NULL, 3500.00, NULL, 6, 1, '2026-05-13 01:27:51', '2026-05-13 01:27:51'),
(1279, 4, 167, 'Seasonal Vegetables', 'seasonal-vegetables-brunch', NULL, 3500.00, NULL, 7, 1, '2026-05-13 01:27:51', '2026-05-13 01:27:51'),
(1280, 4, 167, 'Kelewele', 'kelewele-brunch', NULL, 3500.00, NULL, 8, 1, '2026-05-13 01:27:51', '2026-05-13 01:27:51'),
(1281, 4, 167, 'Breakfast Extras', 'breakfast-extras', NULL, 2500.00, NULL, 9, 1, '2026-05-13 01:27:51', '2026-05-13 01:27:51'),
(1282, 4, 168, 'Bailey Brownie', 'bailey-brownie-brunch', 'Baileys Irish Liqueur, Espresso Powder, Truffle Chocolate Cake', 7000.00, NULL, 1, 1, '2026-05-13 01:27:51', '2026-05-13 01:27:51'),
(1283, 4, 168, 'Apple Pie', 'apple-pie-brunch', 'Baked Apples, Lemon Butter, Short Crust Pie', 6500.00, NULL, 2, 1, '2026-05-13 01:27:51', '2026-05-13 01:27:51'),
(1284, 4, 168, 'Sticky Toffee Pudding', 'sticky-toffee-pudding', NULL, 6500.00, NULL, 3, 1, '2026-05-13 01:27:51', '2026-05-13 01:27:51'),
(1285, 4, 169, 'Blueberry', 'shisha-blueberry', NULL, 35000.00, NULL, 1, 1, '2026-05-13 01:27:51', '2026-05-13 01:27:51'),
(1286, 4, 169, 'Chocolate', 'shisha-chocolate', NULL, 35000.00, NULL, 2, 1, '2026-05-13 01:27:51', '2026-05-13 01:27:51'),
(1287, 4, 169, 'Cream & Mint', 'shisha-cream-mint', NULL, 35000.00, NULL, 3, 1, '2026-05-13 01:27:51', '2026-05-13 01:27:51'),
(1288, 4, 169, 'Double Apple', 'shisha-double-apple', NULL, 35000.00, NULL, 4, 1, '2026-05-13 01:27:51', '2026-05-13 01:27:51'),
(1289, 4, 169, 'Grape Flavour', 'shisha-grape-flavour', NULL, 35000.00, NULL, 5, 1, '2026-05-13 01:27:51', '2026-05-13 01:27:51'),
(1290, 4, 169, 'Lemon & Mint', 'shisha-lemon-mint', NULL, 35000.00, NULL, 6, 1, '2026-05-13 01:27:51', '2026-05-13 01:27:51'),
(1291, 4, 169, 'Strawberry', 'shisha-strawberry', NULL, 35000.00, NULL, 7, 1, '2026-05-13 01:27:51', '2026-05-13 01:27:51'),
(1292, 4, 169, 'Love 66', 'shisha-love-66', NULL, 35000.00, NULL, 8, 1, '2026-05-13 01:27:51', '2026-05-13 01:27:51'),
(1293, 4, 169, 'Watermelon', 'shisha-watermelon', NULL, 35000.00, NULL, 9, 1, '2026-05-13 01:27:51', '2026-05-13 01:27:51'),
(1294, 4, 170, 'Extra Flavour', 'extra-flavour', NULL, 12500.00, NULL, 1, 1, '2026-05-13 01:27:51', '2026-05-13 01:27:51'),
(1296, 25, 177, '6pcs wings', 'wm-6pcs', 'LORD OF THE WINGS! Choose your flavor & dip.', 12000.00, NULL, 1, 1, '2026-05-14 22:48:10', '2026-05-14 22:48:10'),
(1297, 25, 177, '8pcs wings', 'wm-8pcs', 'LORD OF THE WINGS! Choose your flavor & dip.', 13500.00, NULL, 2, 1, '2026-05-14 22:48:10', '2026-05-14 22:48:10'),
(1298, 25, 177, '10pcs wings', 'wm-10pcs', 'LORD OF THE WINGS! Choose your 1 flavor & 1 dip.', 15000.00, NULL, 3, 1, '2026-05-14 22:48:10', '2026-05-14 22:48:10'),
(1299, 25, 177, '15pcs wings', 'wm-15pcs', 'LORD OF THE WINGS! Choose up to 2 flavors & 1 dip.', 20500.00, NULL, 4, 1, '2026-05-14 22:48:10', '2026-05-14 22:48:10'),
(1300, 25, 177, '20pcs wings', 'wm-20pcs', 'LORD OF THE WINGS! Choose up to 2 flavors & 1 dip.', 22000.00, NULL, 5, 1, '2026-05-14 22:48:10', '2026-05-14 22:48:10'),
(1301, 25, 177, '30pcs wings', 'wm-30pcs', 'LORD OF THE WINGS! Choose up to 3 flavors & 1 dip.', 30000.00, NULL, 6, 1, '2026-05-14 22:48:10', '2026-05-14 22:48:10'),
(1302, 25, 178, 'WAFFLE UP POWER UP!', 'wm-waffle-power', 'Waffles, chicken tenders in flavor of choice & cheesy Mac.', 12000.00, NULL, 1, 1, '2026-05-14 22:48:10', '2026-05-14 22:48:10'),
(1303, 25, 178, 'DUNKED', 'wm-dunked', 'Waffles, chicken tenders in flavor of choice.', 10000.00, NULL, 2, 1, '2026-05-14 22:48:10', '2026-05-14 22:48:10'),
(1304, 25, 178, 'HULK', 'wm-hulk', 'Waffles, chicken tenders in flavor of choice, classic French fries & ketchup.', 12000.00, NULL, 3, 1, '2026-05-14 22:48:10', '2026-05-14 22:48:10'),
(1305, 25, 178, 'BIGGIE', 'wm-biggie', 'Waffles, chicken tenders in flavor of choice, classic French fries, chicken poppers, 6pcs wings in flavor of choice & ketchup.', 20000.00, NULL, 4, 1, '2026-05-14 22:48:10', '2026-05-14 22:48:10'),
(1306, 25, 178, 'CHAIRMAN', 'wm-chairman', 'Waffles, chicken tenders in flavor of choice, seasoned wedges, chicken poppers & ketchup.', 30000.00, NULL, 5, 1, '2026-05-14 22:48:10', '2026-05-14 22:48:10'),
(1307, 25, 178, 'CHICKUTERIE', 'wm-chickuterie', 'Waffles, chicken tenders in flavor of choice, seasoned wedges, chicken poppers, 8 wings in flavor of choice, coleslaw & ketchup.', 30000.00, NULL, 6, 1, '2026-05-14 22:48:10', '2026-05-14 22:48:10'),
(1308, 25, 179, 'POP IT LIKE ITS HOT OG', 'wm-pop-og', '10pcs chicken poppers (choose your flavor & dip).', 8000.00, NULL, 1, 1, '2026-05-14 22:48:10', '2026-05-14 22:48:10'),
(1309, 25, 179, 'RANGER', 'wm-ranger', 'Chicken poppers loaded fries with peri peri spice mix, cheese & ranch sauce.', 15000.00, NULL, 2, 1, '2026-05-14 22:48:10', '2026-05-14 22:48:10'),
(1310, 25, 179, 'BOSSMAN', 'wm-bossman', '20pcs chicken poppers (choose your flavor & dip).', 12000.00, NULL, 3, 1, '2026-05-14 22:48:10', '2026-05-14 22:48:10'),
(1311, 25, 179, 'THE SHAKER', 'wm-shaker', '25pcs chicken poppers with suya spice.', 9000.00, NULL, 4, 1, '2026-05-14 22:48:10', '2026-05-14 22:48:10'),
(1312, 25, 179, 'POP STARS', 'wm-pop-stars', '30pcs smothered hot chicken poppers, seasoned wedges & ketchup.', 13000.00, NULL, 5, 1, '2026-05-14 22:48:10', '2026-05-14 22:48:10'),
(1313, 25, 182, 'Coleslaw', 'wm-side-coleslaw', NULL, 5000.00, NULL, 1, 1, '2026-05-14 22:48:10', '2026-05-14 22:48:10'),
(1314, 25, 182, 'Classic French fries', 'wm-side-fries', NULL, 6500.00, NULL, 2, 1, '2026-05-14 22:48:10', '2026-05-14 22:48:10'),
(1315, 25, 182, 'Seasoned Potato wedges', 'wm-side-wedges', NULL, 7500.00, NULL, 3, 1, '2026-05-14 22:48:10', '2026-05-14 22:48:10'),
(1316, 25, 182, 'Spicy suya fries', 'wm-side-suya', NULL, 8000.00, NULL, 4, 1, '2026-05-14 22:48:10', '2026-05-14 22:48:10'),
(1317, 25, 182, 'Cheesy mac', 'wm-side-mac', NULL, 7000.00, NULL, 5, 1, '2026-05-14 22:48:10', '2026-05-14 22:48:10'),
(1318, 25, 182, 'Cajun fried corn', 'wm-side-corn', NULL, 6000.00, NULL, 6, 1, '2026-05-14 22:48:10', '2026-05-14 22:48:10'),
(1319, 25, 183, 'TORNADO', 'wm-combo-tornado', 'Mango habanero chicken tender sandwich, classic French fries & ketchup.', 12500.00, NULL, 1, 1, '2026-05-14 22:48:10', '2026-05-14 22:48:10'),
(1320, 25, 183, 'THE BIG BANG', 'wm-combo-big-bang', 'Cajun chicken tender double cheese burger, coleslaw, seasoned wedges & ketchup.', 16000.00, NULL, 2, 1, '2026-05-14 22:48:10', '2026-05-14 22:48:10'),
(1321, 25, 183, 'TRAFFIC', 'wm-combo-traffic', '8pcs wings in flavor of choice, Cajun fried corn, French fries & ketchup.', 15000.00, NULL, 3, 1, '2026-05-14 22:48:10', '2026-05-14 22:48:10'),
(1322, 25, 183, 'CITIZEN', 'wm-combo-citizen', 'Smothered hot chicken poppers, 8pcs wings in flavor of choice, spicy suya fries & ketchup.', 15000.00, NULL, 4, 1, '2026-05-14 22:48:10', '2026-05-14 22:48:10'),
(1323, 25, 183, 'SUPERBOWL', 'wm-combo-superbowl', 'Superbowl salad: lettuce, sweet corn, purple cabbage, tomatoes, cheese shavings, croutons, chopped sweet chili tenders & lemon honey vinaigrette.', 12500.00, NULL, 5, 1, '2026-05-14 22:48:10', '2026-05-14 22:48:10'),
(1324, 25, 183, 'EMPIRE', 'wm-combo-empire', 'Boneless jerk wing cheese burger, French fries & ketchup.', 15000.00, NULL, 6, 1, '2026-05-14 22:48:10', '2026-05-14 22:48:10'),
(1325, 25, 183, 'SUB', 'wm-combo-sub', 'Boneless teriyaki wings wrap: tortilla, lettuce, cheese shavings, avocado lime sauce, boneless teriyaki wings, classic French fries & ketchup.', 12500.00, NULL, 7, 1, '2026-05-14 22:48:10', '2026-05-14 22:48:10'),
(1326, 25, 184, 'SONIC', 'wm-kids-sonic', '4pcs hickory BBQ wings, kid fries, ketchup & chi smart malt drink.', 7000.00, '6a09dc98e4391.webp', 1, 1, '2026-05-14 22:48:10', '2026-05-17 15:19:52'),
(1327, 25, 184, 'PANDA', 'wm-kids-panda', 'Kid fries, 2pcs sweet chili tenders, ketchup, a pack of reel fruits & chi smart malt drink.', 8500.00, '6a09e173df801.webp', 2, 1, '2026-05-14 22:48:10', '2026-05-17 15:40:35'),
(1328, 25, 184, 'RUGRATS', 'wm-kids-rugrats', '8pcs sweet chili chicken poppers, cheesy mac & chi smart malt drink.', 8000.00, '6a09e195ddca0.webp', 3, 1, '2026-05-14 22:48:10', '2026-05-17 15:41:09'),
(1329, 25, 184, 'BUZZ', 'wm-kids-buzz', 'Waffles, 2pcs BBQ tenders, kid fries, ketchup, a pack of reel fruits & chi smart malt drink.', 12000.00, '6a09e1e402dd9.webp', 4, 1, '2026-05-14 22:48:10', '2026-05-17 15:42:28'),
(1330, 25, 185, 'Chocolate sundae', 'wm-sweet-sundae', NULL, 7500.00, NULL, 1, 1, '2026-05-14 22:48:10', '2026-05-14 22:48:10'),
(1331, 25, 185, 'Mini churros & chocolate dip', 'wm-sweet-churros', NULL, 5500.00, NULL, 2, 1, '2026-05-14 22:48:10', '2026-05-14 22:48:10'),
(1332, 25, 185, 'Apple pies', 'wm-sweet-apple-pies', NULL, 6000.00, NULL, 3, 1, '2026-05-14 22:48:10', '2026-05-14 22:48:10'),
(1333, 25, 185, 'BLIZZARD', 'wm-sweet-blizzard', NULL, 8500.00, NULL, 4, 1, '2026-05-14 22:48:10', '2026-05-14 22:48:10'),
(1334, 25, 185, 'Soft ice-cream (₦1,500)', 'wm-sweet-ice-single', NULL, 1500.00, NULL, 5, 1, '2026-05-14 22:48:10', '2026-05-14 22:48:10'),
(1335, 25, 185, 'Soft ice-cream (₦5,000)', 'wm-sweet-ice-regular', NULL, 5000.00, NULL, 6, 1, '2026-05-14 22:48:10', '2026-05-14 22:48:10'),
(1336, 25, 186, 'Wings on Fire challenge (rules)', 'wm-wof-concept', 'Customers order 20pcs of incredibly hot wings, to be consumed in 60 seconds without any liquid (monitored). If they finish in time: a special meal for free and signature on the illustrious winner wall.', 0.00, NULL, 1, 1, '2026-05-14 22:48:10', '2026-05-14 22:48:10'),
(1337, 25, 186, 'Wings on Fire challenge (order)', 'wm-wof-order', 'Challenge entry / pricing at venue.', 0.00, NULL, 2, 1, '2026-05-14 22:48:10', '2026-05-14 22:48:10'),
(1338, 25, 180, 'Mango habanero', 'wm-fl-1', 'Flavor option (no separate charge).', 0.00, NULL, 1, 1, '2026-05-14 22:48:10', '2026-05-14 22:48:10'),
(1339, 25, 180, 'Classic mild buffalo', 'wm-fl-2', 'Flavor option (no separate charge).', 0.00, NULL, 2, 1, '2026-05-14 22:48:10', '2026-05-14 22:48:10'),
(1340, 25, 180, 'Sweet chili', 'wm-fl-3', 'Flavor option (no separate charge).', 0.00, NULL, 3, 1, '2026-05-14 22:48:10', '2026-05-14 22:48:10'),
(1341, 25, 180, 'Cajun', 'wm-fl-4', 'Flavor option (no separate charge).', 0.00, NULL, 4, 1, '2026-05-14 22:48:10', '2026-05-14 22:48:10'),
(1342, 25, 180, 'Lemon pepper', 'wm-fl-5', 'Flavor option (no separate charge).', 0.00, NULL, 5, 1, '2026-05-14 22:48:10', '2026-05-14 22:48:10'),
(1343, 25, 180, 'Fire power', 'wm-fl-6', 'Flavor option (no separate charge).', 0.00, NULL, 6, 1, '2026-05-14 22:48:10', '2026-05-14 22:48:10'),
(1344, 25, 180, 'Hickory BBQ', 'wm-fl-7', 'Flavor option (no separate charge).', 0.00, NULL, 7, 1, '2026-05-14 22:48:10', '2026-05-14 22:48:10'),
(1345, 25, 180, 'Teriyaki', 'wm-fl-8', 'Flavor option (no separate charge).', 0.00, NULL, 8, 1, '2026-05-14 22:48:10', '2026-05-14 22:48:10'),
(1346, 25, 180, 'Jerk', 'wm-fl-9', 'Flavor option (no separate charge).', 0.00, NULL, 9, 1, '2026-05-14 22:48:10', '2026-05-14 22:48:10'),
(1347, 25, 180, 'Lemon garlic', 'wm-fl-10', 'Flavor option (no separate charge).', 0.00, NULL, 10, 1, '2026-05-14 22:48:10', '2026-05-14 22:48:10'),
(1348, 25, 181, 'Spicy honey mustard', 'wm-dip-1', 'Dip option.', 0.00, NULL, 1, 1, '2026-05-14 22:48:10', '2026-05-14 22:48:10'),
(1349, 25, 181, 'Bangbang', 'wm-dip-2', 'Dip option.', 0.00, NULL, 2, 1, '2026-05-14 22:48:10', '2026-05-14 22:48:10'),
(1350, 25, 181, 'Randy\'s ranch', 'wm-dip-3', 'Dip option.', 0.00, NULL, 3, 1, '2026-05-14 22:48:10', '2026-05-14 22:48:10'),
(1351, 25, 187, 'English Breakfast', 'mb-eng', 'A classic full English plate featuring: golden toast with fluffy scrambled eggs, grilled cherry tomatoes & sautéed mushrooms, juicy sausages & warm baked beans. A hearty, traditional breakfast to start your day right.', 25000.00, NULL, 1, 1, '2026-05-14 22:48:10', '2026-05-14 22:48:10'),
(1352, 25, 187, 'American Breakfast', 'mb-usa', 'A rich, indulgent spread of: fluffy pancakes drizzled with maple syrup, tender beef steak with broccoli & potato sides, fresh farm eggs cooked to your style. A bold and satisfying all-American morning treat.', 30000.00, NULL, 2, 1, '2026-05-14 22:48:10', '2026-05-14 22:48:10'),
(1353, 25, 188, 'Chicken Caesar Salad', 'mb-caesar', 'Classic Caesar with grilled chicken, parmesan, crunchy croutons, and creamy Greek yogurt dressing.', 20000.00, NULL, 1, 1, '2026-05-14 22:48:10', '2026-05-14 22:48:10'),
(1354, 25, 188, 'Conch Salad', 'mb-conch', 'A refreshing mix of calamari, shrimps, bell peppers, pineapple, and Dijon mustard with a spicy habanero kick.', 25000.00, NULL, 2, 1, '2026-05-14 22:48:10', '2026-05-14 22:48:10'),
(1355, 25, 188, 'Caprese Salad with flank steak', 'mb-caprese', 'Mozzarella, avocado, sweet basil and pickles, drizzled with olive oil and Dijon mustard, topped with juicy flank steak.', 25000.00, NULL, 3, 1, '2026-05-14 22:48:10', '2026-05-14 22:48:10'),
(1356, 25, 189, 'Assorted Pepper Soup', 'mb-pepper', 'Traditional spiced broth with assorted meats, scent leaves, and peppers.', 17000.00, NULL, 1, 1, '2026-05-14 22:48:10', '2026-05-14 22:48:10'),
(1357, 25, 189, 'Ginger & Carrot Soup', 'mb-ginger', 'A velvety blend of carrots, ginger, Irish potatoes, and cream.', 12000.00, NULL, 2, 1, '2026-05-14 22:48:10', '2026-05-14 22:48:10'),
(1358, 25, 190, 'Creamy Jackpasta with Stuffed Chicken Breast', 'mb-jackpasta', 'Velvety jack-cheese pasta served with tender, herb-stuffed chicken breast.', 30000.00, NULL, 1, 1, '2026-05-14 22:48:10', '2026-05-14 22:48:10'),
(1359, 25, 190, 'Butter Saffron Rice with Seafood Sauce & Asparagus', 'mb-saffron', 'Fragrant saffron basmati rice topped with juicy prawns and buttery seafood sauce, finished with crisp asparagus.', 40000.00, NULL, 2, 1, '2026-05-14 22:48:10', '2026-05-14 22:48:10'),
(1360, 25, 190, 'Jamaican Oxtail Stew with Rice & Peas', 'mb-oxtail', 'Slow-braised oxtail in rich Caribbean spices, served with coconut rice and kidney beans.', 30000.00, NULL, 3, 1, '2026-05-14 22:48:10', '2026-05-14 22:48:10'),
(1361, 25, 191, 'Veuve Clicquot Brut', 'mb-vcb', 'Bold and crisp, with notes of apple and brioche.', 350000.00, NULL, 1, 1, '2026-05-14 22:48:10', '2026-05-14 22:48:10'),
(1362, 25, 191, 'Veuve Clicquot Rosé', 'mb-vcr', 'Vibrant and fruity, with red berry aromas.', 410000.00, NULL, 2, 1, '2026-05-14 22:48:10', '2026-05-14 22:48:10'),
(1363, 25, 191, 'Moët & Chandon Brut', 'mb-mb', 'Classic champagne, fresh citrus and floral hints.', 386000.00, NULL, 3, 1, '2026-05-14 22:48:10', '2026-05-14 22:48:10'),
(1364, 25, 191, 'Moët & Chandon Rosé', 'mb-mr', 'Elegant rosé with wild strawberry and raspberry notes.', 446000.00, NULL, 4, 1, '2026-05-14 22:48:10', '2026-05-14 22:48:10'),
(1365, 25, 191, 'Moët & Chandon Imperial Brut', 'mb-mi', 'Signature style, balanced with apple and citrus zest.', 398000.00, NULL, 5, 1, '2026-05-14 22:48:10', '2026-05-14 22:48:10'),
(1366, 25, 191, 'Amabile Red', 'mb-ar', 'Medium-bodied, soft berry flavour.', 45000.00, NULL, 6, 1, '2026-05-14 22:48:10', '2026-05-14 22:48:10'),
(1367, 25, 191, 'Amabile Rosé', 'mb-aro', 'Semi-sweet, smooth, fruity finish.', 45000.00, NULL, 7, 1, '2026-05-14 22:48:10', '2026-05-14 22:48:10'),
(1368, 25, 191, 'Carlo Rossi Red', 'mb-crr', 'Smooth, medium-bodied with ripe berry flavours and a soft finish.', 45000.00, NULL, 8, 1, '2026-05-14 22:48:10', '2026-05-14 22:48:10'),
(1369, 25, 191, 'Carlo Rossi White', 'mb-crw', 'Light, crisp, and refreshing with fruity notes.', 45000.00, NULL, 9, 1, '2026-05-14 22:48:10', '2026-05-14 22:48:10'),
(1370, 25, 192, 'MUNCHIEZ DIPERZ', 'hm-m1', 'Tortilla nachos & bang bang dip.', 10000.00, NULL, 1, 1, '2026-05-14 22:48:10', '2026-05-14 22:48:10'),
(1371, 25, 192, 'AFRICAN GIANT PLATTER', 'hm-m2', 'Consisting of wings, chili beef chunks, peppered snails, puff puff, kelewele, prawn skewers, mosa, fried yam, goat chunks and pepper sauce.', 70000.00, NULL, 2, 1, '2026-05-14 22:48:10', '2026-05-14 22:48:10'),
(1372, 25, 192, 'YING YANG', 'hm-m3', '2 flavor calamari. Pan chili calamari & deep fried calamari with garlic mayo.', 15000.00, NULL, 3, 1, '2026-05-14 22:48:10', '2026-05-14 22:48:10'),
(1373, 25, 192, 'CAPRI', 'hm-m4', 'Deep fried goat chunks tossed in green chili with fried yam.', 17000.00, NULL, 4, 1, '2026-05-14 22:48:10', '2026-05-14 22:48:10'),
(1374, 25, 192, 'MEX', 'hm-m5', 'Mince and cheese taquitos with simple salsa.', 10500.00, NULL, 5, 1, '2026-05-14 22:48:10', '2026-05-14 22:48:10'),
(1375, 25, 192, 'DYNAMITEZ', 'hm-m6', 'Prawn dynamites.', 25000.00, NULL, 6, 1, '2026-05-14 22:48:10', '2026-05-14 22:48:10'),
(1376, 25, 192, 'RELOAD ALOHA', 'hm-m7', 'Chicken Caesar salad and dressing.', 15000.00, NULL, 7, 1, '2026-05-14 22:48:10', '2026-05-14 22:48:10'),
(1377, 25, 192, 'THAI TANIC', 'hm-m8', 'Thai fisherman soup with garlic bread.', 15000.00, NULL, 8, 1, '2026-05-14 22:48:10', '2026-05-14 22:48:10'),
(1378, 25, 192, 'DUTCH', 'hm-m9', 'One skillet beef and broccoli with steamed rice.', 12500.00, NULL, 9, 1, '2026-05-14 22:48:10', '2026-05-14 22:48:10'),
(1379, 25, 192, 'TUSCANY (chicken/beef)', 'hm-m10', 'An option of chicken or beef pasta.', 20500.00, NULL, 10, 1, '2026-05-14 22:48:10', '2026-05-14 22:48:10'),
(1380, 25, 192, 'STIR IT UP', 'hm-m11', 'One spicy stir fried rice consisting of shredded beef, shredded chicken, broccoli, assorted bell peppers, spring onion, chili flakes and spices.', 20500.00, NULL, 11, 1, '2026-05-14 22:48:10', '2026-05-14 22:48:10'),
(1381, 25, 192, 'WAIKIKI', 'hm-m12', 'Surf n turf steak, crushed herbed sweet potatoes, glazed marrow & creamy mushroom sauce.', 60000.00, NULL, 12, 1, '2026-05-14 22:48:10', '2026-05-14 22:48:10'),
(1382, 25, 192, 'THE G.O.A.T', 'hm-m13', 'Spicy goat rice mix.', 25000.00, NULL, 13, 1, '2026-05-14 22:48:10', '2026-05-14 22:48:10'),
(1383, 25, 192, 'CHOPPED', 'hm-m14', 'Succulent lamb chops with creamy mushroom sauce, seasoned wedges or Smokey Jollof and coleslaw.', 70000.00, NULL, 14, 1, '2026-05-14 22:48:10', '2026-05-14 22:48:10'),
(1384, 25, 192, 'TUSCANY (Seafood)', 'hm-m15', 'Seafood pasta.', 22500.00, NULL, 15, 1, '2026-05-14 22:48:10', '2026-05-14 22:48:10'),
(1385, 25, 193, 'FISH MONAY (Standard)', 'hm-f1', 'Grilled medium tilapia, expertly seasoned and served with rich, spicy pepper sauce.', 40000.00, NULL, 1, 1, '2026-05-14 22:48:10', '2026-05-14 22:48:10'),
(1386, 25, 193, 'CATFISH SUPREME', 'hm-f2', 'Tender catfish in a flavorful pepper soup broth, served with white rice or grilled garlic bread. A perfect blend of spices and fresh herbs.', 25000.00, NULL, 2, 1, '2026-05-14 22:48:10', '2026-05-14 22:48:10'),
(1387, 25, 193, 'THE POT', 'hm-f3', 'A hearty blend of sweet potato or yam, catfish, smoked fish and aromatic herbs, cooked in rich red oil for a satisfying flavorful meal. Pure comfort in every bite.', 25000.00, NULL, 3, 1, '2026-05-14 22:48:10', '2026-05-14 22:48:10'),
(1388, 25, 193, 'Shepherd\'s Pie', 'hm-f4', 'A comforting dish made with creamy mashed Irish potatoes, savoury minced meat, and a blend of spices, topped with melted parmesan cheese for a perfect finish. A delicious, hearty meal.', 20000.00, NULL, 4, 1, '2026-05-14 22:48:10', '2026-05-14 22:48:10'),
(1389, 25, 193, 'FISH MONAY (Deluxe)', 'hm-f5', 'Full size tilapia, flamed grilled to perfection with bold spice and signature sauce.', 50000.00, NULL, 5, 1, '2026-05-14 22:48:10', '2026-05-14 22:48:10'),
(1390, 25, 193, 'THE KINGS CATCH', 'hm-f6', 'Whole grilled catfish: a majestic serving of whole catfish, marinated in bold spices and grilled to tender, smokey perfection. Packed with flavor and served with your preferred side. A true showstopper.', 60000.00, NULL, 6, 1, '2026-05-14 22:48:10', '2026-05-14 22:48:10'),
(1391, 25, 193, 'Coconut Rice', 'hm-f7', 'Flavourful coconut-infused rice, served with well-seasoned turkey.', 35000.00, NULL, 7, 1, '2026-05-14 22:48:10', '2026-05-14 22:48:10'),
(1392, 25, 193, 'Special Jollof Rice', 'hm-f8', 'Rich smoky jollof rice served with any protein of your choice (Chicken/Turkey/Fish). Additional charges may apply for premium proteins.', 35000.00, NULL, 8, 1, '2026-05-14 22:48:10', '2026-05-14 22:48:10'),
(1393, 25, 193, 'Special Fried Rice', 'hm-f9', 'Savory fried rice with mixed veggies and spices, served with turkey.', 35000.00, NULL, 9, 1, '2026-05-14 22:48:10', '2026-05-14 22:48:10'),
(1394, 25, 194, 'Smokey Jollof rice', 'hm-s1', NULL, 8000.00, NULL, 1, 1, '2026-05-14 22:48:10', '2026-05-14 22:48:10'),
(1395, 25, 194, 'Fried yam', 'hm-s2', NULL, 7500.00, NULL, 2, 1, '2026-05-14 22:48:10', '2026-05-14 22:48:10'),
(1396, 25, 194, 'Steamed rice', 'hm-s3', NULL, 7500.00, NULL, 3, 1, '2026-05-14 22:48:10', '2026-05-14 22:48:10'),
(1397, 25, 194, 'Crushed sweet potatoes', 'hm-s4', NULL, 7500.00, NULL, 4, 1, '2026-05-14 22:48:10', '2026-05-14 22:48:10'),
(1398, 25, 195, 'PICCASSO', 'hm-sw1', 'French toast pudding, ice cream, syrup & berries.', 10000.00, NULL, 1, 1, '2026-05-14 22:48:10', '2026-05-14 22:48:10'),
(1399, 25, 195, 'PIE-RATES', 'hm-sw2', 'Apple crumble & vanilla ice cream.', 12000.00, NULL, 2, 1, '2026-05-14 22:48:10', '2026-05-14 22:48:10'),
(1400, 25, 195, 'SUNDAE', 'hm-sw3', 'Ice cream sundae (as listed on drink menu).', 10000.00, NULL, 3, 1, '2026-05-14 22:48:10', '2026-05-14 22:48:10'),
(1401, 25, 196, 'Red Bull', 'shared-redbull', NULL, 5000.00, NULL, 1, 1, '2026-05-14 22:48:10', '2026-05-14 22:48:10'),
(1402, 25, 196, 'Coke', 'shared-coke', NULL, 2000.00, NULL, 2, 1, '2026-05-14 22:48:10', '2026-05-14 22:48:10'),
(1403, 25, 196, 'Pepsi', 'shared-pepsi', NULL, 2000.00, NULL, 3, 1, '2026-05-14 22:48:10', '2026-05-14 22:48:10'),
(1404, 25, 196, 'Sprite', 'shared-sprite', NULL, 2000.00, NULL, 4, 1, '2026-05-14 22:48:10', '2026-05-14 22:48:10'),
(1405, 25, 196, 'Fanta', 'shared-fanta', NULL, 2000.00, NULL, 5, 1, '2026-05-14 22:48:10', '2026-05-14 22:48:10'),
(1406, 25, 196, '7up', 'shared-7up', NULL, 2000.00, NULL, 6, 1, '2026-05-14 22:48:10', '2026-05-14 22:48:10'),
(1407, 25, 196, 'Pepsi Diet', 'shared-pepsi-diet', NULL, 2000.00, NULL, 7, 1, '2026-05-14 22:48:10', '2026-05-14 22:48:10'),
(1408, 25, 196, 'Pepsi wingman', 'shared-pepsi-wingman', NULL, 2000.00, NULL, 8, 1, '2026-05-14 22:48:10', '2026-05-14 22:48:10'),
(1409, 25, 196, 'Pepsi diet wingman', 'shared-pepsi-diet-wingman', NULL, 2000.00, NULL, 9, 1, '2026-05-14 22:48:10', '2026-05-14 22:48:10'),
(1410, 25, 196, '7up Diet', 'shared-7up-diet', NULL, 2000.00, NULL, 10, 1, '2026-05-14 22:48:10', '2026-05-14 22:48:10'),
(1411, 25, 196, 'Miranda', 'shared-miranda', NULL, 2000.00, NULL, 11, 1, '2026-05-14 22:48:10', '2026-05-14 22:48:10'),
(1412, 25, 196, 'Soda water', 'shared-soda-water', NULL, 2000.00, NULL, 12, 1, '2026-05-14 22:48:10', '2026-05-14 22:48:10'),
(1413, 25, 196, 'Tonic', 'shared-tonic', NULL, 2000.00, NULL, 13, 1, '2026-05-14 22:48:10', '2026-05-14 22:48:10'),
(1414, 25, 196, 'Bitter lemon', 'shared-bitter-lemon', NULL, 2000.00, NULL, 14, 1, '2026-05-14 22:48:10', '2026-05-14 22:48:10'),
(1415, 25, 197, 'Cranberry Juice (glass)', 'shared-cranberry-glass', NULL, 6000.00, NULL, 1, 1, '2026-05-14 22:48:10', '2026-05-14 22:48:10'),
(1416, 25, 197, 'Cranberry Juice (pitcher)', 'shared-cranberry-pitcher', NULL, 15000.00, NULL, 2, 1, '2026-05-14 22:48:10', '2026-05-14 22:48:10'),
(1417, 25, 197, 'Orange Juice (glass)', 'shared-orange-glass', NULL, 5000.00, NULL, 3, 1, '2026-05-14 22:48:10', '2026-05-14 22:48:10'),
(1418, 25, 197, 'Orange Juice (pitcher)', 'shared-orange-pitcher', NULL, 12000.00, NULL, 4, 1, '2026-05-14 22:48:10', '2026-05-14 22:48:10'),
(1419, 25, 197, 'Pineapple Juice (glass)', 'shared-pineapple-glass', NULL, 5000.00, NULL, 5, 1, '2026-05-14 22:48:10', '2026-05-14 22:48:10'),
(1420, 25, 197, 'Pineapple Juice (pitcher)', 'shared-pineapple-pitcher', NULL, 12000.00, NULL, 6, 1, '2026-05-14 22:48:10', '2026-05-14 22:48:10'),
(1421, 25, 197, 'Apple Juice (glass)', 'shared-apple-glass', NULL, 5000.00, NULL, 7, 1, '2026-05-14 22:48:10', '2026-05-14 22:48:10'),
(1422, 25, 197, 'Apple Juice (pitcher)', 'shared-apple-pitcher', NULL, 12000.00, NULL, 8, 1, '2026-05-14 22:48:10', '2026-05-14 22:48:10'),
(1423, 25, 197, 'Chivita Orange Juice', 'shared-chivita-orange', NULL, 12000.00, NULL, 9, 1, '2026-05-14 22:48:10', '2026-05-14 22:48:10'),
(1424, 25, 197, 'Chivita Pineapple Juice', 'shared-chivita-pineapple', NULL, 12000.00, NULL, 10, 1, '2026-05-14 22:48:10', '2026-05-14 22:48:10'),
(1425, 25, 197, 'Chivita Apple Juice', 'shared-chivita-apple', 'As listed on menu (Chivita Apple Juice…).', 12000.00, NULL, 11, 1, '2026-05-14 22:48:10', '2026-05-14 22:48:10'),
(1426, 25, 197, 'Perrier', 'shared-perrier', NULL, 5000.00, NULL, 12, 1, '2026-05-14 22:48:10', '2026-05-14 22:48:10'),
(1427, 25, 198, 'Strawberry milkshake', 'shared-milkshake-strawberry', NULL, 12500.00, NULL, 1, 1, '2026-05-14 22:48:10', '2026-05-14 22:48:10'),
(1428, 25, 198, 'Salted caramel milk shake', 'shared-milkshake-salted-caramel', NULL, 12500.00, NULL, 2, 1, '2026-05-14 22:48:10', '2026-05-14 22:48:10'),
(1429, 25, 198, 'S’mores chocolate milkshake', 'shared-milkshake-smores', NULL, 12500.00, NULL, 3, 1, '2026-05-14 22:48:10', '2026-05-14 22:48:10'),
(1430, 25, 198, 'Oreo cheesecake milkshake', 'shared-milkshake-oreo-cheesecake', NULL, 12500.00, NULL, 4, 1, '2026-05-14 22:48:10', '2026-05-14 22:48:10'),
(1431, 25, 199, 'Banana & Mango', 'shared-smoothie-banana-mango', NULL, 12500.00, NULL, 1, 1, '2026-05-14 22:48:10', '2026-05-14 22:48:10'),
(1432, 25, 199, 'Watermelon & Strawberry', 'shared-smoothie-watermelon-strawberry', NULL, 12500.00, NULL, 2, 1, '2026-05-14 22:48:10', '2026-05-14 22:48:10'),
(1433, 25, 199, 'BANANA&STRAWBERRY', 'shared-smoothie-banana-strawberry', NULL, 12500.00, NULL, 3, 1, '2026-05-14 22:48:10', '2026-05-14 22:48:10'),
(1434, 25, 199, 'KALE Green', 'shared-smoothie-kale-green', NULL, 12500.00, NULL, 4, 1, '2026-05-14 22:48:10', '2026-05-14 22:48:10'),
(1435, 25, 200, 'Veuve Clicquot Brut', 'hm-ch1', NULL, 350000.00, NULL, 1, 1, '2026-05-14 22:48:10', '2026-05-14 22:48:10'),
(1436, 25, 200, 'Veuve Clicquot Rosé', 'hm-ch2', NULL, 410000.00, NULL, 2, 1, '2026-05-14 22:48:10', '2026-05-14 22:48:10'),
(1437, 25, 200, 'Moët et Chandon Brut', 'hm-ch3', NULL, 386000.00, NULL, 3, 1, '2026-05-14 22:48:10', '2026-05-14 22:48:10'),
(1438, 25, 200, 'Moët et Chandon Rosé', 'hm-ch4', NULL, 446000.00, NULL, 4, 1, '2026-05-14 22:48:10', '2026-05-14 22:48:10'),
(1439, 25, 200, 'Moët et Chandon Imperial Brut', 'hm-ch5', NULL, 398000.00, NULL, 5, 1, '2026-05-14 22:48:10', '2026-05-14 22:48:10'),
(1440, 25, 200, 'Dom Pérignon Brut', 'hm-ch6', NULL, 1250000.00, NULL, 6, 1, '2026-05-14 22:48:10', '2026-05-14 22:48:10'),
(1441, 25, 200, 'Ace Of Spades', 'hm-ch7', NULL, 1250000.00, NULL, 7, 1, '2026-05-14 22:48:10', '2026-05-14 22:48:10'),
(1442, 25, 200, 'Ace Of Spades Rosé', 'hm-ch8', NULL, 1850000.00, NULL, 8, 1, '2026-05-14 22:48:10', '2026-05-14 22:48:10'),
(1443, 25, 200, 'LP Rosé', 'hm-ch9', NULL, 380000.00, NULL, 9, 1, '2026-05-14 22:48:10', '2026-05-14 22:48:10'),
(1444, 25, 200, 'LP Brut', 'hm-ch10', NULL, 290000.00, NULL, 10, 1, '2026-05-14 22:48:10', '2026-05-14 22:48:10'),
(1445, 25, 201, 'Johnnie Walker Black Label', 'hm-w1', 'Bottle ₦150,000. Glass/5cl ₦15,000.', 150000.00, NULL, 1, 1, '2026-05-14 22:48:10', '2026-05-14 22:48:10'),
(1446, 25, 201, 'Johnnie Walker Blue Label', 'hm-w2', NULL, 600000.00, NULL, 2, 1, '2026-05-14 22:48:10', '2026-05-14 22:48:10'),
(1447, 25, 201, 'Johnnie Walker Green Label', 'hm-w3', NULL, 300000.00, NULL, 4, 1, '2026-05-14 22:48:10', '2026-05-14 22:48:10'),
(1448, 25, 201, 'Johnnie Walker Gold Label', 'hm-w4', NULL, 250000.00, NULL, 5, 1, '2026-05-14 22:48:10', '2026-05-14 22:48:10'),
(1449, 25, 201, 'Jameson Irish Original', 'hm-w5', NULL, 195000.00, NULL, 6, 1, '2026-05-14 22:48:10', '2026-05-14 22:48:10'),
(1450, 25, 201, 'Glenfiddich 12', 'hm-w6', 'Bottle ₦200,000. Glass/5cl ₦20,000.', 200000.00, NULL, 7, 1, '2026-05-14 22:48:10', '2026-05-14 22:48:10'),
(1451, 25, 201, 'Glenfiddich 15', 'hm-w7', NULL, 370000.00, NULL, 8, 1, '2026-05-14 22:48:10', '2026-05-14 22:48:10'),
(1452, 25, 201, 'Glenfiddich 18', 'hm-w8', NULL, 450000.00, NULL, 9, 1, '2026-05-14 22:48:10', '2026-05-14 22:48:10'),
(1453, 25, 201, 'Glenfiddich 21', 'hm-w9', NULL, 750000.00, NULL, 10, 1, '2026-05-14 22:48:10', '2026-05-14 22:48:10'),
(1454, 25, 201, 'Monkey Shoulder', 'hm-w10', 'Bottle ₦130,000. Glass/5cl ₦12,000.', 130000.00, NULL, 11, 1, '2026-05-14 22:48:10', '2026-05-14 22:48:10'),
(1455, 25, 201, 'Macallan 12', 'hm-w11', 'Bottle ₦150,000. Glass/5cl ₦15,000.', 150000.00, NULL, 12, 1, '2026-05-14 22:48:10', '2026-05-14 22:48:10'),
(1456, 25, 201, 'Macallan 15', 'hm-w12', NULL, 280000.00, NULL, 13, 1, '2026-05-14 22:48:10', '2026-05-14 22:48:10'),
(1457, 25, 201, 'Macallan 18', 'hm-w13', NULL, 550000.00, NULL, 14, 1, '2026-05-14 22:48:10', '2026-05-14 22:48:10'),
(1458, 25, 201, 'Jameson Black Barrel', 'hm-w14', NULL, 250000.00, NULL, 15, 1, '2026-05-14 22:48:10', '2026-05-14 22:48:10'),
(1459, 25, 201, 'Balvenie 12', 'hm-w15', NULL, 221000.00, NULL, 16, 1, '2026-05-14 22:48:10', '2026-05-14 22:48:10'),
(1460, 25, 201, 'Balvenie 14', 'hm-w16', NULL, 300000.00, NULL, 17, 1, '2026-05-14 22:48:10', '2026-05-14 22:48:10'),
(1461, 25, 201, 'Jack Daniel\'s', 'hm-w17', NULL, 220000.00, NULL, 18, 1, '2026-05-14 22:48:10', '2026-05-14 22:48:10'),
(1462, 25, 201, 'The Singleton', 'hm-w18', NULL, 225000.00, NULL, 19, 1, '2026-05-14 22:48:10', '2026-05-14 22:48:10'),
(1463, 25, 201, 'The Pogues', 'hm-w19', NULL, 100000.00, NULL, 20, 1, '2026-05-14 22:48:10', '2026-05-14 22:48:10'),
(1464, 25, 202, 'Hennessy VSOP', 'hm-cg1', NULL, 400000.00, NULL, 1, 1, '2026-05-14 22:48:10', '2026-05-14 22:48:10'),
(1465, 25, 202, 'Hennessy VS', 'hm-cg2', 'Glass 5cl ₦20,000', 300000.00, NULL, 2, 1, '2026-05-14 22:48:10', '2026-05-14 22:48:10'),
(1466, 25, 202, 'Martell Blue Swift', 'hm-cg3', NULL, 300000.00, NULL, 3, 1, '2026-05-14 22:48:10', '2026-05-14 22:48:10'),
(1467, 25, 202, 'Martell XO', 'hm-cg4', NULL, 780000.00, NULL, 4, 1, '2026-05-14 22:48:10', '2026-05-14 22:48:10'),
(1468, 25, 202, 'Hennessy XO', 'hm-cg5', NULL, 800000.00, NULL, 5, 1, '2026-05-14 22:48:10', '2026-05-14 22:48:10'),
(1469, 25, 203, 'Hendrick\'s', 'hm-g1', 'Glass 5cl ₦18,000', 235000.00, NULL, 1, 1, '2026-05-14 22:48:10', '2026-05-14 22:48:10'),
(1470, 25, 203, 'Gin Mare', 'hm-g2', 'Glass 5cl ₦9,000', 160000.00, NULL, 2, 1, '2026-05-14 22:48:10', '2026-05-14 22:48:10'),
(1471, 25, 203, 'Tanqueray No. Ten', 'hm-g3', NULL, 195000.00, NULL, 3, 1, '2026-05-14 22:48:10', '2026-05-14 22:48:10'),
(1472, 25, 203, 'Bombay Sapphire', 'hm-g4', 'Glass 5cl ₦13,500', 167000.00, NULL, 4, 1, '2026-05-14 22:48:10', '2026-05-14 22:48:10'),
(1473, 25, 203, 'Monkey 47', 'hm-g5', NULL, 150000.00, NULL, 5, 1, '2026-05-14 22:48:10', '2026-05-14 22:48:10'),
(1474, 25, 203, 'Cape Town', 'hm-g6', 'Glass 5cl ₦11,500', 180000.00, NULL, 6, 1, '2026-05-14 22:48:10', '2026-05-14 22:48:10'),
(1475, 25, 204, 'Belvedere', 'hm-v1', NULL, 200000.00, NULL, 1, 1, '2026-05-14 22:48:10', '2026-05-14 22:48:10'),
(1476, 25, 204, 'Grey Goose', 'hm-v2', NULL, 150000.00, NULL, 2, 1, '2026-05-14 22:48:10', '2026-05-14 22:48:10'),
(1477, 25, 204, 'Absolut', 'hm-v3', 'Glass 5cl ₦10,000', 155000.00, NULL, 3, 1, '2026-05-14 22:48:10', '2026-05-14 22:48:10'),
(1478, 25, 204, 'Cîroc', 'hm-v4', NULL, 150000.00, NULL, 4, 1, '2026-05-14 22:48:10', '2026-05-14 22:48:10'),
(1479, 25, 205, 'Jose Cuervo (premium)', 'hm-t1', 'Shot ₦12,000', 160000.00, NULL, 1, 1, '2026-05-14 22:48:10', '2026-05-14 22:48:10'),
(1480, 25, 205, 'Jose Cuervo (standard)', 'hm-t2', 'Shot ₦7,000', 110000.00, NULL, 2, 1, '2026-05-14 22:48:10', '2026-05-14 22:48:10'),
(1481, 25, 205, 'Casamigos Añejo', 'hm-t3', NULL, 550000.00, NULL, 3, 1, '2026-05-14 22:48:10', '2026-05-14 22:48:10'),
(1482, 25, 205, 'Casamigos Reposado', 'hm-t4', NULL, 520000.00, NULL, 4, 1, '2026-05-14 22:48:10', '2026-05-14 22:48:10'),
(1483, 25, 205, 'Don Julio 1942', 'hm-t5', NULL, 900000.00, NULL, 5, 1, '2026-05-14 22:48:10', '2026-05-14 22:48:10'),
(1484, 25, 205, 'Don Julio Reposado', 'hm-t6', NULL, 550000.00, NULL, 6, 1, '2026-05-14 22:48:10', '2026-05-14 22:48:10'),
(1485, 25, 205, 'Patrón Blanco', 'hm-t7', 'Glass 5cl ₦15,000', 200000.00, NULL, 7, 1, '2026-05-14 22:48:10', '2026-05-14 22:48:10'),
(1486, 25, 205, 'Patrón Reposado', 'hm-t8', NULL, 200000.00, NULL, 8, 1, '2026-05-14 22:48:10', '2026-05-14 22:48:10'),
(1487, 25, 205, 'Patrón Añejo', 'hm-t9', NULL, 350000.00, NULL, 9, 1, '2026-05-14 22:48:10', '2026-05-14 22:48:10'),
(1488, 25, 205, 'Clase Azul Reposado', 'hm-t10', NULL, 950000.00, NULL, 10, 1, '2026-05-14 22:48:10', '2026-05-14 22:48:10'),
(1489, 25, 205, 'Clase Azul Añejo', 'hm-t11', NULL, 2500000.00, NULL, 11, 1, '2026-05-14 22:48:10', '2026-05-14 22:48:10'),
(1490, 25, 205, 'Vivir Blanco', 'hm-t12', NULL, 270000.00, NULL, 12, 1, '2026-05-14 22:48:10', '2026-05-14 22:48:10'),
(1491, 25, 205, 'Vivir Reposado', 'hm-t13', NULL, 350000.00, NULL, 13, 1, '2026-05-14 22:48:10', '2026-05-14 22:48:10'),
(1492, 25, 205, 'Teremana Reposado', 'hm-t14', NULL, 500000.00, NULL, 14, 1, '2026-05-14 22:48:10', '2026-05-14 22:48:10'),
(1493, 25, 206, 'Heineken Draft', 'hm-b1', NULL, 5000.00, NULL, 1, 1, '2026-05-14 22:48:10', '2026-05-14 22:48:10');
INSERT INTO `menu_items` (`id`, `restaurant_id`, `category_id`, `name`, `slug`, `description`, `price`, `image`, `display_order`, `is_available`, `created_at`, `updated_at`) VALUES
(1494, 25, 206, 'Guinness / Legend', 'hm-b2', NULL, 5000.00, NULL, 2, 1, '2026-05-14 22:48:10', '2026-05-14 22:48:10'),
(1495, 25, 206, 'Tiger', 'hm-b3', NULL, 5000.00, NULL, 3, 1, '2026-05-14 22:48:10', '2026-05-14 22:48:10'),
(1496, 25, 206, 'Star Radler Can', 'hm-b4', NULL, 4000.00, NULL, 4, 1, '2026-05-14 22:48:10', '2026-05-14 22:48:10'),
(1497, 25, 207, 'DC Sweet (white, bottle)', 'hm-ww1', 'Bottle ₦45,000; glass ₦20,000 (per menu).', 45000.00, NULL, 1, 1, '2026-05-14 22:48:10', '2026-05-14 22:48:10'),
(1498, 25, 207, 'DC Dry Chenin (white, bottle)', 'hm-ww2', 'Bottle ₦45,000; glass ₦20,000.', 45000.00, NULL, 2, 1, '2026-05-14 22:48:10', '2026-05-14 22:48:10'),
(1499, 25, 207, 'DC Dry Sweet (white, bottle)', 'hm-ww-drysweet', 'Menu listing (Dc SDc Dryweet). Bottle ₦45,000; glass ₦20,000.', 45000.00, NULL, 3, 1, '2026-05-14 22:48:10', '2026-05-14 22:48:10'),
(1500, 25, 207, 'Sungoddess (white)', 'hm-ww3', NULL, 100000.00, NULL, 4, 1, '2026-05-14 22:48:10', '2026-05-14 22:48:10'),
(1501, 25, 207, 'Santa Rita 120 Chardonnay', 'hm-ww4', NULL, 100000.00, NULL, 5, 1, '2026-05-14 22:48:10', '2026-05-14 22:48:10'),
(1502, 25, 207, 'Amabile Sweet (white)', 'hm-ww5', 'Juicy Italian white wine.', 45000.00, NULL, 6, 1, '2026-05-14 22:48:10', '2026-05-14 22:48:10'),
(1503, 25, 208, 'Sungoddess Pinot Grigio', 'hm-rw1', NULL, 100000.00, NULL, 1, 1, '2026-05-14 22:48:10', '2026-05-14 22:48:10'),
(1504, 25, 208, 'Ermelinda Tulipa Rosé', 'hm-rw2', NULL, 50000.00, NULL, 2, 1, '2026-05-14 22:48:10', '2026-05-14 22:48:10'),
(1505, 25, 208, 'Amabili Di Rosa', 'hm-rw3', 'Juicy Italian wine.', 40000.00, NULL, 3, 1, '2026-05-14 22:48:10', '2026-05-14 22:48:10'),
(1506, 25, 209, 'DC Sweet Red (bottle)', 'hm-rd1', 'Glass ₦16,000.', 40000.00, NULL, 1, 1, '2026-05-14 22:48:10', '2026-05-14 22:48:10'),
(1507, 25, 209, 'Amabile Di Rosa (red)', 'hm-rd2', 'Glass ₦16,000.', 40000.00, NULL, 2, 1, '2026-05-14 22:48:10', '2026-05-14 22:48:10'),
(1508, 25, 209, 'DC Sweet Red (sweet & smooth)', 'hm-rd-sweet', 'Sweet & smooth with fruits & flowers. Glass ₦16,000.', 40000.00, NULL, 3, 1, '2026-05-14 22:48:10', '2026-05-14 22:48:10'),
(1509, 25, 209, 'DC Dry Red', 'hm-rd3', 'Glass ₦16,000.', 40000.00, NULL, 4, 1, '2026-05-14 22:48:10', '2026-05-14 22:48:10'),
(1510, 25, 209, 'Bla Bla', 'hm-rd4', NULL, 60000.00, NULL, 5, 1, '2026-05-14 22:48:10', '2026-05-14 22:48:10'),
(1511, 25, 209, 'Escudo Rojo', 'hm-rd5', 'Glass ₦18,000.', 60000.00, NULL, 6, 1, '2026-05-14 22:48:10', '2026-05-14 22:48:10'),
(1512, 25, 209, 'Carlo Rossi (red)', 'hm-rd6', NULL, 40000.00, NULL, 7, 1, '2026-05-14 22:48:10', '2026-05-14 22:48:10'),
(1513, 25, 209, '4 Cousins', 'hm-rd7', NULL, 40000.00, NULL, 8, 1, '2026-05-14 22:48:10', '2026-05-14 22:48:10'),
(1514, 25, 209, 'Prosecco Rosario', 'hm-rd8', 'Glass 5cl ₦9,000.', 42000.00, NULL, 9, 1, '2026-05-14 22:48:10', '2026-05-14 22:48:10'),
(1515, 25, 209, 'Sungoddess (red)', 'hm-rd9', NULL, 65000.00, NULL, 10, 1, '2026-05-14 22:48:10', '2026-05-14 22:48:10'),
(1516, 25, 210, 'Mr Flinstone', 'hm-ck1', 'Gin, pineapple, amaro, yellow chartreuse, honey/ginger syrup, lemon juice & aromatic bitters.', 22500.00, NULL, 1, 1, '2026-05-14 22:48:10', '2026-05-14 22:48:10'),
(1517, 25, 210, 'Roller coaster', 'hm-ck2', 'Vodka, Midori, Cointreau, lemon juice, egg white & aquafaba.', 22500.00, NULL, 2, 1, '2026-05-14 22:48:10', '2026-05-14 22:48:10'),
(1518, 25, 210, 'Orange & Basil', 'hm-ck3', 'Gin, orange & basil cordial, lime cordial.', 22500.00, NULL, 3, 1, '2026-05-14 22:48:10', '2026-05-14 22:48:10'),
(1519, 25, 210, 'Peer pressure', 'hm-ck4', 'Apple cider vinegar, celery, honey syrup, bitters, lemon juice, pear juice, soda, aged rum & Grand Marnier.', 22500.00, NULL, 4, 1, '2026-05-14 22:48:10', '2026-05-14 22:48:10'),
(1520, 25, 210, 'Colder club', 'hm-ck5', 'Fresh fig, fresh raspberries, almond syrup, gin, lemon juice (optional), egg white, aquafaba.', 22500.00, NULL, 5, 1, '2026-05-14 22:48:10', '2026-05-14 22:48:10'),
(1521, 25, 210, 'The bullshort', 'hm-ck6', 'Vodka, grapefruit juice, red vermouth, elderflower liqueur.', 22500.00, NULL, 6, 1, '2026-05-14 22:48:10', '2026-05-14 22:48:10'),
(1522, 25, 210, 'Borrowed Time', 'hm-ck7', 'Whiskey, triple sec, grapefruit juice, thyme syrup.', 22500.00, NULL, 7, 1, '2026-05-14 22:48:10', '2026-05-14 22:48:10'),
(1523, 25, 210, 'Sunny Spritzer', 'hm-ck8', 'Limoncello, lemon soda, Prosecco.', 22500.00, NULL, 8, 1, '2026-05-14 22:48:10', '2026-05-14 22:48:10'),
(1524, 25, 210, 'Berry Whipped', 'hm-ck9', 'Lemon juice, cranberry juice, raspberry liqueur, white rum, aquafaba.', 22500.00, NULL, 9, 1, '2026-05-14 22:48:10', '2026-05-14 22:48:10'),
(1525, 25, 210, 'Frame Up', 'hm-ck10', 'Pineapple juice, Midori, coconut rum, vodka.', 22500.00, NULL, 10, 1, '2026-05-14 22:48:10', '2026-05-14 22:48:10'),
(1526, 25, 210, 'Bloody Mary', 'hm-ck11', 'Classic cocktail.', 22500.00, NULL, 11, 1, '2026-05-14 22:48:10', '2026-05-14 22:48:10'),
(1527, 25, 210, 'Long Island Iced Tea', 'hm-ck12', 'Vodka, tequila, gin, triple sec, lemon juice, cola & rum.', 22500.00, NULL, 12, 1, '2026-05-14 22:48:10', '2026-05-14 22:48:10'),
(1528, 25, 210, 'Wild Sex', 'hm-ck13', 'Rum, juice, triple sec, vodka, coconut & rum.', 20000.00, NULL, 13, 1, '2026-05-14 22:48:10', '2026-05-14 22:48:10'),
(1529, 25, 210, 'Cosmopolitan', 'hm-ck14', 'Vodka, triple sec, juice & lime juice.', 20000.00, NULL, 14, 1, '2026-05-14 22:48:10', '2026-05-14 22:48:10'),
(1530, 25, 210, 'Chapman', 'hm-ck15', NULL, 20000.00, NULL, 15, 1, '2026-05-14 22:48:10', '2026-05-14 22:48:10'),
(1531, 25, 210, 'Mai Tai', 'hm-ck16', 'Rum, triple sec, gold rum, lime juice & almond syrup.', 20000.00, NULL, 16, 1, '2026-05-14 22:48:10', '2026-05-14 22:48:10'),
(1532, 25, 210, 'Sex On The Beach', 'hm-ck17', 'Vodka, peach liqueur, juice & grenadine.', 20000.00, NULL, 17, 1, '2026-05-14 22:48:10', '2026-05-14 22:48:10'),
(1533, 25, 210, 'Gin Basil', 'hm-ck18', 'Gin, simple syrup, basil leaf & lemon juice.', 20000.00, NULL, 18, 1, '2026-05-14 22:48:10', '2026-05-14 22:48:10'),
(1534, 25, 210, 'Porn Star Martini', 'hm-ck19', 'Vanilla syrup, vodka, passion fruit liqueur, lime juice & sparkling wine.', 20000.00, NULL, 19, 1, '2026-05-14 22:48:10', '2026-05-14 22:48:10'),
(1535, 25, 210, 'Strawberry Daiquiri', 'hm-ck20', 'Rum, lime juice & syrup.', 20000.00, NULL, 20, 1, '2026-05-14 22:48:10', '2026-05-14 22:48:10'),
(1536, 25, 210, 'Whiskey Sour', 'hm-ck21', 'Lemon juice, simple syrup, bitters & egg.', 20000.00, NULL, 21, 1, '2026-05-14 22:48:10', '2026-05-14 22:48:10'),
(1537, 25, 210, 'Margarita', 'hm-ck22', 'Classic.', 22500.00, NULL, 22, 1, '2026-05-14 22:48:10', '2026-05-14 22:48:10'),
(1538, 25, 211, 'Mango Favez', 'hm-mk1', 'Mango puree, fresh mint leaf, lime juice, mango soda.', 18000.00, NULL, 1, 1, '2026-05-14 22:48:10', '2026-05-14 22:48:10'),
(1539, 25, 211, 'Sunny Breeze', 'hm-mk2', 'Coconut cordial, grapefruit juice, 7up.', 18000.00, NULL, 2, 1, '2026-05-14 22:48:10', '2026-05-14 22:48:10'),
(1540, 25, 211, 'Passion Rise', 'hm-mk3', 'Fresh passion fruit, grenadine syrup, orange juice, lime juice.', 18000.00, NULL, 3, 1, '2026-05-14 22:48:10', '2026-05-14 22:48:10'),
(1541, 25, 211, 'Goodluck Charm', 'hm-mk4', 'Grapefruit juice, guava juice, strawberry puree, cranberry juice.', 18000.00, NULL, 4, 1, '2026-05-14 22:48:10', '2026-05-14 22:48:10'),
(1542, 25, 211, 'Peach & Thyme Fizz', 'hm-mk5', 'Peach syrup, lemon juice, soda water.', 18000.00, NULL, 5, 1, '2026-05-14 22:48:10', '2026-05-14 22:48:10'),
(1543, 25, 211, 'Strawberry margarita', 'hm-mk6', NULL, 22500.00, NULL, 6, 1, '2026-05-14 22:48:10', '2026-05-14 22:48:10'),
(1544, 25, 212, 'Banana & Mango smoothie', 'hm-sm1', NULL, 18000.00, NULL, 1, 1, '2026-05-14 22:48:10', '2026-05-14 22:48:10'),
(1545, 25, 212, 'Watermelon & Strawberry smoothie', 'hm-sm2', NULL, 18000.00, NULL, 2, 1, '2026-05-14 22:48:10', '2026-05-14 22:48:10'),
(1546, 25, 212, 'Banana & Strawberry smoothie', 'hm-sm-bs', NULL, 18000.00, NULL, 3, 1, '2026-05-14 22:48:10', '2026-05-14 22:48:10'),
(1547, 25, 212, 'KALE Green smoothie', 'hm-sm3', NULL, 18000.00, NULL, 4, 1, '2026-05-14 22:48:10', '2026-05-14 22:48:10'),
(1548, 26, 213, 'Caesar Salad', 'fm-salads-caesar-salad', 'Lettuce, croutons, parmesan, grilled chicken, caesar dressing', 19500.00, NULL, 1, 1, '2026-05-17 21:36:14', '2026-05-17 21:36:14'),
(1549, 26, 213, 'Beetroot salad', 'fm-salads-beetroot-salad', 'Mixed leaves, Cherry tomatoes, Beetroot, Mushrooms, sweet corn, feta cheese, vinegar dressing', 18500.00, NULL, 2, 1, '2026-05-17 21:36:14', '2026-05-17 21:36:14'),
(1550, 26, 213, 'Shrimp Salad', 'fm-salads-shrimp-salad', 'Shrimps, mixed bell peppers, Mushrooms, mixed leaves and lemon mustard sauce', 22500.00, NULL, 3, 1, '2026-05-17 21:36:14', '2026-05-17 21:36:14'),
(1551, 26, 214, 'Loaded Fries — Boneless chicken', 'fm-appetizers-loaded-fries-boneless-chicken', 'Fries, chicken, mixed cheese, jalapeños, spicy mayo barbecue sauce', 15000.00, NULL, 1, 1, '2026-05-17 21:36:14', '2026-05-17 21:36:14'),
(1552, 26, 214, 'Loaded Fries — Chicken suya', 'fm-appetizers-loaded-fries-chicken-suya', 'Fries, chicken suya, onions, spicy suya mayo sauce', 15000.00, NULL, 2, 1, '2026-05-17 21:36:15', '2026-05-17 21:36:15'),
(1553, 26, 214, 'Loaded Fries — Beef suya', 'fm-appetizers-loaded-fries-beef-suya', 'Fries, beef suya, onions, spicy suya mayo sauce', 15000.00, NULL, 3, 1, '2026-05-17 21:36:15', '2026-05-17 21:36:15'),
(1554, 26, 214, 'Chicken wings', 'fm-appetizers-chicken-wings', 'Provençal, Barbecue or Nigerian mix', 10000.00, NULL, 4, 1, '2026-05-17 21:36:15', '2026-05-17 21:36:15'),
(1555, 26, 214, 'Mini Burgers Sliders', 'fm-appetizers-mini-burgers-sliders', 'A set of 3 mini burgers: chicken, classic and smash burger.', 15000.00, NULL, 5, 1, '2026-05-17 21:36:15', '2026-05-17 21:36:15'),
(1556, 26, 214, 'Mini Corn dog', 'fm-appetizers-mini-corn-dog', 'Breaded fried mini hotdog', 8000.00, NULL, 6, 1, '2026-05-17 21:36:15', '2026-05-17 21:36:15'),
(1557, 26, 214, 'Chicken pops', 'fm-appetizers-chicken-pops', 'Battered fried chicken with sweet chili sauce', 11000.00, NULL, 7, 1, '2026-05-17 21:36:15', '2026-05-17 21:36:15'),
(1558, 26, 214, 'Shrimp pops', 'fm-appetizers-shrimp-pops', 'Battered fried shrimps with sweet chili sauce', 13500.00, NULL, 8, 1, '2026-05-17 21:36:15', '2026-05-17 21:36:15'),
(1559, 26, 214, 'Beef tacos', 'fm-appetizers-beef-tacos', NULL, 12500.00, NULL, 9, 1, '2026-05-17 21:36:15', '2026-05-17 21:36:15'),
(1560, 26, 214, 'Chicken tacos', 'fm-appetizers-chicken-tacos', NULL, 12500.00, NULL, 10, 1, '2026-05-17 21:36:15', '2026-05-17 21:36:15'),
(1561, 26, 214, 'Shrimp tacos', 'fm-appetizers-shrimp-tacos', NULL, 14500.00, NULL, 11, 1, '2026-05-17 21:36:15', '2026-05-17 21:36:15'),
(1562, 26, 214, 'Chicken Suya Quesadilla', 'fm-appetizers-chicken-suya-quesadilla', NULL, 17000.00, NULL, 12, 1, '2026-05-17 21:36:15', '2026-05-17 21:36:15'),
(1563, 26, 214, 'Avocado Bruschetta', 'fm-appetizers-avocado-bruschetta', NULL, 9500.00, NULL, 13, 1, '2026-05-17 21:36:15', '2026-05-17 21:36:15'),
(1564, 26, 214, 'Tomato Bruschetta', 'fm-appetizers-tomato-bruschetta', NULL, 8000.00, NULL, 14, 1, '2026-05-17 21:36:15', '2026-05-17 21:36:15'),
(1565, 26, 215, 'Chicken avocado sandwich', 'fm-sandwiches-chicken-avocado-sandwich', 'Grilled chicken, lettuce, tomato, mayo, parmesan cheese guacamole sauce', 17000.00, NULL, 1, 1, '2026-05-17 21:36:15', '2026-05-17 21:36:15'),
(1566, 26, 215, 'Fajita', 'fm-sandwiches-fajita', 'Chicken, grilled mixed vegetables, mozzarella cheese', 13500.00, NULL, 2, 1, '2026-05-17 21:36:15', '2026-05-17 21:36:15'),
(1567, 26, 215, 'Philly Cheese steak', 'fm-sandwiches-philly-cheese-steak', 'Shredded beef, bell peppers, mushrooms, mozzarella cheese', 17000.00, NULL, 3, 1, '2026-05-17 21:36:15', '2026-05-17 21:36:15'),
(1568, 26, 215, 'Classic hotdog', 'fm-sandwiches-classic-hotdog', 'Hot dog, crispy matchsticks fries, onions, mustard, ketchup', 10000.00, NULL, 4, 1, '2026-05-17 21:36:15', '2026-05-17 21:36:15'),
(1569, 26, 215, 'Steak Sandwich Tuscan', 'fm-sandwiches-steak-sandwich-tuscan', 'Imported beef fillet, caramelised onions and mushrooms, sundried tomatoes, parmesan cheese', 28000.00, NULL, 5, 1, '2026-05-17 21:36:15', '2026-05-17 21:36:15'),
(1570, 26, 216, 'U F O', 'fm-burgers-u-f-o', 'Beef patty, tomatoes, lettuce, onions, pickles, cheddar sauce', 15000.00, NULL, 1, 1, '2026-05-17 21:36:15', '2026-05-17 21:36:15'),
(1571, 26, 216, 'Classic burger', 'fm-burgers-classic-burger', 'Beef patty, tomatoes, lettuce, pickles, spicy mayo sauce', 13500.00, NULL, 2, 1, '2026-05-17 21:36:15', '2026-05-17 21:36:15'),
(1572, 26, 216, 'Smash burger', 'fm-burgers-smash-burger', 'Double smashed beef, cheddar cheese, pickles, lettuce, burger sauce', 16000.00, NULL, 3, 1, '2026-05-17 21:36:15', '2026-05-17 21:36:15'),
(1573, 26, 216, 'S&S Burger', 'fm-burgers-sands-burger', 'Beef patty, caramelised onions and mushrooms, mozzarella, cheddar sauce', 20000.00, NULL, 4, 1, '2026-05-17 21:36:15', '2026-05-17 21:36:15'),
(1574, 26, 216, 'Chicken suya burger', 'fm-burgers-chicken-suya-burger', 'Chicken suya, tomatoes, onions, lettuce, cucumber and suya mayo sauce', 16500.00, NULL, 5, 1, '2026-05-17 21:36:15', '2026-05-17 21:36:15'),
(1575, 26, 216, 'Nashville Chicken Burger', 'fm-burgers-nashville-chicken-burger', 'Breaded fried chicken dipped sweet chilli sauce, tomato, pickles and honey mustard sauce.', 18000.00, NULL, 6, 1, '2026-05-17 21:36:15', '2026-05-17 21:36:15'),
(1576, 26, 217, 'Whole chicken', 'fm-fried-chicken-whole-chicken', 'Comes with coleslaw, jollof rice and French fries. 10 pcs.', 33500.00, NULL, 1, 1, '2026-05-17 21:36:15', '2026-05-17 21:36:15'),
(1577, 26, 217, 'Half chicken', 'fm-fried-chicken-half-chicken', 'Comes with coleslaw, jollof rice and French fries. 5 pcs.', 19000.00, NULL, 2, 1, '2026-05-17 21:36:15', '2026-05-17 21:36:15'),
(1578, 26, 218, 'Grilled Chicken Breast', 'fm-mains-grilled-chicken-breast', NULL, 22000.00, NULL, 1, 1, '2026-05-17 21:36:15', '2026-05-17 21:36:15'),
(1579, 26, 218, 'Ribeye', 'fm-mains-ribeye', NULL, 46000.00, NULL, 2, 1, '2026-05-17 21:36:15', '2026-05-17 21:36:15'),
(1580, 26, 218, 'Lamb chops', 'fm-mains-lamb-chops', NULL, 39000.00, NULL, 3, 1, '2026-05-17 21:36:15', '2026-05-17 21:36:15'),
(1581, 26, 218, 'Fish and chips', 'fm-mains-fish-and-chips', NULL, 24000.00, NULL, 4, 1, '2026-05-17 21:36:15', '2026-05-17 21:36:15'),
(1582, 26, 218, 'Grilled Jumbo Prawns', 'fm-mains-grilled-jumbo-prawns', NULL, 33000.00, NULL, 5, 1, '2026-05-17 21:36:15', '2026-05-17 21:36:15'),
(1583, 26, 218, 'Grilled Salmon', 'fm-mains-grilled-salmon', NULL, 31000.00, NULL, 6, 1, '2026-05-17 21:36:15', '2026-05-17 21:36:15'),
(1584, 26, 218, 'Grilled Chicken Lap', 'fm-mains-grilled-chicken-lap', NULL, 18000.00, NULL, 7, 1, '2026-05-17 21:36:15', '2026-05-17 21:36:15'),
(1585, 26, 219, 'French fries', 'fm-sides-french-fries', NULL, 5000.00, NULL, 1, 1, '2026-05-17 21:36:15', '2026-05-17 21:36:15'),
(1586, 26, 219, 'Fried yam', 'fm-sides-fried-yam', NULL, 5000.00, NULL, 2, 1, '2026-05-17 21:36:15', '2026-05-17 21:36:15'),
(1587, 26, 219, 'Fried plantain', 'fm-sides-fried-plantain', NULL, 5000.00, NULL, 3, 1, '2026-05-17 21:36:15', '2026-05-17 21:36:15'),
(1588, 26, 219, 'Jollof rice', 'fm-sides-jollof-rice', NULL, 6500.00, NULL, 4, 1, '2026-05-17 21:36:15', '2026-05-17 21:36:15'),
(1589, 26, 219, 'Mashed potatoes', 'fm-sides-mashed-potatoes', NULL, 6000.00, NULL, 5, 1, '2026-05-17 21:36:15', '2026-05-17 21:36:15'),
(1590, 26, 220, 'Penne Arrabbiata', 'fm-pasta-penne-arrabbiata', 'Penne pasta, arrabbiata sauce, parmesan cheese.', 16000.00, NULL, 1, 1, '2026-05-17 21:36:15', '2026-05-17 21:36:15'),
(1591, 26, 220, 'Rigatoni chicken Alfredo', 'fm-pasta-rigatoni-chicken-alfredo', 'White sauce, chicken, parmesan cheese, mushrooms', 19500.00, NULL, 2, 1, '2026-05-17 21:36:15', '2026-05-17 21:36:15'),
(1592, 26, 220, 'Spaghetti Bolognese', 'fm-pasta-spaghetti-bolognese', 'Spaghetti, tomato sauce, minced beef', 18000.00, NULL, 3, 1, '2026-05-17 21:36:15', '2026-05-17 21:36:15'),
(1593, 26, 220, 'Prawn Linguine', 'fm-pasta-prawn-linguine', 'Linguine pasta, prawns and tomato chili sauce', 25000.00, NULL, 4, 1, '2026-05-17 21:36:15', '2026-05-17 21:36:15'),
(1594, 26, 220, 'Mac and cheese', 'fm-pasta-mac-and-cheese', 'Macaroni, cheddar sauce and mozzarella cheese', 14000.00, NULL, 5, 1, '2026-05-17 21:36:15', '2026-05-17 21:36:15'),
(1595, 26, 221, 'Margherita', 'fm-pizza-margherita', 'Tomato sauce, mozzarella cheese', 16500.00, NULL, 1, 1, '2026-05-17 21:36:15', '2026-05-17 21:36:15'),
(1596, 26, 221, 'Pepperoni', 'fm-pizza-pepperoni', 'Tomato sauce, mozzarella cheese, beef pepperoni', 21000.00, NULL, 2, 1, '2026-05-17 21:36:15', '2026-05-17 21:36:15'),
(1597, 26, 221, 'Vegetarian', 'fm-pizza-vegetarian', 'Tomato sauce, mozzarella cheese, mixed vegetables', 19000.00, NULL, 3, 1, '2026-05-17 21:36:15', '2026-05-17 21:36:15'),
(1598, 26, 221, 'Naija', 'fm-pizza-naija', 'Tomato sauce, mozzarella cheese, Chicken suya, and suya mayo sauce', 22000.00, NULL, 4, 1, '2026-05-17 21:36:15', '2026-05-17 21:36:15'),
(1599, 26, 222, 'Chicken Suya', 'fm-nigerian-chicken-suya', NULL, 8500.00, NULL, 1, 1, '2026-05-17 21:36:15', '2026-05-17 21:36:15'),
(1600, 26, 222, 'Beef Suya', 'fm-nigerian-beef-suya', NULL, 10000.00, NULL, 2, 1, '2026-05-17 21:36:15', '2026-05-17 21:36:15'),
(1601, 26, 222, 'Goat Asun', 'fm-nigerian-goat-asun', 'Assorted goat meat with mixed bell pepper, onions and chili sauce', 14000.00, NULL, 3, 1, '2026-05-17 21:36:15', '2026-05-17 21:36:15'),
(1602, 26, 222, 'Pepper Snails', 'fm-nigerian-pepper-snails', 'Pan fried snail with mixed bell pepper and chili sauce', 19500.00, NULL, 4, 1, '2026-05-17 21:36:15', '2026-05-17 21:36:15'),
(1603, 26, 222, 'Grilled Croacker Fish', 'fm-nigerian-grilled-croacker-fish', 'Grilled croaker fish with your choice of side', 25000.00, NULL, 5, 1, '2026-05-17 21:36:15', '2026-05-17 21:36:15'),
(1604, 26, 222, 'Pepper Steak', 'fm-nigerian-pepper-steak', 'Sliced grilled beef with our special pepper sauce. Comes with mashed potatoes.', 25000.00, NULL, 6, 1, '2026-05-17 21:36:15', '2026-05-17 21:36:15'),
(1605, 26, 222, 'Nigerian Poke Bowl', 'fm-nigerian-nigerian-poke-bowl', 'Bowl of jollof rice, suya (beef or chicken), plantain, chopped onions and tomatoes', 18500.00, NULL, 7, 1, '2026-05-17 21:36:15', '2026-05-17 21:36:15'),
(1606, 26, 222, 'Nigerian Platter', 'fm-nigerian-nigerian-platter', 'Beef suya, chicken suya, chicken wings, jollof rice, plantain, and fried yam', 38000.00, NULL, 8, 1, '2026-05-17 21:36:15', '2026-05-17 21:36:15'),
(1607, 26, 222, 'Seafood Platter', 'fm-nigerian-seafood-platter', 'Fried calamari, shrimp pops, Nigerian shrimp mix, battered fried fish, plantain, French fries and jollof', 48000.00, NULL, 9, 1, '2026-05-17 21:36:15', '2026-05-17 21:36:15'),
(1608, 26, 223, 'French toast', 'fm-dessert-french-toast', NULL, 11500.00, NULL, 1, 1, '2026-05-17 21:36:15', '2026-05-17 21:36:15'),
(1609, 26, 223, 'Churros', 'fm-dessert-churros', NULL, 9000.00, NULL, 2, 1, '2026-05-17 21:36:15', '2026-05-17 21:36:15'),
(1610, 26, 223, 'UFO SPLASH', 'fm-dessert-ufo-splash', NULL, 12000.00, NULL, 3, 1, '2026-05-17 21:36:15', '2026-05-17 21:36:15'),
(1611, 26, 223, 'Ice cream Delight', 'fm-dessert-ice-cream-delight', NULL, 7500.00, NULL, 4, 1, '2026-05-17 21:36:15', '2026-05-17 21:36:15'),
(1612, 26, 224, 'Espresso', 'dm-hot-drinks-espresso', NULL, 4000.00, NULL, 1, 1, '2026-05-17 21:36:15', '2026-05-17 21:36:15'),
(1613, 26, 224, 'Americano', 'dm-hot-drinks-americano', NULL, 5000.00, NULL, 2, 1, '2026-05-17 21:36:15', '2026-05-17 21:36:15'),
(1614, 26, 224, 'Cappuccino', 'dm-hot-drinks-cappuccino', NULL, 6500.00, NULL, 3, 1, '2026-05-17 21:36:15', '2026-05-17 21:36:15'),
(1615, 26, 224, 'Café Latte', 'dm-hot-drinks-caf-latte', NULL, 6500.00, NULL, 4, 1, '2026-05-17 21:36:15', '2026-05-17 21:36:15'),
(1616, 26, 224, 'Tea selection', 'dm-hot-drinks-tea-selection', NULL, 4500.00, NULL, 5, 1, '2026-05-17 21:36:15', '2026-05-17 21:36:15'),
(1617, 26, 225, 'Soft drinks', 'dm-soft-drinks-soft-drinks', NULL, 2000.00, NULL, 1, 1, '2026-05-17 21:36:15', '2026-05-17 21:36:15'),
(1618, 26, 225, 'Water Small', 'dm-soft-drinks-water-small', NULL, 1500.00, NULL, 2, 1, '2026-05-17 21:36:15', '2026-05-17 21:36:15'),
(1619, 26, 225, 'Water Big', 'dm-soft-drinks-water-big', NULL, 2500.00, NULL, 3, 1, '2026-05-17 21:36:15', '2026-05-17 21:36:15'),
(1620, 26, 225, 'Red Bull', 'dm-soft-drinks-red-bull', NULL, 4000.00, NULL, 4, 1, '2026-05-17 21:36:15', '2026-05-17 21:36:15'),
(1621, 26, 225, 'Tonic', 'dm-soft-drinks-tonic', NULL, 2000.00, NULL, 5, 1, '2026-05-17 21:36:15', '2026-05-17 21:36:15'),
(1622, 26, 225, 'Soda Water', 'dm-soft-drinks-soda-water', NULL, 2000.00, NULL, 6, 1, '2026-05-17 21:36:15', '2026-05-17 21:36:15'),
(1623, 26, 225, 'Sparkling water small', 'dm-soft-drinks-sparkling-water-small', NULL, 4500.00, NULL, 7, 1, '2026-05-17 21:36:15', '2026-05-17 21:36:15'),
(1624, 26, 225, 'Sparkling water big', 'dm-soft-drinks-sparkling-water-big', NULL, 8000.00, NULL, 8, 1, '2026-05-17 21:36:15', '2026-05-17 21:36:15'),
(1625, 26, 226, 'Watermelon', 'dm-fresh-juices-watermelon', NULL, 5000.00, NULL, 1, 1, '2026-05-17 21:36:15', '2026-05-17 21:36:15'),
(1626, 26, 226, 'Pineapple', 'dm-fresh-juices-pineapple', NULL, 5000.00, NULL, 2, 1, '2026-05-17 21:36:15', '2026-05-17 21:36:15'),
(1627, 26, 226, 'Mango', 'dm-fresh-juices-mango', NULL, 6500.00, NULL, 3, 1, '2026-05-17 21:36:15', '2026-05-17 21:36:15'),
(1628, 26, 226, 'Carrot', 'dm-fresh-juices-carrot', NULL, 5500.00, NULL, 4, 1, '2026-05-17 21:36:15', '2026-05-17 21:36:15'),
(1629, 26, 227, 'Oreo milkshake', 'dm-milkshakes-oreo-milkshake', NULL, 7000.00, NULL, 1, 1, '2026-05-17 21:36:15', '2026-05-17 21:36:15'),
(1630, 26, 227, 'Chocolate', 'dm-milkshakes-chocolate', NULL, 7000.00, NULL, 2, 1, '2026-05-17 21:36:15', '2026-05-17 21:36:15'),
(1631, 26, 227, 'Vanilla', 'dm-milkshakes-vanilla', NULL, 7000.00, NULL, 3, 1, '2026-05-17 21:36:15', '2026-05-17 21:36:15'),
(1632, 26, 227, 'Strawberry', 'dm-milkshakes-strawberry', NULL, 7000.00, NULL, 4, 1, '2026-05-17 21:36:15', '2026-05-17 21:36:15'),
(1633, 26, 228, 'Tropical dream', 'dm-mocktails-tropical-dream', NULL, 10500.00, NULL, 1, 1, '2026-05-17 21:36:15', '2026-05-17 21:36:15'),
(1634, 26, 228, 'Date night', 'dm-mocktails-date-night', NULL, 10500.00, NULL, 2, 1, '2026-05-17 21:36:15', '2026-05-17 21:36:15'),
(1635, 26, 228, 'Fruity iceberg', 'dm-mocktails-fruity-iceberg', NULL, 10500.00, NULL, 3, 1, '2026-05-17 21:36:15', '2026-05-17 21:36:15'),
(1636, 26, 228, 'Twilght', 'dm-mocktails-twilght', NULL, 10500.00, NULL, 4, 1, '2026-05-17 21:36:15', '2026-05-17 21:36:15'),
(1637, 26, 229, 'Gold Mine', 'dm-signature-cocktail-gold-mine', NULL, 16500.00, NULL, 1, 1, '2026-05-17 21:36:15', '2026-05-17 21:36:15'),
(1638, 26, 229, 'Sweet sensation', 'dm-signature-cocktail-sweet-sensation', NULL, 16500.00, NULL, 2, 1, '2026-05-17 21:36:15', '2026-05-17 21:36:15'),
(1639, 26, 229, 'Green Land', 'dm-signature-cocktail-green-land', NULL, 16500.00, NULL, 3, 1, '2026-05-17 21:36:15', '2026-05-17 21:36:15'),
(1640, 26, 229, 'Margua Crusta', 'dm-signature-cocktail-margua-crusta', NULL, 16500.00, NULL, 4, 1, '2026-05-17 21:36:15', '2026-05-17 21:36:15'),
(1641, 26, 229, 'Smoked Sazerac', 'dm-signature-cocktail-smoked-sazerac', NULL, 16500.00, NULL, 5, 1, '2026-05-17 21:36:15', '2026-05-17 21:36:15'),
(1642, 26, 229, 'Lychee Blossom', 'dm-signature-cocktail-lychee-blossom', NULL, 16500.00, NULL, 6, 1, '2026-05-17 21:36:15', '2026-05-17 21:36:15'),
(1643, 26, 229, 'Social island', 'dm-signature-cocktail-social-island', NULL, 16500.00, NULL, 7, 1, '2026-05-17 21:36:15', '2026-05-17 21:36:15'),
(1644, 26, 230, 'Porn star martini', 'dm-cocktails-porn-star-martini', NULL, 15000.00, NULL, 1, 1, '2026-05-17 21:36:15', '2026-05-17 21:36:15'),
(1645, 26, 230, 'Old Fashioned', 'dm-cocktails-old-fashioned', NULL, 13500.00, NULL, 2, 1, '2026-05-17 21:36:15', '2026-05-17 21:36:15'),
(1646, 26, 230, 'Negroni', 'dm-cocktails-negroni', NULL, 13500.00, NULL, 3, 1, '2026-05-17 21:36:15', '2026-05-17 21:36:15'),
(1647, 26, 230, 'Long Island', 'dm-cocktails-long-island', NULL, 15000.00, NULL, 4, 1, '2026-05-17 21:36:15', '2026-05-17 21:36:15'),
(1648, 26, 230, 'Mojito', 'dm-cocktails-mojito', NULL, 13500.00, NULL, 5, 1, '2026-05-17 21:36:15', '2026-05-17 21:36:15'),
(1649, 26, 230, 'Margarita', 'dm-cocktails-margarita', NULL, 13500.00, NULL, 6, 1, '2026-05-17 21:36:15', '2026-05-17 21:36:15'),
(1650, 26, 230, 'Gin Basil', 'dm-cocktails-gin-basil', NULL, 13500.00, NULL, 7, 1, '2026-05-17 21:36:15', '2026-05-17 21:36:15'),
(1651, 26, 230, 'Mimosa', 'dm-cocktails-mimosa', NULL, 13500.00, NULL, 8, 1, '2026-05-17 21:36:15', '2026-05-17 21:36:15'),
(1652, 26, 230, 'Aperol spritz', 'dm-cocktails-aperol-spritz', NULL, 13500.00, NULL, 9, 1, '2026-05-17 21:36:15', '2026-05-17 21:36:15'),
(1653, 26, 230, 'Dry Martini', 'dm-cocktails-dry-martini', NULL, 13500.00, NULL, 10, 1, '2026-05-17 21:36:15', '2026-05-17 21:36:15'),
(1654, 26, 230, 'Espresso Martini', 'dm-cocktails-espresso-martini', NULL, 13500.00, NULL, 11, 1, '2026-05-17 21:36:15', '2026-05-17 21:36:15'),
(1655, 26, 230, 'Whiskey sour', 'dm-cocktails-whiskey-sour', NULL, 13500.00, NULL, 12, 1, '2026-05-17 21:36:15', '2026-05-17 21:36:15'),
(1656, 26, 230, 'Cosmopolitan', 'dm-cocktails-cosmopolitan', NULL, 13500.00, NULL, 13, 1, '2026-05-17 21:36:15', '2026-05-17 21:36:15'),
(1657, 26, 230, 'Colada', 'dm-cocktails-colada', NULL, 13500.00, NULL, 14, 1, '2026-05-17 21:36:15', '2026-05-17 21:36:15'),
(1658, 26, 231, 'Heineken Draught', 'dm-beer-heineken-draught', NULL, 5000.00, NULL, 1, 1, '2026-05-17 21:36:15', '2026-05-17 21:36:15'),
(1659, 26, 231, 'Tiger Draught', 'dm-beer-tiger-draught', NULL, 4000.00, NULL, 2, 1, '2026-05-17 21:36:15', '2026-05-17 21:36:15'),
(1660, 26, 231, 'Guinness Draught', 'dm-beer-guinness-draught', NULL, 5000.00, NULL, 3, 1, '2026-05-17 21:36:15', '2026-05-17 21:36:15'),
(1661, 26, 231, 'Budweiser', 'dm-beer-budweiser', NULL, 5000.00, NULL, 4, 1, '2026-05-17 21:36:15', '2026-05-17 21:36:15'),
(1662, 26, 231, 'Castle Lite', 'dm-beer-castle-lite', NULL, 5000.00, NULL, 5, 1, '2026-05-17 21:36:15', '2026-05-17 21:36:15'),
(1663, 26, 231, 'Gulder', 'dm-beer-gulder', NULL, 5000.00, NULL, 6, 1, '2026-05-17 21:36:15', '2026-05-17 21:36:15'),
(1664, 26, 231, 'Desperado', 'dm-beer-desperado', NULL, 5000.00, NULL, 7, 1, '2026-05-17 21:36:15', '2026-05-17 21:36:15'),
(1665, 26, 232, 'Smirnoff Ice Original', 'dm-ready-to-drink-smirnoff-ice-original', NULL, 5000.00, NULL, 1, 1, '2026-05-17 21:36:15', '2026-05-17 21:36:15'),
(1666, 26, 232, 'Smirnoff Ice Double Black Can', 'dm-ready-to-drink-smirnoff-ice-double-black-can', NULL, 5000.00, NULL, 2, 1, '2026-05-17 21:36:15', '2026-05-17 21:36:15'),
(1667, 26, 233, 'Belvedere', 'dm-vodka-belvedere', 'Shot = ₦8,000', 165000.00, NULL, 1, 1, '2026-05-17 21:36:15', '2026-05-17 21:36:15'),
(1668, 26, 233, 'Grey Goose', 'dm-vodka-grey-goose', 'Shot = ₦5,000', 115000.00, NULL, 2, 1, '2026-05-17 21:36:15', '2026-05-17 21:36:15'),
(1669, 26, 233, 'Beluga', 'dm-vodka-beluga', 'Shot = ₦5,000', 110000.00, NULL, 3, 1, '2026-05-17 21:36:15', '2026-05-17 21:36:15'),
(1670, 26, 233, 'Skyy', 'dm-vodka-skyy', 'Shot = ₦3,500', 70000.00, NULL, 4, 1, '2026-05-17 21:36:15', '2026-05-17 21:36:15'),
(1671, 26, 234, 'Azul Reposado', 'dm-tequila-azul-reposado', NULL, 700000.00, NULL, 1, 1, '2026-05-17 21:36:15', '2026-05-17 21:36:15'),
(1672, 26, 234, 'Don Julio 1942', 'dm-tequila-don-julio-1942', NULL, 750000.00, NULL, 2, 1, '2026-05-17 21:36:15', '2026-05-17 21:36:15'),
(1673, 26, 234, 'Casamigos Reposado', 'dm-tequila-casamigos-reposado', NULL, 290000.00, NULL, 3, 1, '2026-05-17 21:36:15', '2026-05-17 21:36:15'),
(1674, 26, 234, 'Casamigos Añejo', 'dm-tequila-casamigos-a-ejo', NULL, 390000.00, NULL, 4, 1, '2026-05-17 21:36:15', '2026-05-17 21:36:15'),
(1675, 26, 234, 'Teremana Reposado', 'dm-tequila-teremana-reposado', NULL, 240000.00, NULL, 5, 1, '2026-05-17 21:36:15', '2026-05-17 21:36:15'),
(1676, 26, 234, 'El Mayór Blanco', 'dm-tequila-el-may-r-blanco', NULL, 140000.00, NULL, 6, 1, '2026-05-17 21:36:15', '2026-05-17 21:36:15'),
(1677, 26, 234, 'El Mayór Reposado', 'dm-tequila-el-may-r-reposado', NULL, 230000.00, NULL, 7, 1, '2026-05-17 21:36:15', '2026-05-17 21:36:15'),
(1678, 26, 234, 'El Mayór Añejo', 'dm-tequila-el-may-r-a-ejo', NULL, 280000.00, NULL, 8, 1, '2026-05-17 21:36:15', '2026-05-17 21:36:15'),
(1679, 26, 234, 'Patrón Blanco', 'dm-tequila-patr-n-blanco', 'Shot = ₦6,500', 135000.00, NULL, 9, 1, '2026-05-17 21:36:15', '2026-05-17 21:36:15'),
(1680, 26, 234, 'Patrón Reposado', 'dm-tequila-patr-n-reposado', 'Shot = ₦8,000', 170000.00, NULL, 10, 1, '2026-05-17 21:36:15', '2026-05-17 21:36:15'),
(1681, 26, 234, 'Patrón Añejo', 'dm-tequila-patr-n-a-ejo', 'Shot = ₦9,000', 210000.00, NULL, 11, 1, '2026-05-17 21:36:15', '2026-05-17 21:36:15'),
(1682, 26, 234, 'Mijenta Blanco', 'dm-tequila-mijenta-blanco', 'Shot = ₦7,000', 145000.00, NULL, 12, 1, '2026-05-17 21:36:15', '2026-05-17 21:36:15'),
(1683, 26, 234, 'Mijenta Reposado', 'dm-tequila-mijenta-reposado', NULL, 280000.00, NULL, 13, 1, '2026-05-17 21:36:15', '2026-05-17 21:36:15'),
(1684, 26, 234, 'Jose Cuervo Blanco', 'dm-tequila-jose-cuervo-blanco', 'Shot = ₦3,500', 80000.00, NULL, 14, 1, '2026-05-17 21:36:15', '2026-05-17 21:36:15'),
(1685, 26, 235, 'Peaky Blinders', 'dm-rum-peaky-blinders', 'Shot = ₦4,000', 80000.00, NULL, 1, 1, '2026-05-17 21:36:15', '2026-05-17 21:36:15'),
(1686, 26, 235, 'Bacardí White', 'dm-rum-bacard-white', 'Shot = ₦3,500', 70000.00, NULL, 2, 1, '2026-05-17 21:36:15', '2026-05-17 21:36:15'),
(1687, 26, 235, 'Bacardí Oak Heart', 'dm-rum-bacard-oak-heart', 'Shot = ₦3,500', 70000.00, NULL, 3, 1, '2026-05-17 21:36:15', '2026-05-17 21:36:15'),
(1688, 26, 235, 'Diplomático', 'dm-rum-diplom-tico', NULL, 180000.00, NULL, 4, 1, '2026-05-17 21:36:15', '2026-05-17 21:36:15'),
(1689, 26, 235, 'Captain Morgan', 'dm-rum-captain-morgan', NULL, 55000.00, NULL, 5, 1, '2026-05-17 21:36:15', '2026-05-17 21:36:15'),
(1690, 26, 236, 'Hendrick\'s', 'dm-gin-hendrick-s', 'Shot = ₦6,500', 140000.00, NULL, 1, 1, '2026-05-17 21:36:15', '2026-05-17 21:36:15'),
(1691, 26, 236, 'Bombay Sapphire', 'dm-gin-bombay-sapphire', 'Shot = ₦3,500', 85000.00, NULL, 2, 1, '2026-05-17 21:36:15', '2026-05-17 21:36:15'),
(1692, 26, 236, 'Tanqueray N.10', 'dm-gin-tanqueray-n-10', 'Shot = ₦5,000', 100000.00, NULL, 3, 1, '2026-05-17 21:36:15', '2026-05-17 21:36:15'),
(1693, 26, 236, 'Gin Mare', 'dm-gin-gin-mare', 'Shot = ₦5,500', 110000.00, NULL, 4, 1, '2026-05-17 21:36:15', '2026-05-17 21:36:15'),
(1694, 26, 236, 'Three Brothers', 'dm-gin-three-brothers', NULL, 165000.00, NULL, 5, 1, '2026-05-17 21:36:15', '2026-05-17 21:36:15'),
(1695, 26, 236, 'Pedro\'s Ogogoro Gin', 'dm-gin-pedro-s-ogogoro-gin', NULL, 80000.00, NULL, 6, 1, '2026-05-17 21:36:15', '2026-05-17 21:36:15'),
(1696, 26, 236, 'Gordon\'s Pink Berry', 'dm-gin-gordon-s-pink-berry', NULL, 60000.00, NULL, 7, 1, '2026-05-17 21:36:15', '2026-05-17 21:36:15'),
(1697, 26, 237, 'Singleton 12', 'dm-whiskey-singleton-12', 'Glass = ₦11,500', 160000.00, NULL, 1, 1, '2026-05-17 21:36:15', '2026-05-17 21:36:15'),
(1698, 26, 237, 'Singleton 15', 'dm-whiskey-singleton-15', 'Glass = ₦14,500', 200000.00, NULL, 2, 1, '2026-05-17 21:36:15', '2026-05-17 21:36:15'),
(1699, 26, 237, 'Glenfiddich 12', 'dm-whiskey-glenfiddich-12', 'Shot = ₦8,000', 180000.00, NULL, 3, 1, '2026-05-17 21:36:15', '2026-05-17 21:36:15'),
(1700, 26, 237, 'Glenfiddich 15', 'dm-whiskey-glenfiddich-15', 'Shot = ₦10,000', 225000.00, NULL, 4, 1, '2026-05-17 21:36:15', '2026-05-17 21:36:15'),
(1701, 26, 237, 'Glenfiddich 18', 'dm-whiskey-glenfiddich-18', 'Shot = ₦14,000', 300000.00, NULL, 5, 1, '2026-05-17 21:36:15', '2026-05-17 21:36:15'),
(1702, 26, 237, 'Monkey Shoulder', 'dm-whiskey-monkey-shoulder', 'Shot = ₦5,000', 100000.00, NULL, 6, 1, '2026-05-17 21:36:15', '2026-05-17 21:36:15'),
(1703, 26, 237, 'Kilchoman', 'dm-whiskey-kilchoman', NULL, 280000.00, NULL, 7, 1, '2026-05-17 21:36:15', '2026-05-17 21:36:15'),
(1704, 26, 237, 'Jack Daniel\'s', 'dm-whiskey-jack-daniel-s', 'Shots = ₦4,000', 80000.00, NULL, 8, 1, '2026-05-17 21:36:15', '2026-05-17 21:36:15'),
(1705, 26, 237, 'Jameson', 'dm-whiskey-jameson', 'Shot = ₦4,000', 85000.00, NULL, 9, 1, '2026-05-17 21:36:15', '2026-05-17 21:36:15'),
(1706, 26, 237, 'Jameson Black Barrel', 'dm-whiskey-jameson-black-barrel', 'Shot = ₦5,000', 100000.00, NULL, 10, 1, '2026-05-17 21:36:15', '2026-05-17 21:36:15'),
(1707, 26, 237, 'Johnnie Walker Gold Label', 'dm-whiskey-johnnie-walker-gold-label', NULL, 185000.00, NULL, 11, 1, '2026-05-17 21:36:15', '2026-05-17 21:36:15'),
(1708, 26, 237, 'Johnnie Walker Black Label', 'dm-whiskey-johnnie-walker-black-label', 'Shot = ₦5,000', 105000.00, NULL, 12, 1, '2026-05-17 21:36:15', '2026-05-17 21:36:15'),
(1709, 26, 237, 'Akashi', 'dm-whiskey-akashi', NULL, 170000.00, NULL, 13, 1, '2026-05-17 21:36:15', '2026-05-17 21:36:15'),
(1710, 26, 237, 'Kavalan', 'dm-whiskey-kavalan', NULL, 280000.00, NULL, 14, 1, '2026-05-17 21:36:15', '2026-05-17 21:36:15'),
(1711, 26, 238, 'Rémy Martin VS', 'dm-cognac-r-my-martin-vs', 'Shot = ₦7,000', 175000.00, NULL, 1, 1, '2026-05-17 21:36:15', '2026-05-17 21:36:15'),
(1712, 26, 238, 'Rémy Martin VSOP', 'dm-cognac-r-my-martin-vsop', NULL, 240000.00, NULL, 2, 1, '2026-05-17 21:36:15', '2026-05-17 21:36:15'),
(1713, 26, 238, 'Rémy Martin 1738', 'dm-cognac-r-my-martin-1738', 'Shot = ₦19,000', 280000.00, NULL, 3, 1, '2026-05-17 21:36:15', '2026-05-17 21:36:15'),
(1714, 26, 238, 'Rémy Martin XO', 'dm-cognac-r-my-martin-xo', NULL, 700000.00, NULL, 4, 1, '2026-05-17 21:36:15', '2026-05-17 21:36:15'),
(1715, 26, 238, 'Hennessy VSOP', 'dm-cognac-hennessy-vsop', NULL, 280000.00, NULL, 5, 1, '2026-05-17 21:36:15', '2026-05-17 21:36:15'),
(1716, 26, 238, 'Hennessy VS', 'dm-cognac-hennessy-vs', 'Shot = ₦7,000', 175000.00, NULL, 6, 1, '2026-05-17 21:36:15', '2026-05-17 21:36:15'),
(1717, 26, 238, 'Martell XO', 'dm-cognac-martell-xo', NULL, 800000.00, NULL, 7, 1, '2026-05-17 21:36:15', '2026-05-17 21:36:15'),
(1718, 26, 238, 'Martell Blue Swift', 'dm-cognac-martell-blue-swift', NULL, 250000.00, NULL, 8, 1, '2026-05-17 21:36:15', '2026-05-17 21:36:15'),
(1719, 26, 238, 'Martell VS', 'dm-cognac-martell-vs', 'Shot = ₦7,000', 150000.00, NULL, 9, 1, '2026-05-17 21:36:15', '2026-05-17 21:36:15'),
(1720, 26, 239, 'Jägermeister', 'dm-liqueur-j-germeister', 'Shot = ₦3,500', 80000.00, NULL, 1, 1, '2026-05-17 21:36:15', '2026-05-17 21:36:15'),
(1721, 26, 239, 'Arak', 'dm-liqueur-arak', 'Shot = ₦3,500', 70000.00, NULL, 2, 1, '2026-05-17 21:36:15', '2026-05-17 21:36:15'),
(1722, 26, 239, 'Campari', 'dm-liqueur-campari', 'Shot = ₦3,000', 60000.00, NULL, 3, 1, '2026-05-17 21:36:15', '2026-05-17 21:36:15'),
(1723, 26, 240, 'Kopke white', 'dm-wine-kopke-white', 'Porto sweet white wine', 70000.00, NULL, 1, 1, '2026-05-17 21:36:15', '2026-05-17 21:36:15'),
(1724, 26, 240, 'Kopke red', 'dm-wine-kopke-red', 'Porto sweet red wine', 70000.00, NULL, 2, 1, '2026-05-17 21:36:15', '2026-05-17 21:36:15'),
(1725, 26, 240, 'Kopke 2018', 'dm-wine-kopke-2018', 'Porto sweet red wine', 115000.00, NULL, 3, 1, '2026-05-17 21:36:15', '2026-05-17 21:36:15'),
(1726, 26, 240, 'Alma De Vega Honesty', 'dm-wine-alma-de-vega-honesty', 'Dry white wine', 45000.00, NULL, 4, 1, '2026-05-17 21:36:15', '2026-05-17 21:36:15'),
(1727, 26, 240, 'Alma De Vega Love', 'dm-wine-alma-de-vega-love', 'Semi-sweet white wine', 45000.00, NULL, 5, 1, '2026-05-17 21:36:15', '2026-05-17 21:36:15'),
(1728, 26, 240, 'Alma De Vega Sensibility', 'dm-wine-alma-de-vega-sensibility', 'Sweet rosé wine', 45000.00, NULL, 6, 1, '2026-05-17 21:36:15', '2026-05-17 21:36:15'),
(1729, 26, 240, 'Alma De Vega Respect', 'dm-wine-alma-de-vega-respect', 'Dry red wine', 45000.00, NULL, 7, 1, '2026-05-17 21:36:15', '2026-05-17 21:36:15'),
(1730, 26, 240, 'Wine glass', 'dm-wine-wine-glass', NULL, 8000.00, NULL, 8, 1, '2026-05-17 21:36:15', '2026-05-17 21:36:15'),
(1731, 26, 240, 'Alma de Vega Sparkling Rosé', 'dm-wine-alma-de-vega-sparkling-ros', NULL, 60000.00, NULL, 9, 1, '2026-05-17 21:36:15', '2026-05-17 21:36:15'),
(1732, 26, 240, 'Amabile Di Rosa', 'dm-wine-amabile-di-rosa', 'Sweet red, white and rosé', 45000.00, NULL, 10, 1, '2026-05-17 21:36:15', '2026-05-17 21:36:15'),
(1733, 26, 241, 'Moët Brut', 'dm-champagne-mo-t-brut', NULL, 225000.00, NULL, 1, 1, '2026-05-17 21:36:15', '2026-05-17 21:36:15'),
(1734, 26, 241, 'Moët Nectar Rosé', 'dm-champagne-mo-t-nectar-ros', NULL, 290000.00, NULL, 2, 1, '2026-05-17 21:36:15', '2026-05-17 21:36:15'),
(1735, 26, 241, 'Laurent Perrier Brut', 'dm-champagne-laurent-perrier-brut', NULL, 260000.00, NULL, 3, 1, '2026-05-17 21:36:15', '2026-05-17 21:36:15'),
(1736, 26, 241, 'Laurent Perrier Demi Sec', 'dm-champagne-laurent-perrier-demi-sec', NULL, 270000.00, NULL, 4, 1, '2026-05-17 21:36:15', '2026-05-17 21:36:15'),
(1737, 19, 242, 'Beetroot Salad', 'fm-salads-beetroot-salad', 'Poached beetroot, goat cheese, caramelized walnuts, mixed greens, and Roman lettuce served with orange vinaigrette sauce', 18000.00, NULL, 1, 1, '2026-05-19 00:02:52', '2026-05-19 00:02:52'),
(1738, 19, 242, 'Caeser Salad Chicken', 'fm-salads-caeser-salad-chicken', 'Romaine lettuce, Parmesan cheese & garlic croutons tossed in our Caesar sauce.', 16300.00, NULL, 2, 1, '2026-05-19 00:02:52', '2026-05-19 00:02:52'),
(1739, 19, 242, 'Salmon Salad', 'fm-salads-salmon-salad', 'Roman lettuce & mix mesclun, cherry tomato, edamame, walnuts, radish, avocado, mango, sesame seeds & sweet chili sauce.', 18900.00, NULL, 3, 1, '2026-05-19 00:02:52', '2026-05-19 00:02:52'),
(1740, 19, 242, 'Cobb Salad', 'fm-salads-cobb-salad', 'Iceberg, avocado, tomato, and cucumber topped with chicken tender strips served with ranch sauce.', 19200.00, NULL, 4, 1, '2026-05-19 00:02:52', '2026-05-19 00:02:52'),
(1741, 19, 242, 'Seafood Salad', 'fm-salads-seafood-salad', 'Tender shrimp, calamari, smoked salmon, potatoes, olives, tomatoes, and lettuce served with lemon mustard.', 23400.00, NULL, 5, 1, '2026-05-19 00:02:52', '2026-05-19 00:02:52'),
(1742, 19, 242, 'Greek Salad', 'fm-salads-greek-salad', 'Roman lettuce, cucumber, green pepper, tomato, red onions, oregano, feta cheese, and rocket leaves served with lemon mustard sauce.', 18900.00, NULL, 6, 1, '2026-05-19 00:02:52', '2026-05-19 00:02:52'),
(1743, 19, 243, 'Hummus With Meat', 'fm-appetizers-hummus-with-meat', 'Chickpea puree with tahini sauce, served with crispy pitta bread', 14000.00, NULL, 1, 1, '2026-05-19 00:02:52', '2026-05-19 00:02:52'),
(1744, 19, 243, 'Calamari Ring', 'fm-appetizers-calamari-ring', 'Deep-fried calamari rings, served in tartar sauce', 18000.00, NULL, 2, 1, '2026-05-19 00:02:52', '2026-05-19 00:02:52'),
(1745, 19, 243, 'Shrimp Spring Rolls', 'fm-appetizers-shrimp-spring-rolls', 'Marinated shrimp wrapped and fried in crispy rolls served with tartar & cocktail sauce', 15000.00, NULL, 3, 1, '2026-05-19 00:02:52', '2026-05-19 00:02:52'),
(1746, 19, 243, 'Chicken Wings Your Way', 'fm-appetizers-chicken-wings-your-way', 'Deep fried chicken wings with choice of sauce: chili sauce, BBQ sauce, Suya spice', 14500.00, NULL, 4, 1, '2026-05-19 00:02:52', '2026-05-19 00:02:52'),
(1747, 19, 243, 'B.B.Q Chicken Skewers', 'fm-appetizers-b-b-q-chicken-skewers', 'Marinated chicken strips, grilled, glazed with BBQ sauce.', 14000.00, NULL, 5, 1, '2026-05-19 00:02:52', '2026-05-19 00:02:52'),
(1748, 19, 243, 'Imperial Fried Spring Roll', 'fm-appetizers-imperial-fried-spring-roll', 'Rolled in rice paper, deep fried, minced beef meat, rice vermicelli, carrot, and shitake mushrooms, served with homemade Asian dip.', 20300.00, NULL, 6, 1, '2026-05-19 00:02:52', '2026-05-19 00:02:52'),
(1749, 19, 243, 'Butterfly Shrimp', 'fm-appetizers-butterfly-shrimp', 'Breaded deep-fried shrimps served with homemade cocktail dip and tartar sauce', 18000.00, NULL, 7, 1, '2026-05-19 00:02:52', '2026-05-19 00:02:52'),
(1750, 19, 243, 'Chicken Taco', 'fm-appetizers-chicken-taco', 'Marinated chicken, avocado, fried onions & iceberg.', 16500.00, NULL, 8, 1, '2026-05-19 00:02:52', '2026-05-19 00:02:52'),
(1751, 19, 243, 'Seafood Platter', 'fm-appetizers-seafood-platter', 'Fried calamari ring, shrimp spring roll, fish finger & prawns suya, served with tartar sauce, sweet chili', 37400.00, NULL, 9, 1, '2026-05-19 00:02:52', '2026-05-19 00:02:52'),
(1752, 19, 243, 'Nigerian Platter', 'fm-appetizers-nigerian-platter', 'Spicy gizzards & snails, chicken suya, yam fingers & plantain, fresh tomato, red crispy onions served with chili sauce.', 33000.00, NULL, 10, 1, '2026-05-19 00:02:52', '2026-05-19 00:02:52'),
(1753, 19, 243, 'Appetizer Plater', 'fm-appetizers-appetizer-plater', 'Chicken tender, fried calamari, chicken wings, yam finger, fried spring rolls, fried panzerotti, served with tartar sauce, cocktail, sweet chili, honey mustard, Thai dips.', 37400.00, NULL, 11, 1, '2026-05-19 00:02:52', '2026-05-19 00:02:52'),
(1754, 19, 243, 'Suya', 'fm-appetizers-suya', 'Your choice: beef, shrimp, or chicken. Coated with suya pepper and served with tomato and onions.', 15700.00, NULL, 12, 1, '2026-05-19 00:02:52', '2026-05-19 00:02:52'),
(1755, 19, 243, 'Asun', 'fm-appetizers-asun', 'Goat meat served with sautéed green pepper, onions & tomato chili sauce', 15700.00, NULL, 13, 1, '2026-05-19 00:02:52', '2026-05-19 00:02:52'),
(1756, 19, 244, 'Chicken Burger', 'fm-burgers-chicken-burger', 'Marinated grilled chicken breast with cheddar cheese, Roman lettuce, pickles, tomato, grilled onions, aioli & garlic mayo sauce. Served with french fries and coleslaw.', 20400.00, NULL, 1, 1, '2026-05-19 00:02:52', '2026-05-19 00:02:52'),
(1757, 19, 244, 'Classic Beef Burger', 'fm-burgers-classic-beef-burger', 'Premium beef with cheddar cheese, Roman lettuce, pickles, jalapenos, grilled fresh mushroom & onions, avocado served with sriracha cocktail sauce. Served with french fries and coleslaw.', 22600.00, NULL, 2, 1, '2026-05-19 00:02:52', '2026-05-19 00:02:52'),
(1758, 19, 244, 'Opal Beef Burger', 'fm-burgers-opal-beef-burger', 'Premium beef 170g with cheddar cheese, onion rings, crispy beef bacon, lettuce, and caramelized onion served with classic & sweet chili sauce. Served with french fries and coleslaw.', 24300.00, NULL, 3, 1, '2026-05-19 00:02:52', '2026-05-19 00:02:52'),
(1759, 19, 245, 'Creamy Potato Mash', 'fm-sides-creamy-potato-mash', NULL, 6500.00, NULL, 1, 1, '2026-05-19 00:02:52', '2026-05-19 00:02:52'),
(1760, 19, 245, 'French Fries', 'fm-sides-french-fries', NULL, 5000.00, NULL, 2, 1, '2026-05-19 00:02:52', '2026-05-19 00:02:52'),
(1761, 19, 245, 'Steam Rice', 'fm-sides-steam-rice', NULL, 4500.00, NULL, 3, 1, '2026-05-19 00:02:52', '2026-05-19 00:02:52'),
(1762, 19, 245, 'Seafood Fried Rice', 'fm-sides-seafood-fried-rice', NULL, 12000.00, NULL, 4, 1, '2026-05-19 00:02:52', '2026-05-19 00:02:52'),
(1763, 19, 245, 'Wedges Potato', 'fm-sides-wedges-potato', NULL, 5000.00, NULL, 5, 1, '2026-05-19 00:02:52', '2026-05-19 00:02:52'),
(1764, 19, 245, 'Sauteed Vegetables', 'fm-sides-sauteed-vegetables', NULL, 6000.00, NULL, 6, 1, '2026-05-19 00:02:52', '2026-05-19 00:02:52'),
(1765, 19, 245, 'Singaporean Fried Rice', 'fm-sides-singaporean-fried-rice', NULL, 6500.00, NULL, 7, 1, '2026-05-19 00:02:52', '2026-05-19 00:02:52'),
(1766, 19, 245, 'Yam Fries', 'fm-sides-yam-fries', NULL, 7000.00, NULL, 8, 1, '2026-05-19 00:02:52', '2026-05-19 00:02:52'),
(1767, 19, 245, 'Fried Plantain', 'fm-sides-fried-plantain', NULL, 7000.00, NULL, 9, 1, '2026-05-19 00:02:52', '2026-05-19 00:02:52'),
(1768, 19, 246, 'Tozo Bao', 'fm-bao-tozo-bao', 'Pulled BBQ tozo beef, fluffy steamed bao buns, Roman lettuce, chopped spring onions, and toasted sesame seeds.', 15600.00, NULL, 1, 1, '2026-05-19 00:02:52', '2026-05-19 00:02:52'),
(1769, 19, 246, 'Duck Bao', 'fm-bao-duck-bao', 'Smoked pulled duck in an orange cocktail, fluffy steamed bao buns, chopped spring onions, pickle carrot, sesame seed.', 16000.00, NULL, 2, 1, '2026-05-19 00:02:52', '2026-05-19 00:02:52'),
(1770, 19, 246, 'Shrimp Bao', 'fm-bao-shrimp-bao', 'Crispy battered deep-fried shrimp, fluffy steamed bao, sriracha spicy cocktail, cucumber pickles, spring onion, sesame seed', 18000.00, NULL, 3, 1, '2026-05-19 00:02:52', '2026-05-19 00:02:52'),
(1771, 19, 247, 'Whole Grill Fish', 'fm-main-course-whole-grill-fish', 'Grilled whole fish marinated in African sauce, sautéed vegetables served with fried yam and plantain', 32300.00, NULL, 1, 1, '2026-05-19 00:02:52', '2026-05-19 00:02:52'),
(1772, 19, 247, 'Grill Chicken', 'fm-main-course-grill-chicken', 'African-style marinated half-grilled chicken, fried plantain rice, spicy tomato sauce African way', 27000.00, NULL, 2, 1, '2026-05-19 00:02:52', '2026-05-19 00:02:52'),
(1773, 19, 247, 'Seafood Skewer', 'fm-main-course-seafood-skewer', 'Prawns, fresh salmon, fish filet, bell pepper served with steamed vegetables & grilled potato.', 45100.00, NULL, 3, 1, '2026-05-19 00:02:52', '2026-05-19 00:02:52'),
(1774, 19, 247, 'Jumbo Prawns', 'fm-main-course-jumbo-prawns', 'Marinated grilled jumbo prawns, served with yam chips, steamed vegetables & martini sauce.', 45200.00, NULL, 4, 1, '2026-05-19 00:02:52', '2026-05-19 00:02:52'),
(1775, 19, 247, 'Baked Salmon', 'fm-main-course-baked-salmon', 'Marinated salmon filet served with spinach, edamame, asparagus, mashed potato & martini sauce', 53700.00, NULL, 5, 1, '2026-05-19 00:02:52', '2026-05-19 00:02:52'),
(1776, 19, 247, 'Chicken Roulade', 'fm-main-course-chicken-roulade', 'Crispy fried chicken stuffed with mozzarella cheese and turkey ham, grilled vegetables served with mushroom mustard sauce', 30800.00, NULL, 6, 1, '2026-05-19 00:02:52', '2026-05-19 00:02:52'),
(1777, 19, 247, 'Artichoke Escalope', 'fm-main-course-artichoke-escalope', 'Deep fried breaded chicken breast topped with creamy sauce and mozzarella cheese served with red sauce', 28400.00, NULL, 7, 1, '2026-05-19 00:02:52', '2026-05-19 00:02:52'),
(1778, 19, 247, 'Seabass', 'fm-main-course-seabass', 'Steamed fish served with spinach, mashed potato & lemon grass sauce.', 55700.00, NULL, 8, 1, '2026-05-19 00:02:52', '2026-05-19 00:02:52'),
(1779, 19, 248, 'Carbonara', 'fm-pastas-carbonara', 'Spaghetti pasta, creamy sauce, your choice of bacon or smoked turkey, parmesan cheese', 24800.00, NULL, 1, 1, '2026-05-19 00:02:52', '2026-05-19 00:02:52'),
(1780, 19, 248, 'Tagliatelle Alfredo', 'fm-pastas-tagliatelle-alfredo', 'Fettuccini, creamy sauce, chicken breast, mixed mushrooms, parmesan cheese', 22600.00, NULL, 2, 1, '2026-05-19 00:02:52', '2026-05-19 00:02:52'),
(1781, 19, 248, 'Creamy Cajun Penne', 'fm-pastas-creamy-cajun-penne', 'Penne pasta, tomato sauce, creamy sauce, chicken breast, mushroom, Cajun spice, parmesan cheese', 29300.00, NULL, 3, 1, '2026-05-19 00:02:52', '2026-05-19 00:02:52'),
(1782, 19, 248, 'Penne Arrabbiata', 'fm-pastas-penne-arrabbiata', 'Penne pasta, spicy tomato sauce, black olive, basil, cherry tomato & parmesan cheese', 18700.00, NULL, 4, 1, '2026-05-19 00:02:52', '2026-05-19 00:02:52'),
(1783, 19, 248, 'Shrimp Linguini', 'fm-pastas-shrimp-linguini', 'Linguini pasta, tomato sauce, cherry tomato, basil, bisque sauce & parmesan cheese.', 30400.00, NULL, 5, 1, '2026-05-19 00:02:52', '2026-05-19 00:02:52'),
(1784, 19, 248, 'Seafood Pastahroom', 'fm-pastas-seafood-pastahroom', 'Mix marinated prawns, calamari, mussels, basil, cherry tomato, Parmesan cheese and homemade tomato sauce.', 36700.00, NULL, 6, 1, '2026-05-19 00:02:52', '2026-05-19 00:02:52'),
(1785, 19, 249, 'Margherita', 'fm-pizza-margherita', 'Homemade tomato sauce, mozzarella cheese, fresh basil', 13000.00, NULL, 1, 1, '2026-05-19 00:02:52', '2026-05-19 00:02:52'),
(1786, 19, 249, 'Chicken Fungi Pizza', 'fm-pizza-chicken-fungi-pizza', 'Homemade tomato sauce topped with mixed mushrooms and cheese, grilled chicken breast, truffle oil & basil.', 18000.00, NULL, 2, 1, '2026-05-19 00:02:52', '2026-05-19 00:02:52'),
(1787, 19, 249, 'Vegetarian Pizza', 'fm-pizza-vegetarian-pizza', 'Homemade tomato sauce topped with mixed mushrooms and cheese, grilled vegetables, truffle oil & basil', 15400.00, NULL, 3, 1, '2026-05-19 00:02:52', '2026-05-19 00:02:52'),
(1788, 19, 249, 'Pepperoni Pizza', 'fm-pizza-pepperoni-pizza', 'Beef pepperoni, homemade tomato sauce, mixed cheese', 17900.00, NULL, 4, 1, '2026-05-19 00:02:52', '2026-05-19 00:02:52'),
(1789, 19, 249, 'Seafood Pizza', 'fm-pizza-seafood-pizza', 'BBQ sauce, calamari, shrimp, octopus, and fresh pineapple topped with mixed cheese, basil', 23600.00, NULL, 5, 1, '2026-05-19 00:02:52', '2026-05-19 00:02:52'),
(1790, 19, 249, 'Smocked Salmon Pizza', 'fm-pizza-smocked-salmon-pizza', 'Cream cheese topped with smoked salmon and mixed cheese, rocket leaves, and capers.', 29500.00, NULL, 6, 1, '2026-05-19 00:02:52', '2026-05-19 00:02:52'),
(1791, 19, 250, 'Grilled T-Bone Steak', 'fm-meats-grilled-t-bone-steak', 'Grilled T-bone steak, grilled vegetables, wedges, and potatoes served with mushroom sauce', 40000.00, NULL, 1, 1, '2026-05-19 00:02:52', '2026-05-19 00:02:52'),
(1792, 19, 250, 'Mongolian Beef', 'fm-meats-mongolian-beef', 'Sliced imported beef filet, sautéed in homemade Mongolian sauce served with Singaporean fried rice.', 42000.00, NULL, 2, 1, '2026-05-19 00:02:52', '2026-05-19 00:02:52'),
(1793, 19, 250, 'Ribb Eye Steak', 'fm-meats-ribb-eye-steak', 'Grilled imported rib eye, sautéed vegetables, and sweet mashed potato', 40000.00, NULL, 3, 1, '2026-05-19 00:02:52', '2026-05-19 00:02:52'),
(1794, 19, 250, 'Grilled Tozo', 'fm-meats-grilled-tozo', 'Marinated smoked beef cut served with leeks garlic creamy sauce and mashed potato', 26000.00, NULL, 4, 1, '2026-05-19 00:02:52', '2026-05-19 00:02:52'),
(1795, 19, 250, 'Short Ribs', 'fm-meats-short-ribs', 'Slow braised beef short ribs, sticky buffalo glazed, served with creamy mash potato & glaze spicy carrot', 52000.00, NULL, 5, 1, '2026-05-19 00:02:52', '2026-05-19 00:02:52'),
(1796, 19, 250, 'Braised Lamb Shank', 'fm-meats-braised-lamb-shank', 'Braised and marinated to perfection served with green beans, mashed potato & pepper sauce', 49000.00, NULL, 6, 1, '2026-05-19 00:02:52', '2026-05-19 00:02:52');
INSERT INTO `menu_items` (`id`, `restaurant_id`, `category_id`, `name`, `slug`, `description`, `price`, `image`, `display_order`, `is_available`, `created_at`, `updated_at`) VALUES
(1797, 19, 250, 'Lamb Chops', 'fm-meats-lamb-chops', 'Grilled imported lamb chops topped with garlic herbs sauce served with sautéed vegetables, jollof rice & pepper sauce.', 55900.00, NULL, 7, 1, '2026-05-19 00:02:52', '2026-05-19 00:02:52'),
(1798, 19, 251, 'Opal Platter', 'fm-opal-platter-opal-platter', 'Spicy BBQ wings, yaji prawn skewer, grilled beef slider, peppered snails, plantain slices, french fries', 85000.00, NULL, 1, 1, '2026-05-19 00:02:52', '2026-05-19 00:02:52'),
(1799, 19, 251, 'South American Style Grilled Platter', 'fm-opal-platter-south-american-style-grilled-platter', 'Serve up to 4: rib eye, lamb chops, duck breast, chicken breast, and grilled vegetables served with chimichurri, teriyaki, and BBQ sauces.', 150000.00, NULL, 2, 1, '2026-05-19 00:02:52', '2026-05-19 00:02:52'),
(1800, 19, 252, 'Chicken Tacos', 'fm-tacos-menu-chicken-tacos', 'Choice of hard or soft shell served with salsa and lemon', 18000.00, NULL, 1, 1, '2026-05-19 00:02:52', '2026-05-19 00:02:52'),
(1801, 19, 252, 'Minced Beef Tacos', 'fm-tacos-menu-minced-beef-tacos', 'Choice of hard or soft shell served with salsa and lemon', 17000.00, NULL, 2, 1, '2026-05-19 00:02:52', '2026-05-19 00:02:52'),
(1802, 19, 252, 'Shrimps Tacos', 'fm-tacos-menu-shrimps-tacos', 'Choice of hard or soft shell served with salsa and lemon', 23500.00, NULL, 3, 1, '2026-05-19 00:02:52', '2026-05-19 00:02:52'),
(1803, 19, 252, 'Hawaian Fish Tacos', 'fm-tacos-menu-hawaian-fish-tacos', 'Choice of hard or soft shell served with salsa and lemon', 20500.00, NULL, 4, 1, '2026-05-19 00:02:52', '2026-05-19 00:02:52'),
(1804, 19, 252, 'Tacos Platter', 'fm-tacos-menu-tacos-platter', 'Choice of hard or soft shell served with salsa and lemon', 45000.00, NULL, 5, 1, '2026-05-19 00:02:52', '2026-05-19 00:02:52'),
(1805, 19, 252, 'Chiken Tacos Salad Bowl', 'fm-tacos-menu-chiken-tacos-salad-bowl', 'Crispy lettuce, salsa, guacamole, mixed cheese and jalapeno, served with BBQ sauce', 13800.00, NULL, 6, 1, '2026-05-19 00:02:52', '2026-05-19 00:02:52'),
(1806, 19, 252, 'Shrimps Tacos Salad Bowl', 'fm-tacos-menu-shrimps-tacos-salad-bowl', 'Crispy lettuce, salsa, guacamole, mixed cheese and jalapeno, served with BBQ sauce', 18200.00, NULL, 7, 1, '2026-05-19 00:02:52', '2026-05-19 00:02:52'),
(1807, 19, 252, 'Dynamite Shrimp', 'fm-tacos-menu-dynamite-shrimp', 'Crispy fried shrimp coated in a spicy mayonnaise dressing', 18500.00, NULL, 8, 1, '2026-05-19 00:02:52', '2026-05-19 00:02:52'),
(1808, 19, 252, 'Crispy Chicken Wings', 'fm-tacos-menu-crispy-chicken-wings', 'Marinated chicken wings served with BBQ and sweet chili dip', 18500.00, NULL, 9, 1, '2026-05-19 00:02:52', '2026-05-19 00:02:52'),
(1809, 19, 252, 'Fully Loaded Nachos', 'fm-tacos-menu-fully-loaded-nachos', 'Served with salsa, guacamole, sour cream, and melted cheddar cheese topped with jalapeño', 15600.00, NULL, 10, 1, '2026-05-19 00:02:52', '2026-05-19 00:02:52'),
(1810, 19, 252, 'Chicken Quesadillas', 'fm-tacos-menu-chicken-quesadillas', 'Served with salsa, guacamole, and sour cream', 16000.00, NULL, 11, 1, '2026-05-19 00:02:52', '2026-05-19 00:02:52'),
(1811, 19, 252, 'Beef Quesadillas', 'fm-tacos-menu-beef-quesadillas', 'Served with salsa, guacamole, and sour cream', 18000.00, NULL, 12, 1, '2026-05-19 00:02:52', '2026-05-19 00:02:52'),
(1812, 19, 252, 'Shrimps Quesadillas', 'fm-tacos-menu-shrimps-quesadillas', 'Served with salsa, guacamole, and sour cream', 30000.00, NULL, 13, 1, '2026-05-19 00:02:52', '2026-05-19 00:02:52'),
(1813, 19, 252, 'Chicken Fajita Wrap', 'fm-tacos-menu-chicken-fajita-wrap', 'Served with salsa and french fries', 18500.00, NULL, 14, 1, '2026-05-19 00:02:52', '2026-05-19 00:02:52'),
(1814, 19, 252, 'Beef Fajita Wrap', 'fm-tacos-menu-beef-fajita-wrap', 'Served with salsa and french fries', 18500.00, NULL, 15, 1, '2026-05-19 00:02:52', '2026-05-19 00:02:52'),
(1815, 19, 252, 'Shrimps Fajita Wrap', 'fm-tacos-menu-shrimps-fajita-wrap', 'Served with salsa and french fries', 27400.00, NULL, 16, 1, '2026-05-19 00:02:52', '2026-05-19 00:02:52'),
(1816, 19, 252, 'Dynamite Chicken', 'fm-tacos-menu-dynamite-chicken', 'Crispy golden brown fried chicken served with dynamite sauce', 16800.00, NULL, 17, 1, '2026-05-19 00:02:52', '2026-05-19 00:02:52'),
(1817, 19, 252, 'Nachos', 'fm-tacos-menu-nachos', 'Served with salsa and guacamole topped with jalapeño', 14000.00, NULL, 18, 1, '2026-05-19 00:02:52', '2026-05-19 00:02:52'),
(1818, 19, 252, 'French Fries', 'fm-tacos-menu-french-fries', 'Tacos menu portion', 6000.00, NULL, 19, 1, '2026-05-19 00:02:52', '2026-05-19 00:02:52'),
(1819, 19, 253, 'Chocolate Fondant', 'fm-dessert-chocolate-fondant', 'Served with vanilla ice cream.', 9000.00, NULL, 1, 1, '2026-05-19 00:02:52', '2026-05-19 00:02:52'),
(1820, 19, 253, 'Ice Cream Scoop', 'fm-dessert-ice-cream-scoop', 'Chocolate, vanilla and extra', 7000.00, NULL, 2, 1, '2026-05-19 00:02:52', '2026-05-19 00:02:52'),
(1821, 19, 253, 'Strawberry Cheese Cake', 'fm-dessert-strawberry-cheese-cake', NULL, 14000.00, NULL, 3, 1, '2026-05-19 00:02:52', '2026-05-19 00:02:52'),
(1822, 19, 253, 'Mixed Fruit & Vanille Ice Cream', 'fm-dessert-mixed-fruit-and-vanille-ice-cream', NULL, 9000.00, NULL, 4, 1, '2026-05-19 00:02:52', '2026-05-19 00:02:52'),
(1823, 19, 254, 'The Spotlight', 'fm-karaoke-food-the-spotlight', '3–5 people: one bottle of wine (red or white), complimentary juice, royalty platter (chicken wings, spicy gizzard & snail, mini slider, french fries)', 100000.00, NULL, 1, 1, '2026-05-19 00:02:52', '2026-05-19 00:02:52'),
(1824, 19, 254, 'The Headliner', 'fm-karaoke-food-the-headliner', '3–7 people: one bottle of wine (red or white), complimentary juice, stove hok platter (chicken wings, spicy gizzard & snail, mini slider, suya, yam & plantain fries)', 150000.00, NULL, 2, 1, '2026-05-19 00:02:52', '2026-05-19 00:02:52'),
(1825, 19, 254, 'The Legend', 'fm-karaoke-food-the-legend', 'Max 10 people: two bottles of wine (red or white), complimentary juice, tropical platter (chicken wings, spicy gizzard & snail, mini slider, spring rolls, yam & plantain fries)', 200000.00, NULL, 3, 1, '2026-05-19 00:02:52', '2026-05-19 00:02:52'),
(1826, 19, 255, 'Ace of Spades Brut', 'dm-champagne-ace-of-spades-brut', NULL, 1200000.00, NULL, 1, 1, '2026-05-19 00:02:52', '2026-05-19 00:02:52'),
(1827, 19, 255, 'Dom Perignon Brut', 'dm-champagne-dom-perignon-brut', NULL, 1100000.00, NULL, 2, 1, '2026-05-19 00:02:52', '2026-05-19 00:02:52'),
(1828, 19, 255, 'Dom Perignon Rose', 'dm-champagne-dom-perignon-rose', NULL, 1300000.00, NULL, 3, 1, '2026-05-19 00:02:52', '2026-05-19 00:02:52'),
(1829, 19, 255, 'Laurent Perrier Demi Sec', 'dm-champagne-laurent-perrier-demi-sec', NULL, 260000.00, NULL, 4, 1, '2026-05-19 00:02:52', '2026-05-19 00:02:52'),
(1830, 19, 255, 'Laurent Perrier Brut', 'dm-champagne-laurent-perrier-brut', NULL, 240000.00, NULL, 5, 1, '2026-05-19 00:02:52', '2026-05-19 00:02:52'),
(1831, 19, 255, 'Laurent Perrier Cuvee Rose', 'dm-champagne-laurent-perrier-cuvee-rose', NULL, 350000.00, NULL, 6, 1, '2026-05-19 00:02:52', '2026-05-19 00:02:52'),
(1832, 19, 255, 'Moet Brut', 'dm-champagne-moet-brut', NULL, 250000.00, NULL, 7, 1, '2026-05-19 00:02:52', '2026-05-19 00:02:52'),
(1833, 19, 255, 'Moet Imperial Ice', 'dm-champagne-moet-imperial-ice', NULL, 400000.00, NULL, 8, 1, '2026-05-19 00:02:52', '2026-05-19 00:02:52'),
(1834, 19, 255, 'Moet Nectar Rose', 'dm-champagne-moet-nectar-rose', NULL, 360000.00, NULL, 9, 1, '2026-05-19 00:02:52', '2026-05-19 00:02:52'),
(1835, 19, 255, 'Moet Nectar Imperial', 'dm-champagne-moet-nectar-imperial', NULL, 380000.00, NULL, 10, 1, '2026-05-19 00:02:52', '2026-05-19 00:02:52'),
(1836, 19, 255, 'Ruinart Blanc de Blanc', 'dm-champagne-ruinart-blanc-de-blanc', NULL, 400000.00, NULL, 11, 1, '2026-05-19 00:02:52', '2026-05-19 00:02:52'),
(1837, 19, 255, 'Ruinart Brut', 'dm-champagne-ruinart-brut', NULL, 210000.00, NULL, 12, 1, '2026-05-19 00:02:52', '2026-05-19 00:02:52'),
(1838, 19, 255, 'Veuve Cliquot Brut', 'dm-champagne-veuve-cliquot-brut', NULL, 320000.00, NULL, 13, 1, '2026-05-19 00:02:52', '2026-05-19 00:02:52'),
(1839, 19, 255, 'Veuve Cliquot Rich', 'dm-champagne-veuve-cliquot-rich', NULL, 450000.00, NULL, 14, 1, '2026-05-19 00:02:52', '2026-05-19 00:02:52'),
(1840, 19, 255, 'Veuve Cliquot Rose', 'dm-champagne-veuve-cliquot-rose', NULL, 370000.00, NULL, 15, 1, '2026-05-19 00:02:52', '2026-05-19 00:02:52'),
(1841, 19, 255, 'Pol Roger Brut', 'dm-champagne-pol-roger-brut', NULL, 400000.00, NULL, 16, 1, '2026-05-19 00:02:52', '2026-05-19 00:02:52'),
(1842, 19, 255, 'Pol Roger Rose', 'dm-champagne-pol-roger-rose', NULL, 450000.00, NULL, 17, 1, '2026-05-19 00:02:52', '2026-05-19 00:02:52'),
(1843, 19, 255, 'Crystal', 'dm-champagne-crystal', NULL, 1000000.00, NULL, 18, 1, '2026-05-19 00:02:52', '2026-05-19 00:02:52'),
(1844, 19, 255, 'Luc Belaire Rose Fantome', 'dm-champagne-luc-belaire-rose-fantome', NULL, 150000.00, NULL, 19, 1, '2026-05-19 00:02:52', '2026-05-19 00:02:52'),
(1845, 19, 255, 'Luc Belaire Rose', 'dm-champagne-luc-belaire-rose', NULL, 150000.00, NULL, 20, 1, '2026-05-19 00:02:52', '2026-05-19 00:02:52'),
(1846, 19, 255, 'Carnard Duchene Demi Sec', 'dm-champagne-carnard-duchene-demi-sec', NULL, 160000.00, NULL, 21, 1, '2026-05-19 00:02:52', '2026-05-19 00:02:52'),
(1847, 19, 255, 'Carnard Duchene Brut', 'dm-champagne-carnard-duchene-brut', NULL, 190000.00, NULL, 22, 1, '2026-05-19 00:02:52', '2026-05-19 00:02:52'),
(1848, 19, 255, 'Carnard Duchene Rose', 'dm-champagne-carnard-duchene-rose', NULL, 250000.00, NULL, 23, 1, '2026-05-19 00:02:52', '2026-05-19 00:02:52'),
(1849, 19, 256, 'Casamigos Magnum', 'dm-tequila-casamigos-magnum', NULL, 1000000.00, NULL, 1, 1, '2026-05-19 00:02:52', '2026-05-19 00:02:52'),
(1850, 19, 256, 'Casamigos Reposado', 'dm-tequila-casamigos-reposado', NULL, 500000.00, NULL, 2, 1, '2026-05-19 00:02:52', '2026-05-19 00:02:52'),
(1851, 19, 256, 'Casamigos Reposado 1LTR', 'dm-tequila-casamigos-reposado-1ltr', NULL, 700000.00, NULL, 3, 1, '2026-05-19 00:02:52', '2026-05-19 00:02:52'),
(1852, 19, 256, 'Casamigos Anejo', 'dm-tequila-casamigos-anejo', NULL, 400000.00, NULL, 4, 1, '2026-05-19 00:02:52', '2026-05-19 00:02:52'),
(1853, 19, 256, 'Clase Azul Reposado', 'dm-tequila-clase-azul-reposado', NULL, 800000.00, NULL, 5, 1, '2026-05-19 00:02:52', '2026-05-19 00:02:52'),
(1854, 19, 256, 'Clase Azul Plata Jalisco', 'dm-tequila-clase-azul-plata-jalisco', NULL, 420000.00, NULL, 6, 1, '2026-05-19 00:02:52', '2026-05-19 00:02:52'),
(1855, 19, 256, 'Magnum Don Julio 1942', 'dm-tequila-magnum-don-julio-1942', NULL, 2000000.00, NULL, 7, 1, '2026-05-19 00:02:52', '2026-05-19 00:02:52'),
(1856, 19, 256, 'Don Julio 1942', 'dm-tequila-don-julio-1942', NULL, 1000000.00, NULL, 8, 1, '2026-05-19 00:02:52', '2026-05-19 00:02:52'),
(1857, 19, 256, 'Don Julio Reposado', 'dm-tequila-don-julio-reposado', NULL, 500000.00, NULL, 9, 1, '2026-05-19 00:02:52', '2026-05-19 00:02:52'),
(1858, 19, 256, 'Volcan Anejo', 'dm-tequila-volcan-anejo', NULL, 300000.00, NULL, 10, 1, '2026-05-19 00:02:52', '2026-05-19 00:02:52'),
(1859, 19, 256, 'Avion Tequila', 'dm-tequila-avion-tequila', NULL, 780000.00, NULL, 11, 1, '2026-05-19 00:02:52', '2026-05-19 00:02:52'),
(1860, 19, 256, 'Volcan Cristalino', 'dm-tequila-volcan-cristalino', NULL, 350000.00, NULL, 12, 1, '2026-05-19 00:02:52', '2026-05-19 00:02:52'),
(1861, 19, 256, 'Casa Maestri', 'dm-tequila-casa-maestri', NULL, 350000.00, NULL, 13, 1, '2026-05-19 00:02:52', '2026-05-19 00:02:52'),
(1862, 19, 256, '1800 Silver', 'dm-tequila-1800-silver', NULL, 250000.00, NULL, 14, 1, '2026-05-19 00:02:52', '2026-05-19 00:02:52'),
(1863, 19, 256, '1800 Reposado', 'dm-tequila-1800-reposado', NULL, 300000.00, NULL, 15, 1, '2026-05-19 00:02:52', '2026-05-19 00:02:52'),
(1864, 19, 256, '1800 Anejo', 'dm-tequila-1800-anejo', NULL, 350000.00, NULL, 16, 1, '2026-05-19 00:02:52', '2026-05-19 00:02:52'),
(1865, 19, 256, 'Adiccion Reposado', 'dm-tequila-adiccion-reposado', NULL, 750000.00, NULL, 17, 1, '2026-05-19 00:02:52', '2026-05-19 00:02:52'),
(1866, 19, 256, 'Adiccion Anejo', 'dm-tequila-adiccion-anejo', NULL, 950000.00, NULL, 18, 1, '2026-05-19 00:02:52', '2026-05-19 00:02:52'),
(1867, 19, 257, 'Hennessy VSOP', 'dm-cognac-hennessy-vsop', NULL, 350000.00, NULL, 1, 1, '2026-05-19 00:02:52', '2026-05-19 00:02:52'),
(1868, 19, 257, 'Hennessy X.O', 'dm-cognac-hennessy-x-o', NULL, 1000000.00, NULL, 2, 1, '2026-05-19 00:02:52', '2026-05-19 00:02:52'),
(1869, 19, 257, 'Martel Bleu Swift', 'dm-cognac-martel-bleu-swift', NULL, 320000.00, NULL, 3, 1, '2026-05-19 00:02:52', '2026-05-19 00:02:52'),
(1870, 19, 257, 'Martel XO', 'dm-cognac-martel-xo', NULL, 850000.00, NULL, 4, 1, '2026-05-19 00:02:52', '2026-05-19 00:02:52'),
(1871, 19, 257, 'Remy Martin VS', 'dm-cognac-remy-martin-vs', NULL, 290000.00, NULL, 5, 1, '2026-05-19 00:02:52', '2026-05-19 00:02:52'),
(1872, 19, 257, 'Remy Martin VSOP', 'dm-cognac-remy-martin-vsop', NULL, 290000.00, NULL, 6, 1, '2026-05-19 00:02:52', '2026-05-19 00:02:52'),
(1873, 19, 257, 'Remy Martin 1738', 'dm-cognac-remy-martin-1738', NULL, 320000.00, NULL, 7, 1, '2026-05-19 00:02:52', '2026-05-19 00:02:52'),
(1874, 19, 257, 'Remy Martin XO', 'dm-cognac-remy-martin-xo', NULL, 810000.00, NULL, 8, 1, '2026-05-19 00:02:52', '2026-05-19 00:02:52'),
(1875, 19, 257, 'Remy Martin XO Night', 'dm-cognac-remy-martin-xo-night', NULL, 575000.00, NULL, 9, 1, '2026-05-19 00:02:52', '2026-05-19 00:02:52'),
(1876, 19, 258, 'Gin Mare', 'dm-vodka-gin-mare', NULL, 130000.00, NULL, 1, 1, '2026-05-19 00:02:52', '2026-05-19 00:02:52'),
(1877, 19, 258, 'Hendricks', 'dm-vodka-hendricks', NULL, 150000.00, NULL, 2, 1, '2026-05-19 00:02:52', '2026-05-19 00:02:52'),
(1878, 19, 258, 'Pedro', 'dm-vodka-pedro', NULL, 170000.00, NULL, 3, 1, '2026-05-19 00:02:52', '2026-05-19 00:02:52'),
(1879, 19, 259, 'Beluga Gold Line', 'dm-rum-beluga-gold-line', NULL, 166000.00, NULL, 1, 1, '2026-05-19 00:02:52', '2026-05-19 00:02:52'),
(1880, 19, 259, 'Belverde', 'dm-rum-belverde', NULL, 200000.00, NULL, 2, 1, '2026-05-19 00:02:52', '2026-05-19 00:02:52'),
(1881, 19, 259, 'Grey Goose', 'dm-rum-grey-goose', NULL, 130000.00, NULL, 3, 1, '2026-05-19 00:02:52', '2026-05-19 00:02:52'),
(1882, 19, 259, 'Eminente Rum', 'dm-rum-eminente-rum', NULL, 210000.00, NULL, 4, 1, '2026-05-19 00:02:52', '2026-05-19 00:02:52'),
(1883, 19, 260, 'Baccardi White', 'dm-gin-baccardi-white', NULL, 90000.00, NULL, 1, 1, '2026-05-19 00:02:52', '2026-05-19 00:02:52'),
(1884, 19, 260, 'Coro Coro Spiced', 'dm-gin-coro-coro-spiced', NULL, 100000.00, NULL, 2, 1, '2026-05-19 00:02:52', '2026-05-19 00:02:52'),
(1885, 19, 261, 'Chivas 15', 'dm-whisky-chivas-15', NULL, 200000.00, NULL, 1, 1, '2026-05-19 00:02:52', '2026-05-19 00:02:52'),
(1886, 19, 261, 'Chivas 18', 'dm-whisky-chivas-18', NULL, 270000.00, NULL, 2, 1, '2026-05-19 00:02:52', '2026-05-19 00:02:52'),
(1887, 19, 261, 'Dalmore 12', 'dm-whisky-dalmore-12', NULL, 250000.00, NULL, 3, 1, '2026-05-19 00:02:52', '2026-05-19 00:02:52'),
(1888, 19, 261, 'Glenfiddich 12', 'dm-whisky-glenfiddich-12', NULL, 200000.00, NULL, 4, 1, '2026-05-19 00:02:52', '2026-05-19 00:02:52'),
(1889, 19, 261, 'Glenfiddich 15', 'dm-whisky-glenfiddich-15', NULL, 280000.00, NULL, 5, 1, '2026-05-19 00:02:52', '2026-05-19 00:02:52'),
(1890, 19, 261, 'Glenfiddich 18', 'dm-whisky-glenfiddich-18', NULL, 350000.00, NULL, 6, 1, '2026-05-19 00:02:52', '2026-05-19 00:02:52'),
(1891, 19, 261, 'Glenfiddich 21', 'dm-whisky-glenfiddich-21', NULL, 950000.00, NULL, 7, 1, '2026-05-19 00:02:52', '2026-05-19 00:02:52'),
(1892, 19, 261, 'Glenfiddich 23', 'dm-whisky-glenfiddich-23', NULL, 1150000.00, NULL, 8, 1, '2026-05-19 00:02:52', '2026-05-19 00:02:52'),
(1893, 19, 261, 'Glenfiddich 26', 'dm-whisky-glenfiddich-26', NULL, 2100000.00, NULL, 9, 1, '2026-05-19 00:02:52', '2026-05-19 00:02:52'),
(1894, 19, 261, 'Glenmorangie 10 Original', 'dm-whisky-glenmorangie-10-original', NULL, 190000.00, NULL, 10, 1, '2026-05-19 00:02:52', '2026-05-19 00:02:52'),
(1895, 19, 261, 'Glenmorangie 18 Yrs Extreme', 'dm-whisky-glenmorangie-18-yrs-extreme', NULL, 300000.00, NULL, 11, 1, '2026-05-19 00:02:52', '2026-05-19 00:02:52'),
(1896, 19, 261, 'Glenmorangie Signet', 'dm-whisky-glenmorangie-signet', NULL, 700000.00, NULL, 12, 1, '2026-05-19 00:02:52', '2026-05-19 00:02:52'),
(1897, 19, 261, 'Glenlivet 18yrs', 'dm-whisky-glenlivet-18yrs', NULL, 320000.00, NULL, 13, 1, '2026-05-19 00:02:52', '2026-05-19 00:02:52'),
(1898, 19, 261, 'Glenlivet 15yrs', 'dm-whisky-glenlivet-15yrs', NULL, 280000.00, NULL, 14, 1, '2026-05-19 00:02:52', '2026-05-19 00:02:52'),
(1899, 19, 261, 'Johnny Walker Blue Label', 'dm-whisky-johnny-walker-blue-label', NULL, 860000.00, NULL, 15, 1, '2026-05-19 00:02:52', '2026-05-19 00:02:52'),
(1900, 19, 261, 'Johnnie Walker 18 Years', 'dm-whisky-johnnie-walker-18-years', NULL, 360000.00, NULL, 16, 1, '2026-05-19 00:02:52', '2026-05-19 00:02:52'),
(1901, 19, 261, 'Macallan Double', 'dm-whisky-macallan-double', NULL, 468000.00, NULL, 17, 1, '2026-05-19 00:02:52', '2026-05-19 00:02:52'),
(1902, 19, 261, 'Macallan Rare Cask', 'dm-whisky-macallan-rare-cask', NULL, 750000.00, NULL, 18, 1, '2026-05-19 00:02:52', '2026-05-19 00:02:52'),
(1903, 19, 261, 'Macallan 12 Yrs', 'dm-whisky-macallan-12-yrs', NULL, 320000.00, NULL, 19, 1, '2026-05-19 00:02:52', '2026-05-19 00:02:52'),
(1904, 19, 261, 'Macallan 15 Yrs', 'dm-whisky-macallan-15-yrs', NULL, 500000.00, NULL, 20, 1, '2026-05-19 00:02:52', '2026-05-19 00:02:52'),
(1905, 19, 261, 'Macallan 18 Yrs', 'dm-whisky-macallan-18-yrs', NULL, 780000.00, NULL, 21, 1, '2026-05-19 00:02:52', '2026-05-19 00:02:52'),
(1906, 19, 261, 'Monkey Shoulder', 'dm-whisky-monkey-shoulder', NULL, 150000.00, NULL, 22, 1, '2026-05-19 00:02:52', '2026-05-19 00:02:52'),
(1907, 19, 261, 'Smokey Monkey', 'dm-whisky-smokey-monkey', NULL, 150000.00, NULL, 23, 1, '2026-05-19 00:02:52', '2026-05-19 00:02:52'),
(1908, 19, 262, 'Chateau du Pape', 'dm-red-wine-chateau-du-pape', NULL, 100000.00, NULL, 1, 1, '2026-05-19 00:02:52', '2026-05-19 00:02:52'),
(1909, 19, 262, 'Chateau Giscours 2014', 'dm-red-wine-chateau-giscours-2014', NULL, 95500.00, NULL, 2, 1, '2026-05-19 00:02:52', '2026-05-19 00:02:52'),
(1910, 19, 262, 'Chateau Giscours Cazauviel 2017', 'dm-red-wine-chateau-giscours-cazauviel-2017', NULL, 90500.00, NULL, 3, 1, '2026-05-19 00:02:52', '2026-05-19 00:02:52'),
(1911, 19, 262, 'Chocolate Block 2019', 'dm-red-wine-chocolate-block-2019', NULL, 95500.00, NULL, 4, 1, '2026-05-19 00:02:52', '2026-05-19 00:02:52'),
(1912, 19, 262, 'Clarendelle Red 2015', 'dm-red-wine-clarendelle-red-2015', NULL, 80000.00, NULL, 5, 1, '2026-05-19 00:02:52', '2026-05-19 00:02:52'),
(1913, 19, 262, 'Mounton Cardet', 'dm-red-wine-mounton-cardet', NULL, 95000.00, NULL, 6, 1, '2026-05-19 00:02:52', '2026-05-19 00:02:52'),
(1914, 19, 262, 'Pascal Jolivet Sancerre Pinot Noir 2019', 'dm-red-wine-pascal-jolivet-sancerre-pinot-noir-2019', NULL, 110000.00, NULL, 7, 1, '2026-05-19 00:02:52', '2026-05-19 00:02:52'),
(1915, 19, 262, 'Saint Emmilion 2017', 'dm-red-wine-saint-emmilion-2017', NULL, 100000.00, NULL, 8, 1, '2026-05-19 00:02:52', '2026-05-19 00:02:52'),
(1916, 19, 262, 'Georges Duboeuf Cote du Rhones', 'dm-red-wine-georges-duboeuf-cote-du-rhones', NULL, 60000.00, NULL, 9, 1, '2026-05-19 00:02:52', '2026-05-19 00:02:52'),
(1917, 19, 262, 'Santa Christina Maestrelle', 'dm-red-wine-santa-christina-maestrelle', NULL, 90000.00, NULL, 10, 1, '2026-05-19 00:02:52', '2026-05-19 00:02:52'),
(1918, 19, 262, 'Terrazaz Mailec 2018', 'dm-red-wine-terrazaz-mailec-2018', NULL, 80000.00, NULL, 11, 1, '2026-05-19 00:02:52', '2026-05-19 00:02:52'),
(1919, 19, 262, 'Tignanello di Anti 2017', 'dm-red-wine-tignanello-di-anti-2017', NULL, 290000.00, NULL, 12, 1, '2026-05-19 00:02:52', '2026-05-19 00:02:52'),
(1920, 19, 263, 'Diemersdal Sauvignon Blanc', 'dm-rose-wine-diemersdal-sauvignon-blanc', NULL, 80000.00, NULL, 1, 1, '2026-05-19 00:02:52', '2026-05-19 00:02:52'),
(1921, 19, 263, 'Georges Duboeuf Cote Du Rhones Sauvignon Blanc', 'dm-rose-wine-georges-duboeuf-cote-du-rhones-sauvignon-blanc', NULL, 65000.00, NULL, 2, 1, '2026-05-19 00:02:52', '2026-05-19 00:02:52'),
(1922, 19, 263, 'Henri Bourgeois Les Baronnes Sancerre', 'dm-rose-wine-henri-bourgeois-les-baronnes-sancerre', NULL, 110000.00, NULL, 3, 1, '2026-05-19 00:02:52', '2026-05-19 00:02:52'),
(1923, 19, 263, 'Cigalus Blanc 2019', 'dm-rose-wine-cigalus-blanc-2019', NULL, 200000.00, NULL, 4, 1, '2026-05-19 00:02:52', '2026-05-19 00:02:52'),
(1924, 19, 263, 'Clarendelle White 2019', 'dm-rose-wine-clarendelle-white-2019', NULL, 85000.00, NULL, 5, 1, '2026-05-19 00:02:52', '2026-05-19 00:02:52'),
(1925, 19, 263, 'Escodorojo', 'dm-rose-wine-escodorojo', NULL, 85000.00, NULL, 6, 1, '2026-05-19 00:02:52', '2026-05-19 00:02:52'),
(1926, 19, 263, 'Pascal Jolivet Sauvage', 'dm-rose-wine-pascal-jolivet-sauvage', NULL, 110000.00, NULL, 7, 1, '2026-05-19 00:02:52', '2026-05-19 00:02:52'),
(1927, 19, 263, 'Pascal Jolivet Polly Fume', 'dm-rose-wine-pascal-jolivet-polly-fume', NULL, 110000.00, NULL, 8, 1, '2026-05-19 00:02:52', '2026-05-19 00:02:52'),
(1928, 19, 263, 'Thomas Barton Graves Blanc', 'dm-rose-wine-thomas-barton-graves-blanc', NULL, 65000.00, NULL, 9, 1, '2026-05-19 00:02:52', '2026-05-19 00:02:52'),
(1929, 19, 264, 'Clarendelle Rose', 'dm-white-wine-clarendelle-rose', NULL, 75000.00, NULL, 1, 1, '2026-05-19 00:02:52', '2026-05-19 00:02:52'),
(1930, 19, 264, 'Whispering Angel', 'dm-white-wine-whispering-angel', NULL, 95000.00, NULL, 2, 1, '2026-05-19 00:02:52', '2026-05-19 00:02:52'),
(1931, 19, 264, 'Pascal Jolivet Sauvage', 'dm-white-wine-pascal-jolivet-sauvage-white', NULL, 110000.00, NULL, 3, 1, '2026-05-19 00:02:52', '2026-05-19 00:02:52'),
(1932, 19, 265, 'Heineken', 'dm-beer-heineken', NULL, 6000.00, NULL, 1, 1, '2026-05-19 00:02:52', '2026-05-19 00:02:52'),
(1933, 19, 265, 'Guinness', 'dm-beer-guinness', NULL, 6000.00, NULL, 2, 1, '2026-05-19 00:02:52', '2026-05-19 00:02:52'),
(1934, 19, 266, 'Water Large', 'dm-non-alcohol-water-large', NULL, 4500.00, NULL, 1, 1, '2026-05-19 00:02:52', '2026-05-19 00:02:52'),
(1935, 19, 266, 'Water Small', 'dm-non-alcohol-water-small', NULL, 2800.00, NULL, 2, 1, '2026-05-19 00:02:52', '2026-05-19 00:02:52'),
(1936, 19, 266, 'Coke', 'dm-non-alcohol-coke', NULL, 3800.00, NULL, 3, 1, '2026-05-19 00:02:52', '2026-05-19 00:02:52'),
(1937, 19, 266, 'Fanta', 'dm-non-alcohol-fanta', NULL, 3800.00, NULL, 4, 1, '2026-05-19 00:02:52', '2026-05-19 00:02:52'),
(1938, 19, 266, 'Sprite', 'dm-non-alcohol-sprite', NULL, 3800.00, NULL, 5, 1, '2026-05-19 00:02:52', '2026-05-19 00:02:52'),
(1939, 19, 266, 'Ginger Ale', 'dm-non-alcohol-ginger-ale', NULL, 5500.00, NULL, 6, 1, '2026-05-19 00:02:52', '2026-05-19 00:02:52'),
(1940, 19, 266, 'Perrier', 'dm-non-alcohol-perrier', NULL, 5500.00, NULL, 7, 1, '2026-05-19 00:02:52', '2026-05-19 00:02:52'),
(1941, 19, 266, 'Red Bull', 'dm-non-alcohol-red-bull', NULL, 7000.00, NULL, 8, 1, '2026-05-19 00:02:52', '2026-05-19 00:02:52'),
(1942, 19, 266, 'Soda', 'dm-non-alcohol-soda', NULL, 3800.00, NULL, 9, 1, '2026-05-19 00:02:52', '2026-05-19 00:02:52'),
(1943, 19, 266, 'Tonic', 'dm-non-alcohol-tonic', NULL, 3800.00, NULL, 10, 1, '2026-05-19 00:02:52', '2026-05-19 00:02:52'),
(1944, 19, 267, 'Cranberry Pitcher', 'dm-juice-pitcher-cranberry-pitcher', NULL, 18000.00, NULL, 1, 1, '2026-05-19 00:02:52', '2026-05-19 00:02:52'),
(1945, 19, 267, 'Orange', 'dm-juice-pitcher-orange', NULL, 8500.00, NULL, 2, 1, '2026-05-19 00:02:52', '2026-05-19 00:02:52'),
(1946, 19, 267, 'Apple', 'dm-juice-pitcher-apple', NULL, 8500.00, NULL, 3, 1, '2026-05-19 00:02:52', '2026-05-19 00:02:52'),
(1947, 19, 267, 'Pineapple', 'dm-juice-pitcher-pineapple', NULL, 8500.00, NULL, 4, 1, '2026-05-19 00:02:52', '2026-05-19 00:02:52'),
(1948, 19, 268, 'Single Espresso', 'dm-hot-beverages-single-espresso', NULL, 4500.00, NULL, 1, 1, '2026-05-19 00:02:52', '2026-05-19 00:02:52'),
(1949, 19, 268, 'Double Espresso', 'dm-hot-beverages-double-espresso', NULL, 5500.00, NULL, 2, 1, '2026-05-19 00:02:52', '2026-05-19 00:02:52'),
(1950, 19, 268, 'Tea Selection', 'dm-hot-beverages-tea-selection', NULL, 4500.00, NULL, 3, 1, '2026-05-19 00:02:52', '2026-05-19 00:02:52'),
(1951, 19, 268, 'Cappuccino', 'dm-hot-beverages-cappuccino', NULL, 5500.00, NULL, 4, 1, '2026-05-19 00:02:52', '2026-05-19 00:02:52'),
(1952, 19, 268, 'Americano', 'dm-hot-beverages-americano', NULL, 5500.00, NULL, 5, 1, '2026-05-19 00:02:52', '2026-05-19 00:02:52'),
(1953, 19, 268, 'Cafe Late', 'dm-hot-beverages-cafe-late', NULL, 5500.00, NULL, 6, 1, '2026-05-19 00:02:52', '2026-05-19 00:02:52'),
(1954, 19, 269, 'Mojito', 'dm-classic-cocktails-mojito', NULL, 12000.00, NULL, 1, 1, '2026-05-19 00:02:52', '2026-05-19 00:02:52'),
(1955, 19, 269, 'Flavored Mojito', 'dm-classic-cocktails-flavored-mojito', NULL, 12000.00, NULL, 2, 1, '2026-05-19 00:02:52', '2026-05-19 00:02:52'),
(1956, 19, 269, 'Tequila Sunrise', 'dm-classic-cocktails-tequila-sunrise', NULL, 12000.00, NULL, 3, 1, '2026-05-19 00:02:52', '2026-05-19 00:02:52'),
(1957, 19, 269, 'Whisky Sour', 'dm-classic-cocktails-whisky-sour', NULL, 12000.00, NULL, 4, 1, '2026-05-19 00:02:52', '2026-05-19 00:02:52'),
(1958, 19, 269, 'Strawberry Daiquiri', 'dm-classic-cocktails-strawberry-daiquiri', NULL, 12000.00, NULL, 5, 1, '2026-05-19 00:02:52', '2026-05-19 00:02:52'),
(1959, 19, 269, 'Gin Tonic', 'dm-classic-cocktails-gin-tonic', NULL, 12000.00, NULL, 6, 1, '2026-05-19 00:02:52', '2026-05-19 00:02:52'),
(1960, 19, 269, 'Moscow Mule', 'dm-classic-cocktails-moscow-mule', NULL, 12000.00, NULL, 7, 1, '2026-05-19 00:02:52', '2026-05-19 00:02:52'),
(1961, 19, 269, 'Basilicum', 'dm-classic-cocktails-basilicum', NULL, 12000.00, NULL, 8, 1, '2026-05-19 00:02:52', '2026-05-19 00:02:52'),
(1962, 19, 269, 'Long Island', 'dm-classic-cocktails-long-island', NULL, 12000.00, NULL, 9, 1, '2026-05-19 00:02:52', '2026-05-19 00:02:52'),
(1963, 19, 269, 'Pinacolada', 'dm-classic-cocktails-pinacolada', NULL, 12000.00, NULL, 10, 1, '2026-05-19 00:02:52', '2026-05-19 00:02:52'),
(1964, 19, 269, 'Amaretto Whiskey Sour', 'dm-classic-cocktails-amaretto-whiskey-sour', NULL, 12000.00, NULL, 11, 1, '2026-05-19 00:02:52', '2026-05-19 00:02:52'),
(1965, 19, 269, 'Cosmopolitan', 'dm-classic-cocktails-cosmopolitan', NULL, 12000.00, NULL, 12, 1, '2026-05-19 00:02:52', '2026-05-19 00:02:52'),
(1966, 19, 269, 'Manhattan', 'dm-classic-cocktails-manhattan', NULL, 12000.00, NULL, 13, 1, '2026-05-19 00:02:52', '2026-05-19 00:02:52'),
(1967, 19, 269, 'Margarita', 'dm-classic-cocktails-margarita', NULL, 12000.00, NULL, 14, 1, '2026-05-19 00:02:52', '2026-05-19 00:02:52'),
(1968, 19, 269, 'Flavored Margarita', 'dm-classic-cocktails-flavored-margarita', NULL, 12000.00, NULL, 15, 1, '2026-05-19 00:02:52', '2026-05-19 00:02:52'),
(1969, 19, 269, 'Sex on the Beach', 'dm-classic-cocktails-sex-on-the-beach', NULL, 12000.00, NULL, 16, 1, '2026-05-19 00:02:52', '2026-05-19 00:02:52'),
(1970, 19, 269, 'Porn Star Martini', 'dm-classic-cocktails-porn-star-martini', NULL, 12000.00, NULL, 17, 1, '2026-05-19 00:02:52', '2026-05-19 00:02:52'),
(1971, 19, 270, 'Level Up', 'dm-signature-cocktails-level-up', NULL, 15000.00, NULL, 1, 1, '2026-05-19 00:02:52', '2026-05-19 00:02:52'),
(1972, 19, 270, 'Sweet In the Middle', 'dm-signature-cocktails-sweet-in-the-middle', NULL, 15000.00, NULL, 2, 1, '2026-05-19 00:02:52', '2026-05-19 00:02:52'),
(1973, 19, 270, 'Smoky Opal', 'dm-signature-cocktails-smoky-opal', NULL, 15000.00, NULL, 3, 1, '2026-05-19 00:02:52', '2026-05-19 00:02:52'),
(1974, 19, 270, 'First Impression', 'dm-signature-cocktails-first-impression', NULL, 15000.00, NULL, 4, 1, '2026-05-19 00:02:52', '2026-05-19 00:02:52'),
(1975, 19, 270, 'Opal Free Flow', 'dm-signature-cocktails-opal-free-flow', NULL, 15000.00, NULL, 5, 1, '2026-05-19 00:02:52', '2026-05-19 00:02:52'),
(1976, 19, 270, 'Apple Minded', 'dm-signature-cocktails-apple-minded', NULL, 15000.00, NULL, 6, 1, '2026-05-19 00:02:52', '2026-05-19 00:02:52'),
(1977, 19, 270, 'Don\'t Get Wet', 'dm-signature-cocktails-dont-get-wet', NULL, 15000.00, NULL, 7, 1, '2026-05-19 00:02:52', '2026-05-19 00:02:52'),
(1978, 19, 271, 'Tequila', 'dm-shots-tequila', NULL, 5900.00, NULL, 1, 1, '2026-05-19 00:02:52', '2026-05-19 00:02:52'),
(1979, 19, 271, 'Tequila Gold', 'dm-shots-tequila-gold', NULL, 5500.00, NULL, 2, 1, '2026-05-19 00:02:52', '2026-05-19 00:02:52'),
(1980, 19, 271, 'Vodka', 'dm-shots-vodka', NULL, 5000.00, NULL, 3, 1, '2026-05-19 00:02:52', '2026-05-19 00:02:52'),
(1981, 19, 271, 'Gin', 'dm-shots-gin', NULL, 4500.00, NULL, 4, 1, '2026-05-19 00:02:52', '2026-05-19 00:02:52'),
(1982, 19, 271, 'Whiskey', 'dm-shots-whiskey', NULL, 5000.00, NULL, 5, 1, '2026-05-19 00:02:52', '2026-05-19 00:02:52'),
(1983, 19, 271, 'Hennessey VSOP', 'dm-shots-hennessey-vsop', NULL, 14500.00, NULL, 6, 1, '2026-05-19 00:02:52', '2026-05-19 00:02:52'),
(1984, 19, 271, 'Rum', 'dm-shots-rum', NULL, 5000.00, NULL, 7, 1, '2026-05-19 00:02:52', '2026-05-19 00:02:52'),
(1985, 19, 271, 'Jägermeister', 'dm-shots-j-germeister', NULL, 5000.00, NULL, 8, 1, '2026-05-19 00:02:52', '2026-05-19 00:02:52'),
(1986, 19, 271, 'Baileys', 'dm-shots-baileys', NULL, 4500.00, NULL, 9, 1, '2026-05-19 00:02:52', '2026-05-19 00:02:52'),
(1987, 19, 271, 'Campari', 'dm-shots-campari', NULL, 4500.00, NULL, 10, 1, '2026-05-19 00:02:52', '2026-05-19 00:02:52'),
(1988, 19, 271, 'Aperol', 'dm-shots-aperol', NULL, 4500.00, NULL, 11, 1, '2026-05-19 00:02:52', '2026-05-19 00:02:52'),
(1989, 19, 272, 'Brain Hemorrhage', 'dm-special-shots-brain-hemorrhage', NULL, 5500.00, NULL, 1, 1, '2026-05-19 00:02:52', '2026-05-19 00:02:52'),
(1990, 19, 272, 'Condom Shot', 'dm-special-shots-condom-shot', NULL, 5500.00, NULL, 2, 1, '2026-05-19 00:02:52', '2026-05-19 00:02:52'),
(1991, 19, 272, 'Death of Jellyfish', 'dm-special-shots-death-of-jellyfish', NULL, 5500.00, NULL, 3, 1, '2026-05-19 00:02:52', '2026-05-19 00:02:52'),
(1992, 19, 272, 'Doo Doo', 'dm-special-shots-doo-doo', NULL, 5500.00, NULL, 4, 1, '2026-05-19 00:02:52', '2026-05-19 00:02:52'),
(1993, 19, 272, 'Liquid Cocaine', 'dm-special-shots-liquid-cocaine', NULL, 5500.00, NULL, 5, 1, '2026-05-19 00:02:52', '2026-05-19 00:02:52'),
(1994, 19, 272, 'Absent Without Leave', 'dm-special-shots-absent-without-leave', NULL, 5500.00, NULL, 6, 1, '2026-05-19 00:02:52', '2026-05-19 00:02:52'),
(1995, 19, 272, 'Fire Shots', 'dm-special-shots-fire-shots', NULL, 5500.00, NULL, 7, 1, '2026-05-19 00:02:52', '2026-05-19 00:02:52'),
(1996, 19, 272, 'Vendome Shot', 'dm-special-shots-vendome-shot', NULL, 5500.00, NULL, 8, 1, '2026-05-19 00:02:52', '2026-05-19 00:02:52'),
(1997, 19, 272, 'Blowjob', 'dm-special-shots-blowjob', NULL, 5600.00, NULL, 9, 1, '2026-05-19 00:02:52', '2026-05-19 00:02:52'),
(1998, 19, 272, 'Vendome Tower Fire Show', 'dm-special-shots-vendome-tower-fire-show', NULL, 25000.00, NULL, 10, 1, '2026-05-19 00:02:52', '2026-05-19 00:02:52'),
(1999, 19, 273, 'Iced Gum', 'dm-shisha-menu-iced-gum', NULL, 30000.00, NULL, 1, 1, '2026-05-19 00:02:52', '2026-05-19 00:02:52'),
(2000, 19, 273, 'Magic Love', 'dm-shisha-menu-magic-love', NULL, 30000.00, NULL, 2, 1, '2026-05-19 00:02:52', '2026-05-19 00:02:52'),
(2001, 19, 273, 'Love 66', 'dm-shisha-menu-love-66', NULL, 36000.00, NULL, 3, 1, '2026-05-19 00:02:52', '2026-05-19 00:02:52'),
(2002, 19, 273, 'Strawberry', 'dm-shisha-menu-strawberry', NULL, 30000.00, NULL, 4, 1, '2026-05-19 00:02:52', '2026-05-19 00:02:52'),
(2003, 19, 273, 'Strawberry and Mint', 'dm-shisha-menu-strawberry-and-mint', NULL, 30000.00, NULL, 5, 1, '2026-05-19 00:02:52', '2026-05-19 00:02:52'),
(2004, 19, 273, 'Mixed Fruit', 'dm-shisha-menu-mixed-fruit', NULL, 30000.00, NULL, 6, 1, '2026-05-19 00:02:52', '2026-05-19 00:02:52'),
(2005, 19, 273, 'Gum and Mint', 'dm-shisha-menu-gum-and-mint', NULL, 30000.00, NULL, 7, 1, '2026-05-19 00:02:52', '2026-05-19 00:02:52'),
(2006, 19, 273, 'Gum', 'dm-shisha-menu-gum', NULL, 30000.00, NULL, 8, 1, '2026-05-19 00:02:52', '2026-05-19 00:02:52'),
(2007, 19, 273, 'Lemon and Mint', 'dm-shisha-menu-lemon-and-mint', NULL, 30000.00, NULL, 9, 1, '2026-05-19 00:02:52', '2026-05-19 00:02:52'),
(2008, 19, 273, 'Mint and Cream', 'dm-shisha-menu-mint-and-cream', NULL, 30000.00, NULL, 10, 1, '2026-05-19 00:02:52', '2026-05-19 00:02:52'),
(2009, 19, 273, 'Grape and Mint', 'dm-shisha-menu-grape-and-mint', NULL, 30000.00, NULL, 11, 1, '2026-05-19 00:02:52', '2026-05-19 00:02:52'),
(2010, 19, 273, 'Grape', 'dm-shisha-menu-grape', NULL, 30000.00, NULL, 12, 1, '2026-05-19 00:02:52', '2026-05-19 00:02:52'),
(2011, 19, 273, 'Two Apple', 'dm-shisha-menu-two-apple', NULL, 30000.00, NULL, 13, 1, '2026-05-19 00:02:52', '2026-05-19 00:02:52'),
(2012, 19, 273, 'Mint', 'dm-shisha-menu-mint', NULL, 30000.00, NULL, 14, 1, '2026-05-19 00:02:52', '2026-05-19 00:02:52'),
(2013, 19, 273, 'Peach', 'dm-shisha-menu-peach', NULL, 30000.00, NULL, 15, 1, '2026-05-19 00:02:52', '2026-05-19 00:02:52'),
(2014, 19, 273, 'Blueberry', 'dm-shisha-menu-blueberry', NULL, 30000.00, NULL, 16, 1, '2026-05-19 00:02:52', '2026-05-19 00:02:52'),
(2015, 19, 273, 'Blueberry and Mint', 'dm-shisha-menu-blueberry-and-mint', NULL, 30000.00, NULL, 17, 1, '2026-05-19 00:02:52', '2026-05-19 00:02:52'),
(2016, 19, 273, 'Mango', 'dm-shisha-menu-mango', NULL, 30000.00, NULL, 18, 1, '2026-05-19 00:02:52', '2026-05-19 00:02:52'),
(2017, 19, 273, 'Watermelon', 'dm-shisha-menu-watermelon', NULL, 30000.00, NULL, 19, 1, '2026-05-19 00:02:52', '2026-05-19 00:02:52'),
(2018, 19, 273, 'Watermelon and Mint', 'dm-shisha-menu-watermelon-and-mint', NULL, 30000.00, NULL, 20, 1, '2026-05-19 00:02:52', '2026-05-19 00:02:52'),
(2019, 19, 273, 'Lady Killer', 'dm-shisha-menu-lady-killer', NULL, 36000.00, NULL, 21, 1, '2026-05-19 00:02:52', '2026-05-19 00:02:52'),
(2020, 19, 273, 'Two Apple (Duplicate listing)', 'dm-shisha-menu-two-apple-2', NULL, 30000.00, NULL, 22, 1, '2026-05-19 00:02:52', '2026-05-19 00:02:52'),
(2021, 19, 273, 'Apple', 'dm-shisha-menu-apple-shisha', NULL, 25000.00, NULL, 23, 1, '2026-05-19 00:02:52', '2026-05-19 00:02:52'),
(2022, 19, 273, 'Pineapple Fruit', 'dm-shisha-menu-pineapple-fruit', NULL, 40000.00, NULL, 24, 1, '2026-05-19 00:02:52', '2026-05-19 00:02:52'),
(2023, 19, 273, 'Apple Fruit', 'dm-shisha-menu-apple-fruit', NULL, 40000.00, NULL, 25, 1, '2026-05-19 00:02:52', '2026-05-19 00:02:52'),
(2024, 19, 273, 'Orange Fruit', 'dm-shisha-menu-orange-fruit', NULL, 40000.00, NULL, 26, 1, '2026-05-19 00:02:52', '2026-05-19 00:02:52'),
(2025, 19, 274, 'First Impression', 'dm-karaoke-drinks-first-impression', NULL, 15000.00, NULL, 1, 1, '2026-05-19 00:02:52', '2026-05-19 00:02:52'),
(2026, 19, 274, 'Opal Free Flow', 'dm-karaoke-drinks-opal-free-flow', 'Vodka, lemon juice, coconut syrup, strawberry syrup, watermelon chunks. Garnish: watermelon wedge.', 15000.00, NULL, 2, 1, '2026-05-19 00:02:52', '2026-05-19 00:02:52'),
(2027, 19, 274, 'Apple Minded', 'dm-karaoke-drinks-apple-minded', 'Whiskey, simple syrup, apple juice. Garnish: dehydrated orange and apple.', 15000.00, NULL, 3, 1, '2026-05-19 00:02:52', '2026-05-19 00:02:52'),
(2028, 19, 274, 'Level Up', 'dm-karaoke-drinks-level-up', 'Cognac, lemon juice, simple syrup, topped with ginger beer. Garnish: lemon wedge and cherry.', 15000.00, NULL, 4, 1, '2026-05-19 00:02:52', '2026-05-19 00:02:52'),
(2029, 19, 274, 'Don\'t Get Wet', 'dm-karaoke-drinks-dont-get-wet', 'Gin, blue curaçao, grenadine syrup, orange juice. Garnish: dehydrated orange and cherry.', 15000.00, NULL, 5, 1, '2026-05-19 00:02:52', '2026-05-19 00:02:52'),
(2030, 19, 274, 'Mojito (Virgin)', 'dm-karaoke-drinks-mojito-virgin', NULL, 12000.00, NULL, 6, 1, '2026-05-19 00:02:52', '2026-05-19 00:02:52'),
(2031, 19, 274, 'Chapman', 'dm-karaoke-drinks-chapman', NULL, 12000.00, NULL, 7, 1, '2026-05-19 00:02:52', '2026-05-19 00:02:52'),
(2032, 19, 274, 'Mint It Up', 'dm-karaoke-drinks-mint-it-up', NULL, 12000.00, NULL, 8, 1, '2026-05-19 00:02:52', '2026-05-19 00:02:52'),
(2033, 20, 275, 'SWISS CAFE EARLY BIRD', 'fm-swiss-caf-menu-swiss-cafe-early-bird', '2 FRIED EGGS, TOMATO, SAUSAGES, BAKED BEANS & TOASTS WITH COFFEE OR TEA', 12000.00, NULL, 1, 1, '2026-05-19 01:47:10', '2026-05-19 01:47:10'),
(2034, 20, 275, 'SUNDAY BRUNCH', 'fm-swiss-caf-menu-sunday-brunch-2', NULL, 30000.00, NULL, 2, 1, '2026-05-19 01:47:10', '2026-05-19 01:47:10'),
(2035, 20, 275, 'BREAKFAST BUFFET', 'fm-swiss-caf-menu-breakfast-buffet-3', NULL, 12000.00, NULL, 3, 1, '2026-05-19 01:47:10', '2026-05-19 01:47:10'),
(2036, 20, 275, 'DINNER BUFFET', 'fm-swiss-caf-menu-dinner-buffet-4', NULL, 25000.00, NULL, 4, 1, '2026-05-19 01:47:10', '2026-05-19 01:47:10'),
(2037, 20, 275, 'KIDDIES', 'fm-swiss-caf-menu-kiddies-5', NULL, 6000.00, NULL, 5, 1, '2026-05-19 01:47:10', '2026-05-19 01:47:10'),
(2038, 20, 275, 'ENGLISH BREAKFAST', 'fm-swiss-caf-menu-english-breakfast-6', '2 SCRAMBLE EGGS, TOMATO, SAUSAGES, BAKED BEANS & TOASTS WITH COFFEE OR TEA', 12000.00, NULL, 6, 1, '2026-05-19 01:47:10', '2026-05-19 01:47:10'),
(2039, 20, 275, 'AMERICAN BREAKFAST', 'fm-swiss-caf-menu-american-breakfast-7', '2 CROISSANTS, JAM, SAUSAGES, BAKED BEANS & WITH COFFEE OR TEA', 18000.00, NULL, 7, 1, '2026-05-19 01:47:10', '2026-05-19 01:47:10'),
(2040, 20, 275, 'SWISS CAFE CONTINENTAL BREAKFAST', 'fm-swiss-caf-menu-swiss-cafe-continental-breakfast-8', 'FRESH JUICE, TOAST, OVEN FRESH BREADROLL, BUTTER & JAM, CEREALS, CHOICE OF COFFEE OR TEA', 13500.00, NULL, 8, 1, '2026-05-19 01:47:10', '2026-05-19 01:47:10'),
(2041, 20, 275, 'NIGERIAN BREAKFAST', 'fm-swiss-caf-menu-nigerian-breakfast-9', 'TOAST, EGG SAUCE or KIDNEY SAUCE, PLANTAIN or YAM, COFFEE OR TEA', 12000.00, NULL, 9, 1, '2026-05-19 01:47:10', '2026-05-19 01:47:10'),
(2042, 20, 275, 'BIRCHER MUESLI', 'fm-swiss-caf-menu-bircher-muesli-10', 'THE CLASSICAL SWISS VITAMIN SHOT WITH OAK FLAKES, YOGHURT, AND SEASONAL FRUIT', 6500.00, NULL, 10, 1, '2026-05-19 01:47:10', '2026-05-19 01:47:10'),
(2043, 20, 275, 'FRESH FRUIT SALAD', 'fm-swiss-caf-menu-fresh-fruit-salad-11', NULL, 6000.00, NULL, 11, 1, '2026-05-19 01:47:10', '2026-05-19 01:47:10'),
(2044, 20, 275, 'EGGS AND NOODLES', 'fm-swiss-caf-menu-eggs-and-noodles-12', 'DUO OF FRIED OR BOILED EGGS WITH NOODLES', 8500.00, NULL, 12, 1, '2026-05-19 01:47:10', '2026-05-19 01:47:10'),
(2045, 20, 275, 'TWO EGGS OMELETTE', 'fm-swiss-caf-menu-two-eggs-omelette-13', NULL, 4500.00, NULL, 13, 1, '2026-05-19 01:47:10', '2026-05-19 01:47:10'),
(2046, 20, 275, 'TWO BOILED EGGS', 'fm-swiss-caf-menu-two-boiled-eggs-14', NULL, 3500.00, NULL, 14, 1, '2026-05-19 01:47:10', '2026-05-19 01:47:10'),
(2047, 20, 275, 'SPANISH OMELETTE', 'fm-swiss-caf-menu-spanish-omelette-15', 'TWO EGGS OMELETTE WITH ONIONS, TOMATOES, AND GREEN PEPPER.', 4000.00, NULL, 15, 1, '2026-05-19 01:47:10', '2026-05-19 01:47:10'),
(2048, 20, 275, 'OATMEAL', 'fm-swiss-caf-menu-oatmeal-16', NULL, 3500.00, NULL, 16, 1, '2026-05-19 01:47:10', '2026-05-19 01:47:10'),
(2049, 20, 275, 'TOAST BREAD AND EGGS', 'fm-swiss-caf-menu-toast-bread-and-eggs-17', NULL, 6000.00, NULL, 17, 1, '2026-05-19 01:47:10', '2026-05-19 01:47:10'),
(2050, 20, 275, 'BOILD YAM AND EGG', 'fm-swiss-caf-menu-boild-yam-and-egg-18', NULL, 10000.00, NULL, 18, 1, '2026-05-19 01:47:10', '2026-05-19 01:47:10'),
(2051, 20, 276, 'CLUB SANDWICH', 'fm-sandwiches-and-more-club-sandwich', 'WE FOLLOW THE ORIGINAL RECIPE FOR THIS FAMOUS SANDWICH MADE WITH THE BEST FRESH VEGETABLES, SHREDDED CHICKEN, MAYONNAISE, BOILED EGG, AND BACON ON THE REQUEST. SERVED WITH FRENCH FRIES.', 9000.00, NULL, 1, 1, '2026-05-19 01:47:10', '2026-05-19 01:47:10'),
(2052, 20, 276, 'CHICKEN CLUB SANDWICH', 'fm-sandwiches-and-more-chicken-club-sandwich-2', NULL, 10000.00, NULL, 2, 1, '2026-05-19 01:47:10', '2026-05-19 01:47:10'),
(2053, 20, 276, 'PRAWNS CLUB SANDWICH', 'fm-sandwiches-and-more-prawns-club-sandwich-3', 'A CHANGE FROM THE ORIGINAL RECIPE MADE WITH CURRY-BOILED PRAWNS. SERVED WITH FRENCH FRIES', 20000.00, NULL, 3, 1, '2026-05-19 01:47:10', '2026-05-19 01:47:10'),
(2054, 20, 276, 'CROQUE MONSIEUR', 'fm-sandwiches-and-more-croque-monsieur-4', 'FROM FRANCE THIS GOLDEN BROWN TOASTED HAM AND CHEESE SANDWICH IS SERVED WITH FRENCH FRIES AND COLESLAW.', 12000.00, NULL, 4, 1, '2026-05-19 01:47:10', '2026-05-19 01:47:10'),
(2055, 20, 276, 'HAMBURGER', 'fm-sandwiches-and-more-hamburger-5', 'HAMBURGER, A 150 GR. GROUND MEAT PATTY, LETTUCE, CUCUMBER, GRILLED ONION, AND A SECRET HOMEMADE SAUCE BETWEEN TWO SLICES OF BREAD, WAS FIRST CREATED IN AMERICA IN 1900 BY LOUIS LASSEN, A DANISH IMMIGRANT AND WE SERVE IT FOLLOWING THE SAME RECIPE BUT WITH OUR SECRET HOMEMADE SAUCE. SERVED WITH FRENCH FRIES.', 12500.00, NULL, 5, 1, '2026-05-19 01:47:10', '2026-05-19 01:47:10'),
(2056, 20, 276, 'BEEF BURGER', 'fm-sandwiches-and-more-beef-burger-6', NULL, 11000.00, NULL, 6, 1, '2026-05-19 01:47:10', '2026-05-19 01:47:10'),
(2057, 20, 276, 'CHEESEBURGER', 'fm-sandwiches-and-more-cheeseburger-7', NULL, 12000.00, NULL, 7, 1, '2026-05-19 01:47:10', '2026-05-19 01:47:10'),
(2058, 20, 276, 'CHICKEN BURGER', 'fm-sandwiches-and-more-chicken-burger-8', NULL, 15000.00, NULL, 8, 1, '2026-05-19 01:47:10', '2026-05-19 01:47:10'),
(2059, 20, 276, 'FRESH SPRING ROLLS', 'fm-sandwiches-and-more-fresh-spring-rolls-9', '(4 PIECES) WITH DIPPING SAUCE', 6000.00, NULL, 9, 1, '2026-05-19 01:47:10', '2026-05-19 01:47:10'),
(2060, 20, 276, 'FRESH SAMOSA', 'fm-sandwiches-and-more-fresh-samosa-10', '(4 PIECES) WITH DIPPING SAUCE', 4500.00, NULL, 10, 1, '2026-05-19 01:47:10', '2026-05-19 01:47:10'),
(2061, 20, 276, 'CHICKEN WRAP', 'fm-sandwiches-and-more-chicken-wrap-11', 'COMES WITH FRANCH FRIES', 11000.00, NULL, 11, 1, '2026-05-19 01:47:10', '2026-05-19 01:47:10'),
(2062, 20, 276, 'ITALIAN BRUSCHETTA', 'fm-sandwiches-and-more-italian-bruschetta-12', '2 SLICES OF TOASTED BREAD GENTLY BRUSHED WITH GARLIC AND TOPPED WITH OLIVE OIL, FRESH TOMATO, OREGANO', 12000.00, NULL, 12, 1, '2026-05-19 01:47:10', '2026-05-19 01:47:10'),
(2063, 20, 277, '1 STANDARD MEAT PIE', 'fm-small-chops-1-standard-meat-pie', NULL, 3000.00, NULL, 1, 1, '2026-05-19 01:47:10', '2026-05-19 01:47:10'),
(2064, 20, 277, '1 STANDARD CHICKEN PIE', 'fm-small-chops-1-standard-chicken-pie-2', NULL, 3000.00, NULL, 2, 1, '2026-05-19 01:47:10', '2026-05-19 01:47:10'),
(2065, 20, 277, '1 STANDARD FISH PIE', 'fm-small-chops-1-standard-fish-pie-3', NULL, 3000.00, NULL, 3, 1, '2026-05-19 01:47:10', '2026-05-19 01:47:10'),
(2066, 20, 277, 'PORTION CAKE', 'fm-small-chops-portion-cake-4', NULL, 6000.00, NULL, 4, 1, '2026-05-19 01:47:10', '2026-05-19 01:47:10'),
(2067, 20, 277, 'DOUGHNUTS', 'fm-small-chops-doughnuts-5', NULL, 3000.00, NULL, 5, 1, '2026-05-19 01:47:10', '2026-05-19 01:47:10'),
(2068, 20, 277, '2 CHEESE ROLLS', 'fm-small-chops-2-cheese-rolls-6', NULL, 3000.00, NULL, 6, 1, '2026-05-19 01:47:10', '2026-05-19 01:47:10'),
(2069, 20, 277, '1 PACK OF CHIN-CHIN', 'fm-small-chops-1-pack-of-chin-chin-7', NULL, 3000.00, NULL, 7, 1, '2026-05-19 01:47:10', '2026-05-19 01:47:10'),
(2070, 20, 277, '2 DANISH', 'fm-small-chops-2-danish-8', NULL, 3500.00, NULL, 8, 1, '2026-05-19 01:47:10', '2026-05-19 01:47:10'),
(2071, 20, 277, '1 PACK OF POP CORN', 'fm-small-chops-1-pack-of-pop-corn-9', NULL, 2000.00, NULL, 9, 1, '2026-05-19 01:47:10', '2026-05-19 01:47:10'),
(2072, 20, 277, 'CAKE', 'fm-small-chops-cake-10', NULL, 10000.00, NULL, 10, 1, '2026-05-19 01:47:10', '2026-05-19 01:47:10'),
(2073, 20, 277, 'EGG ROLL', 'fm-small-chops-egg-roll-11', NULL, 3000.00, NULL, 11, 1, '2026-05-19 01:47:10', '2026-05-19 01:47:10'),
(2074, 20, 277, 'SAUSAGE ROLL', 'fm-small-chops-sausage-roll-12', NULL, 2500.00, NULL, 12, 1, '2026-05-19 01:47:10', '2026-05-19 01:47:10'),
(2075, 20, 277, 'SPRING ROLL', 'fm-small-chops-spring-roll-13', NULL, 2000.00, NULL, 13, 1, '2026-05-19 01:47:10', '2026-05-19 01:47:10'),
(2076, 20, 278, 'FISH FINGERS', 'fm-deep-fried-served-with-a-dip-sauce-of-your-choice-fish-fingers', NULL, 6500.00, NULL, 1, 1, '2026-05-19 01:47:10', '2026-05-19 01:47:10'),
(2077, 20, 278, 'ONION RINGS', 'fm-deep-fried-served-with-a-dip-sauce-of-your-choice-onion-rings-2', NULL, 3000.00, NULL, 2, 1, '2026-05-19 01:47:10', '2026-05-19 01:47:10'),
(2078, 20, 278, 'FRENCH FRIES', 'fm-deep-fried-served-with-a-dip-sauce-of-your-choice-french-fries-3', NULL, 5000.00, NULL, 3, 1, '2026-05-19 01:47:10', '2026-05-19 01:47:10'),
(2079, 20, 278, 'FINGER YAM', 'fm-deep-fried-served-with-a-dip-sauce-of-your-choice-finger-yam-4', NULL, 5000.00, NULL, 4, 1, '2026-05-19 01:47:10', '2026-05-19 01:47:10'),
(2080, 20, 278, 'SWEET POTATO CHIPS', 'fm-deep-fried-served-with-a-dip-sauce-of-your-choice-sweet-potato-chips-5', NULL, 5000.00, NULL, 5, 1, '2026-05-19 01:47:10', '2026-05-19 01:47:10'),
(2081, 20, 278, 'FRIED PLANTAIN', 'fm-deep-fried-served-with-a-dip-sauce-of-your-choice-fried-plantain-6', NULL, 6000.00, NULL, 6, 1, '2026-05-19 01:47:10', '2026-05-19 01:47:10'),
(2082, 20, 279, 'SNAILS', 'fm-peppered-proteins-snails', NULL, 28000.00, NULL, 1, 1, '2026-05-19 01:47:10', '2026-05-19 01:47:10'),
(2083, 20, 279, 'BEEF', 'fm-peppered-proteins-beef-2', NULL, 13000.00, NULL, 2, 1, '2026-05-19 01:47:10', '2026-05-19 01:47:10'),
(2084, 20, 279, 'PEPPERED GOAT MEAT', 'fm-peppered-proteins-peppered-goat-meat-3', NULL, 15000.00, NULL, 3, 1, '2026-05-19 01:47:10', '2026-05-19 01:47:10'),
(2085, 20, 279, 'CHICKEN NKWOBI', 'fm-peppered-proteins-chicken-nkwobi-4', NULL, 15000.00, NULL, 4, 1, '2026-05-19 01:47:10', '2026-05-19 01:47:10'),
(2086, 20, 279, 'GIZZARDS', 'fm-peppered-proteins-gizzards-5', NULL, 13500.00, NULL, 5, 1, '2026-05-19 01:47:10', '2026-05-19 01:47:10'),
(2087, 20, 279, 'CHICKEN', 'fm-peppered-proteins-chicken-6', NULL, 13000.00, NULL, 6, 1, '2026-05-19 01:47:10', '2026-05-19 01:47:10'),
(2088, 20, 279, 'COW LEG', 'fm-peppered-proteins-cow-leg-7', NULL, 13000.00, NULL, 7, 1, '2026-05-19 01:47:10', '2026-05-19 01:47:10'),
(2089, 20, 279, 'CROAKER FISH PT', 'fm-peppered-proteins-croaker-fish-pt-8', NULL, 12000.00, NULL, 8, 1, '2026-05-19 01:47:10', '2026-05-19 01:47:10'),
(2090, 20, 279, 'PEPPER PRAWNS', 'fm-peppered-proteins-pepper-prawns-9', NULL, 25000.00, NULL, 9, 1, '2026-05-19 01:47:10', '2026-05-19 01:47:10'),
(2091, 20, 279, 'SHRIMPS', 'fm-peppered-proteins-shrimps-10', NULL, 6000.00, NULL, 10, 1, '2026-05-19 01:47:10', '2026-05-19 01:47:10'),
(2092, 20, 279, 'ROCK FISH PORTION', 'fm-peppered-proteins-rock-fish-portion-11', NULL, 17000.00, NULL, 11, 1, '2026-05-19 01:47:10', '2026-05-19 01:47:10'),
(2093, 20, 279, 'TURKEY', 'fm-peppered-proteins-turkey-12', NULL, 15000.00, NULL, 12, 1, '2026-05-19 01:47:10', '2026-05-19 01:47:10'),
(2094, 20, 279, 'TITUS FISH', 'fm-peppered-proteins-titus-fish-13', NULL, 15000.00, NULL, 13, 1, '2026-05-19 01:47:10', '2026-05-19 01:47:10'),
(2095, 20, 279, 'GOAT MEAT', 'fm-peppered-proteins-goat-meat-14', NULL, 16000.00, NULL, 14, 1, '2026-05-19 01:47:10', '2026-05-19 01:47:10'),
(2096, 20, 279, 'CHICKEN LAP', 'fm-peppered-proteins-chicken-lap-15', NULL, 13000.00, NULL, 15, 1, '2026-05-19 01:47:10', '2026-05-19 01:47:10'),
(2097, 20, 279, 'ROCK FISH FULL', 'fm-peppered-proteins-rock-fish-full-16', NULL, 35000.00, NULL, 16, 1, '2026-05-19 01:47:10', '2026-05-19 01:47:10'),
(2098, 20, 279, 'DRY FISH (DRIED FISH)', 'fm-peppered-proteins-dry-fish-dried-fish-17', NULL, 17000.00, NULL, 17, 1, '2026-05-19 01:47:10', '2026-05-19 01:47:10'),
(2099, 20, 279, 'CATFISH', 'fm-peppered-proteins-catfish-18', NULL, 15000.00, NULL, 18, 1, '2026-05-19 01:47:10', '2026-05-19 01:47:10'),
(2100, 20, 279, 'BBQ CHICKEN', 'fm-peppered-proteins-bbq-chicken-19', NULL, 13000.00, NULL, 19, 1, '2026-05-19 01:47:10', '2026-05-19 01:47:10'),
(2101, 20, 279, 'CHICKEN DRUM STICK', 'fm-peppered-proteins-chicken-drum-stick-20', NULL, 13000.00, NULL, 20, 1, '2026-05-19 01:47:10', '2026-05-19 01:47:10'),
(2102, 20, 279, 'PEPPERED CHICKEN WINGS', 'fm-peppered-proteins-peppered-chicken-wings-21', NULL, 13000.00, NULL, 21, 1, '2026-05-19 01:47:10', '2026-05-19 01:47:10'),
(2103, 20, 280, 'ROCK FISH PEPPER SOUP', 'fm-hot-starter-nigerian-pepper-soup-rock-fish-pepper-soup', NULL, 17000.00, NULL, 1, 1, '2026-05-19 01:47:10', '2026-05-19 01:47:10'),
(2104, 20, 280, 'ROCK FISH SOUP', 'fm-hot-starter-nigerian-pepper-soup-rock-fish-soup-2', NULL, 18000.00, NULL, 2, 1, '2026-05-19 01:47:10', '2026-05-19 01:47:10'),
(2105, 20, 280, 'CATFISH PEPPER SOUP', 'fm-hot-starter-nigerian-pepper-soup-catfish-pepper-soup-3', NULL, 25000.00, NULL, 3, 1, '2026-05-19 01:47:10', '2026-05-19 01:47:10'),
(2106, 20, 280, 'FRENCH ONION SOUP', 'fm-hot-starter-nigerian-pepper-soup-french-onion-soup-4', 'TOPPED WITH GRATINATED TOAST', 5000.00, NULL, 4, 1, '2026-05-19 01:47:10', '2026-05-19 01:47:10'),
(2107, 20, 280, 'BEEF PEPPER SOUP', 'fm-hot-starter-nigerian-pepper-soup-beef-pepper-soup-5', NULL, 13000.00, NULL, 5, 1, '2026-05-19 01:47:10', '2026-05-19 01:47:10'),
(2108, 20, 280, 'CREAM OF MIXED VEGETABLES', 'fm-hot-starter-nigerian-pepper-soup-cream-of-mixed-vegetables-6', 'A MIX OF SEASONAL FRESH VEGETABLES BLENDED AND THICKENED WITH WHIPPED CREAM', 6000.00, NULL, 6, 1, '2026-05-19 01:47:10', '2026-05-19 01:47:10'),
(2109, 20, 280, 'CREAM OF SWEET CORN SOUP', 'fm-hot-starter-nigerian-pepper-soup-cream-of-sweet-corn-soup-7', 'WE BLEND THE SWEET CORN AND MIX IT WITH STOCK AND SPICES THICKENING IT WITH WHIPPED CREAM.', 13000.00, NULL, 7, 1, '2026-05-19 01:47:10', '2026-05-19 01:47:10'),
(2110, 20, 280, 'CATFISH PEPPER SOUP PORTION', 'fm-hot-starter-nigerian-pepper-soup-catfish-pepper-soup-portion-8', NULL, 15000.00, NULL, 8, 1, '2026-05-19 01:47:10', '2026-05-19 01:47:10'),
(2111, 20, 280, 'COW PEPPER SOUP', 'fm-hot-starter-nigerian-pepper-soup-cow-pepper-soup-9', NULL, 13000.00, NULL, 9, 1, '2026-05-19 01:47:10', '2026-05-19 01:47:10'),
(2112, 20, 280, 'BEEF SOUP', 'fm-hot-starter-nigerian-pepper-soup-beef-soup-10', NULL, 13000.00, NULL, 10, 1, '2026-05-19 01:47:10', '2026-05-19 01:47:10'),
(2113, 20, 280, 'COW LEG SOUP', 'fm-hot-starter-nigerian-pepper-soup-cow-leg-soup-11', NULL, 17000.00, NULL, 11, 1, '2026-05-19 01:47:10', '2026-05-19 01:47:10'),
(2114, 20, 280, 'GOAT MEAT SOUP', 'fm-hot-starter-nigerian-pepper-soup-goat-meat-soup-12', NULL, 15000.00, NULL, 12, 1, '2026-05-19 01:47:10', '2026-05-19 01:47:10'),
(2115, 20, 280, 'TURKEY PEPPER SOUP', 'fm-hot-starter-nigerian-pepper-soup-turkey-pepper-soup-13', NULL, 15000.00, NULL, 13, 1, '2026-05-19 01:47:10', '2026-05-19 01:47:10');
INSERT INTO `menu_items` (`id`, `restaurant_id`, `category_id`, `name`, `slug`, `description`, `price`, `image`, `display_order`, `is_available`, `created_at`, `updated_at`) VALUES
(2116, 20, 281, 'STARTERS & DELIGHTS WARM SHREDDED STIR FRY CHICKEN SALAD', 'fm-salad-starters-and-delights-warm-shredded-stir-fry-chicken-salad', 'An original recipe from the mountains of Thailand composed of fresh lettuce, carrot, and spring onion topped with shredded fried chicken with cashew nuts and served with a dip of soy sauce and green curry.', 12000.00, NULL, 1, 1, '2026-05-19 01:47:10', '2026-05-19 01:47:10'),
(2117, 20, 281, 'CAESAR SALAD', 'fm-salad-caesar-salad-2', 'We respect the tradition and we serve you fresh lettuce leaves topped with flakes of Italian Parmesan cheese and golden croutons served with the original homemade Caesar sauce on the side.', 12000.00, NULL, 2, 1, '2026-05-19 01:47:10', '2026-05-19 01:47:10'),
(2118, 20, 281, 'CHICKEN CAESAR SALAD', 'fm-salad-chicken-caesar-salad-3', 'We respect the tradition and we serve you fresh lettuce leaves topped with flakes of Italian Parmesan cheese and golden croutons served with the original homemade Caesar sauce on the side.', 14000.00, NULL, 3, 1, '2026-05-19 01:47:10', '2026-05-19 01:47:10'),
(2119, 20, 281, 'MIXED VEGETABLE SALAD', 'fm-salad-mixed-vegetable-salad-4', 'A healthy choice of a mix of seasonal vegetables served with Italian dressing.', 8500.00, NULL, 4, 1, '2026-05-19 01:47:10', '2026-05-19 01:47:10'),
(2120, 20, 281, 'COLE SLAW', 'fm-salad-cole-slaw-5', 'A healthy choice for a mix of seasonal vegetables served with simple dressing.', 5000.00, NULL, 5, 1, '2026-05-19 01:47:10', '2026-05-19 01:47:10'),
(2121, 20, 281, 'FRESH FRUIT SALAD', 'fm-salad-fresh-fruit-salad-6', 'A healthy choice for a mix of seasonal vegetables served with simple dressing.', 6000.00, NULL, 6, 1, '2026-05-19 01:47:10', '2026-05-19 01:47:10'),
(2122, 20, 281, 'SWISS SALAD', 'fm-salad-swiss-salad-7', 'Created from the mind of our chef, an original recipe inspired by the land where our hotel was born. We mix for you fresh lettuce leaves with slices of green apple topped with small cubes of Gruyere cheese and served with French vinaigrette.', 15000.00, NULL, 7, 1, '2026-05-19 01:47:10', '2026-05-19 01:47:10'),
(2123, 20, 281, 'GREEK SALAD', 'fm-salad-greek-salad-8', 'In the nest of democracy, they created this mix of flavour that we need to give you. On a bed of fresh lettuce leaves topped with fresh slices of tomatoes, cucumber, and green pepper, we garnish with Kalamata black olives and the famous feta cheese, served with garlic dressing.', 15000.00, NULL, 8, 1, '2026-05-19 01:47:10', '2026-05-19 01:47:10'),
(2124, 20, 281, 'CONCORD SALAD', 'fm-salad-concord-salad-9', 'With a combination of green beans, peas, celery, green pepper, and onions on a bed of cabbage, we mix on top the chopped chicken with mayonnaise and garnish with boiled egg and croutons.', 8500.00, NULL, 9, 1, '2026-05-19 01:47:10', '2026-05-19 01:47:10'),
(2125, 20, 281, 'SHRIMPS COCKTAIL', 'fm-salad-shrimps-cocktail-10', 'With our local shrimps, we serve you one of the most famous starters on a bed of grated carrots with cucumber and served with cocktail sauce.', 17000.00, NULL, 10, 1, '2026-05-19 01:47:10', '2026-05-19 01:47:10'),
(2126, 20, 282, 'SPAGHETTI BOLOGNAISE', 'fm-pasta-and-pizza-spaghetti-bolognaise', 'THE CLASSICAL PASTA DISH WITH TOMATO AND GROUND BEEF, GRATINATED WITH PARMESAN CHEES AND SERVED WITH FRESH GREENS', 15000.00, NULL, 1, 1, '2026-05-19 01:47:10', '2026-05-19 01:47:10'),
(2127, 20, 282, 'SPAGHETTI AND JUMBO PRAWNS', 'fm-pasta-and-pizza-spaghetti-and-jumbo-prawns-2', 'TO COOK THIS FAMOUS DISH OF THE ITALIAN TRADITION WE PAN FRY THE LOCAL PRAWNS IN OLIVE OIL WITH GARLIC, DRY PEPPER AND SPICES THICKENED WITH CREAM', 35000.00, NULL, 2, 1, '2026-05-19 01:47:10', '2026-05-19 01:47:10'),
(2128, 20, 282, 'MAC AND CHEESE', 'fm-pasta-and-pizza-mac-and-cheese-3', 'MACARONI, COOKING CREAM, BUTTER WITH CHEDDAR CHEESE', 18000.00, NULL, 3, 1, '2026-05-19 01:47:10', '2026-05-19 01:47:10'),
(2129, 20, 282, 'SPAGHETTI CABONARA', 'fm-pasta-and-pizza-spaghetti-cabonara-4', 'WE FOLLOW THE ORIGINAL RECIPE AND WE PAN-FRY BACON IN OLIVE OIL WITH GARLIC MAKING SAUCE WITH SCRAMBLED EGGS AND SPICES. TOPPED WITH PARMESAN CHEESE', 15000.00, NULL, 4, 1, '2026-05-19 01:47:10', '2026-05-19 01:47:10'),
(2130, 20, 282, 'SEAFOOD SPAGHETTI', 'fm-pasta-and-pizza-seafood-spaghetti-5', 'A DISH OF THE NEAPOLITAN TRADITION COOKED WITH THE LOCAL SEAFOOD PAN-FRIED IN OLIVE OIL WITH SLICED TOMATOES, GARLIC, AND SPICES THICKENED WITH BLENDED SHRIMP SAUCE.', 28000.00, NULL, 5, 1, '2026-05-19 01:47:10', '2026-05-19 01:47:10'),
(2131, 20, 282, 'JOLLOF SPAGHETTI', 'fm-pasta-and-pizza-jollof-spaghetti-6', 'A DISH OF THE NEAPOLITAN TRADITION COOKED IN TOMATO SAUCE.', 7000.00, NULL, 6, 1, '2026-05-19 01:47:10', '2026-05-19 01:47:10'),
(2132, 20, 282, 'GARDEN VEGETABLE SPAGHETTI', 'fm-pasta-and-pizza-garden-vegetable-spaghetti-7', 'A BOUNTY FROM THE GARDEN-FRESH SEASONAL MIX OF VEGETABLES, TOMATOES, AND SPICES--MAKES A DELICIOUS PASTA TOPPING.', 12000.00, NULL, 7, 1, '2026-05-19 01:47:10', '2026-05-19 01:47:10'),
(2133, 20, 282, 'SINGAPORE NOODLES', 'fm-pasta-and-pizza-singapore-noodles-8', 'FROM THE BORDER OF CHINA, A TRADITIONAL DISH MADE WITH FRIED CURRY NOODLES SALTED WITH SLICED FRESH VEGETABLES, BABY SHRIMPS, AND SHREDDED BEEF ACCOMPANIED WITH CHILI SAUCE', 13000.00, NULL, 8, 1, '2026-05-19 01:47:10', '2026-05-19 01:47:10'),
(2134, 20, 282, 'PIZZA MARGHERITA', 'fm-pasta-and-pizza-pizza-margherita-9', 'WITH ALL THE FLAVOURS OF THE SPRINGTIME HILLS WITH TOMATO SAUCE, GREEN PEPPER, ONIONS, MUSHROOMS, BLACK OLIVES, FRESH TOMATO, SWEET CORN, MOZZARELLA CHEESE, AND OREGANO', 12000.00, NULL, 9, 1, '2026-05-19 01:47:10', '2026-05-19 01:47:10'),
(2135, 20, 282, 'CHICKEN PIZZA', 'fm-pasta-and-pizza-chicken-pizza-10', NULL, 12000.00, NULL, 10, 1, '2026-05-19 01:47:10', '2026-05-19 01:47:10'),
(2136, 20, 282, 'SEAFOOD PIZZA', 'fm-pasta-and-pizza-seafood-pizza-11', 'WITH ALL FLAVOURS FROM THE SEA, WE SERVE YOU IT WITH TOMATO, MIXED SEAFOOD, MOZZARELLA CHEESE, AND BASIL LEAVES', 22000.00, NULL, 11, 1, '2026-05-19 01:47:10', '2026-05-19 01:47:10'),
(2137, 20, 282, 'PANZEROTTI', 'fm-pasta-and-pizza-panzerotti-12', '2 SHAPED SOUTH-ITALIAN FRIED PIZZA STUFFED WITH SPICY TOMATO SAUCE, MOZZARELLA CHEESE, AND BASIL LEAVES', 10000.00, NULL, 12, 1, '2026-05-19 01:47:10', '2026-05-19 01:47:10'),
(2138, 20, 282, 'SEAFOOD PLATTER', 'fm-pasta-and-pizza-seafood-platter-13', 'A COMBINATION OF SEA-FOOD WITH CHOICE OF FRIES, YAM/SWEET POTATOES', 80000.00, NULL, 13, 1, '2026-05-19 01:47:10', '2026-05-19 01:47:10'),
(2139, 20, 282, 'SPAGHETTI MEAT BALL', 'fm-pasta-and-pizza-spaghetti-meat-ball-14', 'A COMBO OF SEAFOODS WITH THE OPTION OF FRIES, YAM/SWEET POTATOES', 12000.00, NULL, 14, 1, '2026-05-19 01:47:10', '2026-05-19 01:47:10'),
(2140, 20, 282, 'BEEF BOURGUIGNON', 'fm-pasta-and-pizza-beef-bourguignon-15', 'A COMBO OF SEAFOODS WITH THE OPTION OF FRIES, YAM/SWEET POTATOES', 9000.00, NULL, 15, 1, '2026-05-19 01:47:10', '2026-05-19 01:47:10'),
(2141, 20, 282, 'VEGETABLE PASTA', 'fm-pasta-and-pizza-vegetable-pasta-16', NULL, 8000.00, NULL, 16, 1, '2026-05-19 01:47:10', '2026-05-19 01:47:10'),
(2142, 20, 282, 'SPAGHETTI ARIABIATA', 'fm-pasta-and-pizza-spaghetti-ariabiata-17', NULL, 15000.00, NULL, 17, 1, '2026-05-19 01:47:10', '2026-05-19 01:47:10'),
(2143, 20, 283, 'JOLLOF RICE', 'fm-nigerian-dishes-jollof-rice', 'A TRADITIONAL RECIPE THAT YOU CAN MEET IN EVERY EVENT COOKED BY OUR NATIONAL CHEF WITH FRESH TOMATO STEW, FRESH PEPPER, AND GARNISHED WITH PEAS', 8500.00, NULL, 1, 1, '2026-05-19 01:47:10', '2026-05-19 01:47:10'),
(2144, 20, 283, 'COCONUT RICE', 'fm-nigerian-dishes-coconut-rice-2', 'ALL THE FLAVOURS OF NIGERIA IN THIS ORIGINAL RECIPE ARE COOKED WITH COCONUT MILK, COCONUT POWDER, AND DRY PEPPER', 7000.00, NULL, 2, 1, '2026-05-19 01:47:10', '2026-05-19 01:47:10'),
(2145, 20, 283, 'BASMATI FRIED RICE', 'fm-nigerian-dishes-basmati-fried-rice-3', 'BASMATI RICE IS SALTED IN SPICY VEGETABLE OIL WITH CHOPPED ONIONS, CARROTS, AND GREEN BEANS.', 7000.00, NULL, 3, 1, '2026-05-19 01:47:10', '2026-05-19 01:47:10'),
(2146, 20, 283, 'CHINESE FRIED RICE', 'fm-nigerian-dishes-chinese-fried-rice-4', 'BASMATI RICE SALTED IN SPICY VEGETABLE OIL WITH CRUMBLED EGGS, GREEN BEANS, PEAS, SHRIMP, CARROTS, AND CHOPPED ONIONS', 10000.00, NULL, 4, 1, '2026-05-19 01:47:10', '2026-05-19 01:47:10'),
(2147, 20, 283, 'JAMBALAYA RICE', 'fm-nigerian-dishes-jambalaya-rice-5', 'BASMATI RICE WITH GARLIC, CHICKEN BREAST, SAUSAGE AND PLANTAIN IN TOMATO SAUCE', 13000.00, NULL, 5, 1, '2026-05-19 01:47:10', '2026-05-19 01:47:10'),
(2148, 20, 283, 'BASMATI RICE', 'fm-nigerian-dishes-basmati-rice-6', NULL, 5000.00, NULL, 6, 1, '2026-05-19 01:47:10', '2026-05-19 01:47:10'),
(2149, 20, 283, 'OFADA RICE AND SAUCE', 'fm-nigerian-dishes-ofada-rice-and-sauce-7', 'OFADA RICE, OFADA SAUCE AND FRIED PLANTAIN', 12000.00, NULL, 7, 1, '2026-05-19 01:47:10', '2026-05-19 01:47:10'),
(2150, 20, 283, 'WHITE RICE', 'fm-nigerian-dishes-white-rice-8', NULL, 3000.00, NULL, 8, 1, '2026-05-19 01:47:10', '2026-05-19 01:47:10'),
(2151, 20, 283, 'PORTAGE BEANS', 'fm-nigerian-dishes-portage-beans-9', NULL, 8000.00, NULL, 9, 1, '2026-05-19 01:47:10', '2026-05-19 01:47:10'),
(2152, 20, 283, 'EBA', 'fm-nigerian-dishes-eba-10', NULL, 2500.00, NULL, 10, 1, '2026-05-19 01:47:10', '2026-05-19 01:47:10'),
(2153, 20, 283, 'PLANTAIN FLOUR', 'fm-nigerian-dishes-plantain-flour-11', NULL, 3000.00, NULL, 11, 1, '2026-05-19 01:47:10', '2026-05-19 01:47:10'),
(2154, 20, 283, 'WHEAT MEAL', 'fm-nigerian-dishes-wheat-meal-12', NULL, 2500.00, NULL, 12, 1, '2026-05-19 01:47:10', '2026-05-19 01:47:10'),
(2155, 20, 283, 'SEMOVITA', 'fm-nigerian-dishes-semovita-13', NULL, 2500.00, NULL, 13, 1, '2026-05-19 01:47:10', '2026-05-19 01:47:10'),
(2156, 20, 283, 'POUNDO YAM', 'fm-nigerian-dishes-poundo-yam-14', NULL, 3000.00, NULL, 14, 1, '2026-05-19 01:47:10', '2026-05-19 01:47:10'),
(2157, 20, 283, 'VEGETABLE FRIED RICE', 'fm-nigerian-dishes-vegetable-fried-rice-15', NULL, 8500.00, NULL, 15, 1, '2026-05-19 01:47:10', '2026-05-19 01:47:10'),
(2158, 20, 283, 'WHITE BEANS', 'fm-nigerian-dishes-white-beans-16', NULL, 4000.00, NULL, 16, 1, '2026-05-19 01:47:10', '2026-05-19 01:47:10'),
(2159, 20, 284, 'CHICKEN YAKITORI', 'fm-asian-fusion-chicken-yakitori', '3 STICKS OF CHICKEN, ONIONS, AND GREEN PEPPER DIPPED IN A HOMEMADE SAUCE OF SOY SAUCE, GINGER AND GARLIC PASTE, SESAME OIL, SUGAR, AND SPRING ONION SERVED WITH FRIES', 12000.00, NULL, 1, 1, '2026-05-19 01:47:10', '2026-05-19 01:47:10'),
(2160, 20, 284, 'SWEET AND SOUR CHICKEN', 'fm-asian-fusion-sweet-and-sour-chicken-2', 'MARINATED DICED MEAT COOKED IN A MEDIUM CHILLI TOMATO SAUCE, VINEGAR, HONEY, AND LIME WITH SPRING ONION, GREEN PEPPER, AND PINEAPPLE SERVED WITH STEAM BASMATI RICE', 15000.00, NULL, 2, 1, '2026-05-19 01:47:10', '2026-05-19 01:47:10'),
(2161, 20, 284, 'CHICKEN CURRY', 'fm-asian-fusion-chicken-curry-3', 'ALL FLAVOURS OF THE INCREDIBLE INDIA FOR THIS BONELESS CHICKEN COOKED IN A MIX OF SPICES AND VEGETABLES THICKENED WITH CORNFLOWER AND SERVED WITH STEAMED BASMATI RICE OR HOMEMADE CHAPATI BREAD', 12000.00, NULL, 3, 1, '2026-05-19 01:47:10', '2026-05-19 01:47:10'),
(2162, 20, 284, 'FRIED RICE', 'fm-asian-fusion-fried-rice-4', 'NIGERIAN RICE IS SALTED IN SPICY VEGETABLE OIL WITH CHOPPED ONIONS, CARROTS, AND GREEN BEANS.', 5000.00, NULL, 4, 1, '2026-05-19 01:47:10', '2026-05-19 01:47:10'),
(2163, 20, 284, 'SPECIAL FRIED RICE', 'fm-asian-fusion-special-fried-rice-5', NULL, 12000.00, NULL, 5, 1, '2026-05-19 01:47:10', '2026-05-19 01:47:10'),
(2164, 20, 285, 'SPECIAL OF THE DAY', 'fm-special-protein-special-of-the-day', 'SERVED WITH FRENCH FRIES AND FRESH SALADS', 12000.00, NULL, 1, 1, '2026-05-19 01:47:10', '2026-05-19 01:47:10'),
(2165, 20, 285, 'FILLET OF FISH', 'fm-special-protein-fillet-of-fish-2', 'PAN FRIED FILLET OF RED SNAPPER or SHINY NOSE FROM OUR SEA GENTLY MARINATED AND SERVED WITH A CHOICE OF SAUCE, FRESH VEGETABLES, RICE, OR FRENCH FRIES', 15000.00, NULL, 2, 1, '2026-05-19 01:47:10', '2026-05-19 01:47:10'),
(2166, 20, 285, 'CHICKEN BREAST', 'fm-special-protein-chicken-breast-3', NULL, 13000.00, NULL, 3, 1, '2026-05-19 01:47:10', '2026-05-19 01:47:10'),
(2167, 20, 285, 'GRILLED JUMBO PRAWNS', 'fm-special-protein-grilled-jumbo-prawns-4', '2 JUMBO PRAWNS FROM THE BAY OF GUINEA GENTLY MARINATED AND SERVED WITH A CHOICE OF SAUCE, SAUTÉED VEGETABLES, AND RICE OF YOUR CHOICE OR CHIPS', 30000.00, NULL, 4, 1, '2026-05-19 01:47:10', '2026-05-19 01:47:10'),
(2168, 20, 285, 'BUTTERFLY JUMBO PRAWNS', 'fm-special-protein-butterfly-jumbo-prawns-5', '2 JUMBO PRAWNS MARINATED AND COATES IN YOKES AND BREAD CRUMB, DEEP-FRIED AND SERVED WITH FRENCH FRIES AND TARTAR SAUCE.', 30000.00, NULL, 5, 1, '2026-05-19 01:47:10', '2026-05-19 01:47:10'),
(2169, 20, 285, 'VEGETABLES SAUTÉ', 'fm-special-protein-vegetables-saut-6', 'SELECTED FRESH GARDEN VEGGIES COOKED TO ORDER ON MEDIUM HEAT SERVED WITH GRILLED CHICKEN BREAST.', 8000.00, NULL, 6, 1, '2026-05-19 01:47:10', '2026-05-19 01:47:10'),
(2170, 20, 285, 'FILET STEAK', 'fm-special-protein-filet-steak-7', 'MEDAILLONS OF QUALITY BEEF GRILLED RARE, MEDIUM, OR WELL-DONE, SERVED WITH CREAM OF YOUR CHOICE, FRENCH FRIES, VEGETABLE SALAD/ SEASONAL VEGETABLES', 15000.00, NULL, 7, 1, '2026-05-19 01:47:10', '2026-05-19 01:47:10'),
(2171, 20, 285, 'BEEF STROGANOFF', 'fm-special-protein-beef-stroganoff-8', 'TENDER STRIPS OF BEEF IN A MUSHROOM CREAM SAUCE SERVED WITH PASTA OR RICE OF YOUR CHOICE', 12000.00, NULL, 8, 1, '2026-05-19 01:47:10', '2026-05-19 01:47:10'),
(2172, 20, 285, 'T-BONE STEAK', 'fm-special-protein-t-bone-steak-9', 'A MARINATED LOCAL STEAK GRILLED AND COOKED TO YOUR CHOICE SERVED WITH FRENCH FRIES.', 45000.00, NULL, 9, 1, '2026-05-19 01:47:10', '2026-05-19 01:47:10'),
(2173, 20, 285, 'CHICKEN WINGS', 'fm-special-protein-chicken-wings-10', '5 PIECES OF HOT SAUCE MARINATED WINGS DEEP FRIED AND SERVED WITH NIGERIAN PEPPER SAUCE', 13000.00, NULL, 10, 1, '2026-05-19 01:47:10', '2026-05-19 01:47:10'),
(2174, 20, 285, 'CHICKEN STIR FRY', 'fm-special-protein-chicken-stir-fry-11', NULL, 12000.00, NULL, 11, 1, '2026-05-19 01:47:10', '2026-05-19 01:47:10'),
(2175, 20, 286, 'EXTRA BALL PONDO', 'fm-mama-africa-nigerian-soups-extra-ball-pondo', NULL, 4000.00, NULL, 1, 1, '2026-05-19 01:47:10', '2026-05-19 01:47:10'),
(2176, 20, 286, 'ISI EWU', 'fm-mama-africa-nigerian-soups-isi-ewu-2', 'THE FAMOUS RECIPE FROM THE NIGERIAN TRADITION WITH A CHOPPED GOAT HEAD DRESSED WITH PEPPERED AND SPICY GRAVY AND SERVED ON A WOOD PLATE.', 25000.00, NULL, 2, 1, '2026-05-19 01:47:10', '2026-05-19 01:47:10'),
(2177, 20, 286, 'NKWOBI', 'fm-mama-africa-nigerian-soups-nkwobi-3', 'THE FAMOUS RECIPE FROM THE NIGERIAN TRADITION WITH A CHOPPED COW LEG DRESSED WITH PEPPERED AND SPICY GRAVY AND SERVED ON A WOOD PLATE.', 15000.00, NULL, 3, 1, '2026-05-19 01:47:10', '2026-05-19 01:47:10'),
(2178, 20, 286, 'FISHERMAN SOUP', 'fm-mama-africa-nigerian-soups-fisherman-soup-4', NULL, 30000.00, NULL, 4, 1, '2026-05-19 01:47:10', '2026-05-19 01:47:10'),
(2179, 20, 286, 'SEAFOOD OKRO', 'fm-mama-africa-nigerian-soups-seafood-okro-5', 'lorem insput dolor sit amet adipicicing alit,sed do elusmod tempor incididunt ut labor at dolore magna aliqua.Ut enim ad minim veniam,ques nostrud.', 30000.00, NULL, 5, 1, '2026-05-19 01:47:10', '2026-05-19 01:47:10'),
(2180, 20, 286, 'VEGETABLE SOUP', 'fm-mama-africa-nigerian-soups-vegetable-soup-6', NULL, 10000.00, NULL, 6, 1, '2026-05-19 01:47:11', '2026-05-19 01:47:11'),
(2181, 20, 286, 'EGUSI SOUP', 'fm-mama-africa-nigerian-soups-egusi-soup-7', NULL, 10000.00, NULL, 7, 1, '2026-05-19 01:47:11', '2026-05-19 01:47:11'),
(2182, 20, 286, 'AFANG SOUP', 'fm-mama-africa-nigerian-soups-afang-soup-8', NULL, 13000.00, NULL, 8, 1, '2026-05-19 01:47:11', '2026-05-19 01:47:11'),
(2183, 20, 286, 'CHICKEN NKWOBI', 'fm-mama-africa-nigerian-soups-chicken-nkwobi-9', NULL, 15000.00, NULL, 9, 1, '2026-05-19 01:47:11', '2026-05-19 01:47:11'),
(2184, 20, 287, 'FOR OUR PASTRY CHEFS', 'fm-all-day-long-a-choice-of-desserts-of-the-day-handmade-for-our-pastry-chefs', NULL, 5000.00, NULL, 1, 1, '2026-05-19 01:47:11', '2026-05-19 01:47:11'),
(2185, 20, 287, 'SLICED FRUIT PLATTER', 'fm-all-day-long-a-choice-of-desserts-of-the-day-handmade-sliced-fruit-platter-2', 'SEASONAL FRESH FRUIT FROM THE LOCAL FRUIT GARDEN MARKET', 6000.00, NULL, 2, 1, '2026-05-19 01:47:11', '2026-05-19 01:47:11'),
(2186, 20, 287, 'MINI CAKE', 'fm-all-day-long-a-choice-of-desserts-of-the-day-handmade-mini-cake-3', 'CHOICE OF CAKE', 5000.00, NULL, 3, 1, '2026-05-19 01:47:11', '2026-05-19 01:47:11'),
(2187, 20, 287, 'PORTIONCAKE', 'fm-all-day-long-a-choice-of-desserts-of-the-day-handmade-portioncake-4', 'CHOICE OF CAKE', 6000.00, NULL, 4, 1, '2026-05-19 01:47:11', '2026-05-19 01:47:11'),
(2188, 20, 287, 'RED VELVET CAKE', 'fm-all-day-long-a-choice-of-desserts-of-the-day-handmade-red-velvet-cake-5', 'CHOICE OF CAKE', 3500.00, NULL, 5, 1, '2026-05-19 01:47:11', '2026-05-19 01:47:11'),
(2189, 20, 287, 'WHOLE RED VELVET CAKE', 'fm-all-day-long-a-choice-of-desserts-of-the-day-handmade-whole-red-velvet-cake-6', 'CHOICE OF CAKE', 15000.00, NULL, 6, 1, '2026-05-19 01:47:11', '2026-05-19 01:47:11'),
(2190, 20, 287, 'FRUIT SALAD', 'fm-all-day-long-a-choice-of-desserts-of-the-day-handmade-fruit-salad-7', 'DICED SEASONAL FRUIT FROM THE LOCAL FRUIT GARDEN MARKET DIPPED IN ORANGE JUICE AND SUGAR.', 6000.00, NULL, 7, 1, '2026-05-19 01:47:11', '2026-05-19 01:47:11'),
(2191, 20, 288, 'CHICKEN & CHIPS', 'fm-starters-and-delights-chicken-and-chips', NULL, 17000.00, NULL, 1, 1, '2026-05-19 01:47:11', '2026-05-19 01:47:11'),
(2192, 20, 288, 'BUFFALO WINGS', 'fm-starters-and-delights-buffalo-wings-2', NULL, 10000.00, NULL, 2, 1, '2026-05-19 01:47:11', '2026-05-19 01:47:11'),
(2193, 20, 288, 'CAJUN SHRIMP TACOS', 'fm-starters-and-delights-cajun-shrimp-tacos-3', NULL, 15000.00, NULL, 3, 1, '2026-05-19 01:47:11', '2026-05-19 01:47:11'),
(2194, 20, 288, 'CHICKEN PIZZA', 'fm-starters-and-delights-chicken-pizza-4', NULL, 12000.00, NULL, 4, 1, '2026-05-19 01:47:11', '2026-05-19 01:47:11'),
(2195, 20, 288, 'MARGARITA', 'fm-starters-and-delights-margarita-5', NULL, 10000.00, NULL, 5, 1, '2026-05-19 01:47:11', '2026-05-19 01:47:11'),
(2196, 20, 288, 'GRILLED WHOLE CAT FISH', 'fm-starters-and-delights-grilled-whole-cat-fish-6', NULL, 28000.00, NULL, 6, 1, '2026-05-19 01:47:11', '2026-05-19 01:47:11'),
(2197, 20, 288, 'BEEF STIR FRY', 'fm-starters-and-delights-beef-stir-fry-7', NULL, 15000.00, NULL, 7, 1, '2026-05-19 01:47:11', '2026-05-19 01:47:11'),
(2198, 20, 289, 'Medium Water (75cl)', 'dm-soft-drinks-medium-water-75cl', NULL, 1500.00, NULL, 1, 1, '2026-05-19 01:47:11', '2026-05-19 01:47:11'),
(2199, 20, 289, 'Assorted Soft Drinks', 'dm-soft-drinks-assorted-soft-drinks-2', NULL, 2500.00, NULL, 2, 1, '2026-05-19 01:47:11', '2026-05-19 01:47:11'),
(2200, 20, 289, 'Maltina', 'dm-soft-drinks-maltina-3', NULL, 3000.00, NULL, 3, 1, '2026-05-19 01:47:11', '2026-05-19 01:47:11'),
(2201, 20, 289, 'Amstel - Guinness', 'dm-soft-drinks-amstel-guinness-4', NULL, 3000.00, NULL, 4, 1, '2026-05-19 01:47:11', '2026-05-19 01:47:11'),
(2202, 20, 289, 'Power Horse', 'dm-soft-drinks-power-horse-5', NULL, 6000.00, NULL, 5, 1, '2026-05-19 01:47:11', '2026-05-19 01:47:11'),
(2203, 20, 289, 'Red Bull', 'dm-soft-drinks-red-bull-6', NULL, 6000.00, NULL, 6, 1, '2026-05-19 01:47:11', '2026-05-19 01:47:11'),
(2204, 20, 289, 'Bullet', 'dm-soft-drinks-bullet-7', NULL, 6000.00, NULL, 7, 1, '2026-05-19 01:47:11', '2026-05-19 01:47:11'),
(2205, 20, 289, 'Eviron', 'dm-soft-drinks-eviron-8', NULL, 6000.00, NULL, 8, 1, '2026-05-19 01:47:11', '2026-05-19 01:47:11'),
(2206, 20, 289, 'Monster', 'dm-soft-drinks-monster-9', NULL, 7000.00, NULL, 9, 1, '2026-05-19 01:47:11', '2026-05-19 01:47:11'),
(2207, 20, 289, 'Daravit Health Drink', 'dm-soft-drinks-daravit-health-drink-10', NULL, 7000.00, NULL, 10, 1, '2026-05-19 01:47:11', '2026-05-19 01:47:11'),
(2208, 20, 289, 'Chivita', 'dm-soft-drinks-chivita-11', NULL, 8500.00, NULL, 11, 1, '2026-05-19 01:47:11', '2026-05-19 01:47:11'),
(2209, 20, 289, 'Fresh Juice', 'dm-soft-drinks-fresh-juice-12', NULL, 7.00, NULL, 12, 1, '2026-05-19 01:47:11', '2026-05-19 01:47:11'),
(2210, 20, 290, 'TED & CO Mojito', 'dm-signature-cocktails-ted-and-co-mojito', 'Rum, Mint, Lime, Sugar & Soda', 10000.00, NULL, 1, 1, '2026-05-19 01:47:11', '2026-05-19 01:47:11'),
(2211, 20, 290, 'Blue Margarita', 'dm-signature-cocktails-blue-margarita-2', 'Blue Curacao, Triple Sec, Tequila & Lemon Juice', 8000.00, NULL, 2, 1, '2026-05-19 01:47:11', '2026-05-19 01:47:11'),
(2212, 20, 290, 'Cosmopolitan', 'dm-signature-cocktails-cosmopolitan-3', 'Vodka, Cointreau, Cranberry & Lime Juice', 8000.00, NULL, 3, 1, '2026-05-19 01:47:11', '2026-05-19 01:47:11'),
(2213, 20, 290, 'Long Island', 'dm-signature-cocktails-long-island-4', 'Rum, Vodka, Gin, Tequila, Triple Sex, Coke', 12000.00, NULL, 4, 1, '2026-05-19 01:47:11', '2026-05-19 01:47:11'),
(2214, 20, 290, 'Manhattan', 'dm-signature-cocktails-manhattan-5', 'Rum, Vodka, Gin, Tequila, Cointreau, Lime & Coke Ice, Jack Daniel, Vermouth (Martini dry) Angostura bitters and Cherry', 10000.00, NULL, 5, 1, '2026-05-19 01:47:11', '2026-05-19 01:47:11'),
(2215, 20, 290, 'Bloody Mary', 'dm-signature-cocktails-bloody-mary-6', 'Salt, Black pepper, Vodka, Tomato juice, Lemon juice, Worcestershire, Hot Chilli', 10000.00, NULL, 6, 1, '2026-05-19 01:47:11', '2026-05-19 01:47:11'),
(2216, 20, 290, 'Sex on the Beach', 'dm-signature-cocktails-sex-on-the-beach-7', 'Peach liqueur, pineapple Juice, Vodka, Cranberry Juice', 10000.00, NULL, 7, 1, '2026-05-19 01:47:11', '2026-05-19 01:47:11'),
(2217, 20, 290, 'Tequila Sunrise', 'dm-signature-cocktails-tequila-sunrise-8', 'Tequila,Orange Juice, Grenadine orange wedge', 8000.00, NULL, 8, 1, '2026-05-19 01:47:11', '2026-05-19 01:47:11'),
(2218, 20, 290, 'Screwdriver', 'dm-signature-cocktails-screwdriver-9', 'Vodka, Orange juice', 10000.00, NULL, 9, 1, '2026-05-19 01:47:11', '2026-05-19 01:47:11'),
(2219, 20, 290, 'Melon Berry', 'dm-signature-cocktails-melon-berry-10', 'Melon Liqueur,Vodka, Orange juice', 10000.00, NULL, 10, 1, '2026-05-19 01:47:11', '2026-05-19 01:47:11'),
(2220, 20, 290, 'Pinacolada', 'dm-signature-cocktails-pinacolada-11', 'Coconut rum, Coconut cream, Pineaple Juice..', 10000.00, NULL, 11, 1, '2026-05-19 01:47:11', '2026-05-19 01:47:11'),
(2221, 20, 290, 'Mojito', 'dm-signature-cocktails-mojito-12', 'White Rum, Mint Leaf (5or6), Lime Juice, Soda Water, Garnished with lime wedge.', 10000.00, NULL, 12, 1, '2026-05-19 01:47:11', '2026-05-19 01:47:11'),
(2222, 20, 291, 'Virgin Mojito', 'dm-mocktails-virgin-mojito', NULL, 6000.00, NULL, 1, 1, '2026-05-19 01:47:11', '2026-05-19 01:47:11'),
(2223, 20, 291, 'Virgin Colada', 'dm-mocktails-virgin-colada-2', NULL, 7000.00, NULL, 2, 1, '2026-05-19 01:47:11', '2026-05-19 01:47:11'),
(2224, 20, 291, 'Melon Berry', 'dm-mocktails-melon-berry-3', NULL, 5000.00, NULL, 3, 1, '2026-05-19 01:47:11', '2026-05-19 01:47:11'),
(2225, 20, 291, 'Chapman', 'dm-mocktails-chapman-4', NULL, 6000.00, NULL, 4, 1, '2026-05-19 01:47:11', '2026-05-19 01:47:11'),
(2226, 20, 291, 'Rock Shandy', 'dm-mocktails-rock-shandy-5', NULL, 5000.00, NULL, 5, 1, '2026-05-19 01:47:11', '2026-05-19 01:47:11'),
(2227, 20, 291, 'Jamaica', 'dm-mocktails-jamaica-6', NULL, 4000.00, NULL, 6, 1, '2026-05-19 01:47:11', '2026-05-19 01:47:11'),
(2228, 20, 291, 'Sun-Shine Delight', 'dm-mocktails-sun-shine-delight-7', NULL, 4000.00, NULL, 7, 1, '2026-05-19 01:47:11', '2026-05-19 01:47:11'),
(2229, 20, 291, 'Milkshake', 'dm-mocktails-milkshake-8', NULL, 12000.00, NULL, 8, 1, '2026-05-19 01:47:11', '2026-05-19 01:47:11'),
(2230, 20, 292, 'Heineken 600ml', 'dm-beer-and-mixes-heineken-600ml', NULL, 4000.00, NULL, 1, 1, '2026-05-19 01:47:11', '2026-05-19 01:47:11'),
(2231, 20, 292, 'Budweiser 600ml', 'dm-beer-and-mixes-budweiser-600ml-2', NULL, 3500.00, NULL, 2, 1, '2026-05-19 01:47:11', '2026-05-19 01:47:11'),
(2232, 20, 292, 'Guiness Stout Big 600ml', 'dm-beer-and-mixes-guiness-stout-big-600ml-3', NULL, 4500.00, NULL, 3, 1, '2026-05-19 01:47:11', '2026-05-19 01:47:11'),
(2233, 20, 292, 'Star Radler 600ml', 'dm-beer-and-mixes-star-radler-600ml-4', NULL, 3000.00, NULL, 4, 1, '2026-05-19 01:47:11', '2026-05-19 01:47:11'),
(2234, 20, 292, 'Gulder 600ml', 'dm-beer-and-mixes-gulder-600ml-5', NULL, 3500.00, NULL, 5, 1, '2026-05-19 01:47:11', '2026-05-19 01:47:11'),
(2235, 20, 292, 'Goldberg 600ml', 'dm-beer-and-mixes-goldberg-600ml-6', NULL, 3500.00, NULL, 6, 1, '2026-05-19 01:47:11', '2026-05-19 01:47:11'),
(2236, 20, 292, 'Desperados 600ml', 'dm-beer-and-mixes-desperados-600ml-7', NULL, 3500.00, NULL, 7, 1, '2026-05-19 01:47:11', '2026-05-19 01:47:11'),
(2237, 20, 292, 'Orijin 600ml', 'dm-beer-and-mixes-orijin-600ml-8', NULL, 3500.00, NULL, 8, 1, '2026-05-19 01:47:11', '2026-05-19 01:47:11'),
(2238, 20, 292, 'Trophy 600ml', 'dm-beer-and-mixes-trophy-600ml-9', NULL, 3500.00, NULL, 9, 1, '2026-05-19 01:47:11', '2026-05-19 01:47:11'),
(2239, 20, 292, 'Trophy Stout 600ml', 'dm-beer-and-mixes-trophy-stout-600ml-10', NULL, 3000.00, NULL, 10, 1, '2026-05-19 01:47:11', '2026-05-19 01:47:11'),
(2240, 20, 292, '33 Export 600ml', 'dm-beer-and-mixes-33-export-600ml-11', NULL, 3500.00, NULL, 11, 1, '2026-05-19 01:47:11', '2026-05-19 01:47:11'),
(2241, 20, 292, 'Hero 600ml', 'dm-beer-and-mixes-hero-600ml-12', NULL, 3500.00, NULL, 12, 1, '2026-05-19 01:47:11', '2026-05-19 01:47:11'),
(2242, 20, 292, 'Smirnoff Ice 250ml', 'dm-beer-and-mixes-smirnoff-ice-250ml-13', NULL, 3500.00, NULL, 13, 1, '2026-05-19 01:47:11', '2026-05-19 01:47:11'),
(2243, 20, 292, 'Snap 250ml', 'dm-beer-and-mixes-snap-250ml-14', NULL, 2500.00, NULL, 14, 1, '2026-05-19 01:47:11', '2026-05-19 01:47:11'),
(2244, 20, 292, 'Star 250ml', 'dm-beer-and-mixes-star-250ml-15', NULL, 3500.00, NULL, 15, 1, '2026-05-19 01:47:11', '2026-05-19 01:47:11'),
(2245, 20, 292, 'Small Stout 325ml', 'dm-beer-and-mixes-small-stout-325ml-16', NULL, 3500.00, NULL, 16, 1, '2026-05-19 01:47:11', '2026-05-19 01:47:11'),
(2246, 20, 292, 'Medium Stout', 'dm-beer-and-mixes-medium-stout-17', NULL, 4000.00, NULL, 17, 1, '2026-05-19 01:47:11', '2026-05-19 01:47:11'),
(2247, 20, 292, 'Legend Beer 600ml', 'dm-beer-and-mixes-legend-beer-600ml-18', NULL, 4000.00, NULL, 18, 1, '2026-05-19 01:47:11', '2026-05-19 01:47:11'),
(2248, 20, 292, 'Smirnoff Ice Big 600ml', 'dm-beer-and-mixes-smirnoff-ice-big-600ml-19', NULL, 4500.00, NULL, 19, 1, '2026-05-19 01:47:11', '2026-05-19 01:47:11'),
(2249, 20, 292, 'Hunter 325ml', 'dm-beer-and-mixes-hunter-325ml-20', NULL, 3500.00, NULL, 20, 1, '2026-05-19 01:47:11', '2026-05-19 01:47:11'),
(2250, 20, 292, 'Black bullet 325ml', 'dm-beer-and-mixes-black-bullet-325ml-21', NULL, 6000.00, NULL, 21, 1, '2026-05-19 01:47:11', '2026-05-19 01:47:11'),
(2251, 20, 293, 'Nederburg Chardonnay', 'dm-wine-selection-nederburg-chardonnay', NULL, 70000.00, NULL, 1, 1, '2026-05-19 01:47:11', '2026-05-19 01:47:11'),
(2252, 20, 293, 'Patagonia', 'dm-wine-selection-patagonia-2', NULL, 47000.00, NULL, 2, 1, '2026-05-19 01:47:11', '2026-05-19 01:47:11'),
(2253, 20, 293, 'Massino', 'dm-wine-selection-massino-3', NULL, 40000.00, NULL, 3, 1, '2026-05-19 01:47:11', '2026-05-19 01:47:11'),
(2254, 20, 293, 'Carlo Rossi', 'dm-wine-selection-carlo-rossi-4', NULL, 50000.00, NULL, 4, 1, '2026-05-19 01:47:11', '2026-05-19 01:47:11'),
(2255, 20, 293, 'Mouton Cadet Bordeaux', 'dm-wine-selection-mouton-cadet-bordeaux-5', NULL, 80000.00, NULL, 5, 1, '2026-05-19 01:47:11', '2026-05-19 01:47:11'),
(2256, 20, 293, 'Drostdy-Hof Claret Select', 'dm-wine-selection-drostdy-hof-claret-select-6', NULL, 40000.00, NULL, 6, 1, '2026-05-19 01:47:11', '2026-05-19 01:47:11'),
(2257, 20, 293, 'Escudo Rojo', 'dm-wine-selection-escudo-rojo-7', NULL, 80000.00, NULL, 7, 1, '2026-05-19 01:47:11', '2026-05-19 01:47:11'),
(2258, 20, 293, 'Chateauneuf-de-Pape', 'dm-wine-selection-chateauneuf-de-pape-8', NULL, 60000.00, NULL, 8, 1, '2026-05-19 01:47:11', '2026-05-19 01:47:11'),
(2259, 20, 293, 'Two Oceans', 'dm-wine-selection-two-oceans-9', NULL, 47000.00, NULL, 9, 1, '2026-05-19 01:47:11', '2026-05-19 01:47:11'),
(2260, 20, 293, 'Mouton Cadet Sauvignon Blanc', 'dm-wine-selection-mouton-cadet-sauvignon-blanc-10', NULL, 90000.00, NULL, 10, 1, '2026-05-19 01:47:11', '2026-05-19 01:47:11'),
(2261, 20, 293, 'Four Cousins Red', 'dm-wine-selection-four-cousins-red-11', NULL, 48000.00, NULL, 11, 1, '2026-05-19 01:47:11', '2026-05-19 01:47:11'),
(2262, 20, 293, 'Four Cousins White', 'dm-wine-selection-four-cousins-white-12', NULL, 48000.00, NULL, 12, 1, '2026-05-19 01:47:11', '2026-05-19 01:47:11'),
(2263, 20, 293, 'Andre Rose', 'dm-wine-selection-andre-rose-13', NULL, 55000.00, NULL, 13, 1, '2026-05-19 01:47:11', '2026-05-19 01:47:11'),
(2264, 20, 293, 'Andre Brut', 'dm-wine-selection-andre-brut-14', NULL, 50000.00, NULL, 14, 1, '2026-05-19 01:47:11', '2026-05-19 01:47:11'),
(2265, 20, 293, 'Frontera', 'dm-wine-selection-frontera-15', NULL, 50000.00, NULL, 15, 1, '2026-05-19 01:47:11', '2026-05-19 01:47:11'),
(2266, 20, 293, 'Declan', 'dm-wine-selection-declan-16', NULL, 48000.00, NULL, 16, 1, '2026-05-19 01:47:11', '2026-05-19 01:47:11'),
(2267, 20, 293, 'Hardys Cabernet Sauvignon', 'dm-wine-selection-hardys-cabernet-sauvignon-17', NULL, 30000.00, NULL, 17, 1, '2026-05-19 01:47:11', '2026-05-19 01:47:11'),
(2268, 20, 293, 'Podere', 'dm-wine-selection-podere-18', NULL, 25000.00, NULL, 18, 1, '2026-05-19 01:47:11', '2026-05-19 01:47:11'),
(2269, 20, 293, '4th Street Red', 'dm-wine-selection-4th-street-red-19', NULL, 40000.00, NULL, 19, 1, '2026-05-19 01:47:11', '2026-05-19 01:47:11'),
(2270, 20, 293, 'Castleflorit', 'dm-wine-selection-castleflorit-20', NULL, 30000.00, NULL, 20, 1, '2026-05-19 01:47:11', '2026-05-19 01:47:11'),
(2271, 20, 293, 'Mini Drosdty Hof', 'dm-wine-selection-mini-drosdty-hof-21', NULL, 5000.00, NULL, 21, 1, '2026-05-19 01:47:11', '2026-05-19 01:47:11'),
(2272, 20, 293, 'Fox Brook Merlot', 'dm-wine-selection-fox-brook-merlot-22', NULL, 35000.00, NULL, 22, 1, '2026-05-19 01:47:11', '2026-05-19 01:47:11'),
(2273, 20, 293, 'RiUnite Lamrusco', 'dm-wine-selection-riunite-lamrusco-23', NULL, 38000.00, NULL, 23, 1, '2026-05-19 01:47:11', '2026-05-19 01:47:11'),
(2274, 20, 293, 'Fox Brook Carbonet Sarvinon', 'dm-wine-selection-fox-brook-carbonet-sarvinon-24', NULL, 35000.00, NULL, 24, 1, '2026-05-19 01:47:11', '2026-05-19 01:47:11'),
(2275, 20, 293, 'Moscato', 'dm-wine-selection-moscato-25', NULL, 20000.00, NULL, 25, 1, '2026-05-19 01:47:11', '2026-05-19 01:47:11'),
(2276, 20, 293, 'Sweet Red', 'dm-wine-selection-sweet-red-26', NULL, 20000.00, NULL, 26, 1, '2026-05-19 01:47:11', '2026-05-19 01:47:11'),
(2277, 20, 293, 'Nederburg Cabernet', 'dm-wine-selection-nederburg-cabernet-27', NULL, 70000.00, NULL, 27, 1, '2026-05-19 01:47:11', '2026-05-19 01:47:11'),
(2278, 20, 293, 'Nederburg Sauvignon', 'dm-wine-selection-nederburg-sauvignon-28', NULL, 70000.00, NULL, 28, 1, '2026-05-19 01:47:11', '2026-05-19 01:47:11'),
(2279, 20, 293, 'Glass Of Four Cousins', 'dm-wine-selection-glass-of-four-cousins-29', NULL, 10000.00, NULL, 29, 1, '2026-05-19 01:47:11', '2026-05-19 01:47:11'),
(2280, 20, 293, 'Castillo Grande Red', 'dm-wine-selection-castillo-grande-red-30', NULL, 15000.00, NULL, 30, 1, '2026-05-19 01:47:11', '2026-05-19 01:47:11'),
(2281, 20, 293, 'Castillo Grande White', 'dm-wine-selection-castillo-grande-white-31', NULL, 15000.00, NULL, 31, 1, '2026-05-19 01:47:11', '2026-05-19 01:47:11'),
(2282, 20, 293, 'Castillo Grande Rose', 'dm-wine-selection-castillo-grande-rose-32', NULL, 15000.00, NULL, 32, 1, '2026-05-19 01:47:11', '2026-05-19 01:47:11'),
(2283, 20, 293, 'Santa Alba Sweet', 'dm-wine-selection-santa-alba-sweet-33', NULL, 28000.00, NULL, 33, 1, '2026-05-19 01:47:11', '2026-05-19 01:47:11'),
(2284, 20, 293, 'Cavalo Branco', 'dm-wine-selection-cavalo-branco-34', NULL, 30000.00, NULL, 34, 1, '2026-05-19 01:47:11', '2026-05-19 01:47:11'),
(2285, 20, 293, 'Santa Sauvignon', 'dm-wine-selection-santa-sauvignon-35', NULL, 30000.00, NULL, 35, 1, '2026-05-19 01:47:11', '2026-05-19 01:47:11'),
(2286, 20, 293, 'Santa-Alba', 'dm-wine-selection-santa-alba-36', NULL, 28000.00, NULL, 36, 1, '2026-05-19 01:47:11', '2026-05-19 01:47:11'),
(2287, 20, 293, '4th Street White', 'dm-wine-selection-4th-street-white-37', NULL, 40000.00, NULL, 37, 1, '2026-05-19 01:47:11', '2026-05-19 01:47:11'),
(2288, 20, 293, '13 Secret', 'dm-wine-selection-13-secret-38', NULL, 48000.00, NULL, 38, 1, '2026-05-19 01:47:11', '2026-05-19 01:47:11'),
(2289, 20, 293, 'Sandana', 'dm-wine-selection-sandana-39', NULL, 25000.00, NULL, 39, 1, '2026-05-19 01:47:11', '2026-05-19 01:47:11'),
(2290, 20, 293, 'Majesty', 'dm-wine-selection-majesty-40', NULL, 30000.00, NULL, 40, 1, '2026-05-19 01:47:11', '2026-05-19 01:47:11'),
(2291, 20, 293, 'Beacon Hill', 'dm-wine-selection-beacon-hill-41', NULL, 30000.00, NULL, 41, 1, '2026-05-19 01:47:11', '2026-05-19 01:47:11'),
(2292, 20, 293, 'Feliza', 'dm-wine-selection-feliza-42', NULL, 30000.00, NULL, 42, 1, '2026-05-19 01:47:11', '2026-05-19 01:47:11'),
(2293, 20, 293, 'Stones', 'dm-wine-selection-stones-43', NULL, 30000.00, NULL, 43, 1, '2026-05-19 01:47:11', '2026-05-19 01:47:11'),
(2294, 20, 293, 'Rubis', 'dm-wine-selection-rubis-44', NULL, 60000.00, NULL, 44, 1, '2026-05-19 01:47:11', '2026-05-19 01:47:11'),
(2295, 20, 294, 'Gold Label', 'dm-sweet-and-sparkling-gold-label', 'Shots ₦4,500', 126000.00, NULL, 1, 1, '2026-05-19 01:47:11', '2026-05-19 01:47:11'),
(2296, 20, 294, 'Green Label', 'dm-sweet-and-sparkling-green-label-2', 'Shots ₦4,000', 90000.00, NULL, 2, 1, '2026-05-19 01:47:11', '2026-05-19 01:47:11'),
(2297, 20, 294, 'Blue Label', 'dm-sweet-and-sparkling-blue-label-3', NULL, 90000.00, NULL, 3, 1, '2026-05-19 01:47:11', '2026-05-19 01:47:11'),
(2298, 20, 294, 'Black Label', 'dm-sweet-and-sparkling-black-label-4', 'Shots ₦5,000', 120000.00, NULL, 4, 1, '2026-05-19 01:47:11', '2026-05-19 01:47:11'),
(2299, 20, 294, 'Black Barrel', 'dm-sweet-and-sparkling-black-barrel-5', 'Shots ₦4,000', 140000.00, NULL, 5, 1, '2026-05-19 01:47:11', '2026-05-19 01:47:11'),
(2300, 20, 294, 'Observatory', 'dm-sweet-and-sparkling-observatory-6', NULL, 180000.00, NULL, 6, 1, '2026-05-19 01:47:11', '2026-05-19 01:47:11'),
(2301, 20, 294, 'Red Label', 'dm-sweet-and-sparkling-red-label-7', 'Shots ₦3,000', 80000.00, NULL, 7, 1, '2026-05-19 01:47:11', '2026-05-19 01:47:11'),
(2302, 20, 294, 'Jack Daniels', 'dm-sweet-and-sparkling-jack-daniels-8', 'Shots ₦4,000', 110000.00, NULL, 8, 1, '2026-05-19 01:47:11', '2026-05-19 01:47:11'),
(2303, 20, 294, 'Gentleman Jack', 'dm-sweet-and-sparkling-gentleman-jack-9', 'Shots ₦2,500', 157500.00, NULL, 9, 1, '2026-05-19 01:47:11', '2026-05-19 01:47:11'),
(2304, 20, 294, 'Chivas Regal 12 Years', 'dm-sweet-and-sparkling-chivas-regal-12-years-10', 'Shots ₦2,500', 40000.00, NULL, 10, 1, '2026-05-19 01:47:11', '2026-05-19 01:47:11'),
(2305, 20, 294, 'Chivas Regal 18 Years', 'dm-sweet-and-sparkling-chivas-regal-18-years-11', NULL, 80000.00, NULL, 11, 1, '2026-05-19 01:47:11', '2026-05-19 01:47:11'),
(2306, 20, 294, 'White Horse', 'dm-sweet-and-sparkling-white-horse-12', 'Shots ₦1,500', 15000.00, NULL, 12, 1, '2026-05-19 01:47:11', '2026-05-19 01:47:11'),
(2307, 20, 294, 'Grants 12 Years', 'dm-sweet-and-sparkling-grants-12-years-13', 'Shots ₦2,500', 12000.00, NULL, 13, 1, '2026-05-19 01:47:11', '2026-05-19 01:47:11'),
(2308, 20, 294, 'Glenfiddich 12 Years', 'dm-sweet-and-sparkling-glenfiddich-12-years-14', 'Shots ₦6,000', 130000.00, NULL, 14, 1, '2026-05-19 01:47:11', '2026-05-19 01:47:11'),
(2309, 20, 294, 'Glenfiddich 18 Years', 'dm-sweet-and-sparkling-glenfiddich-18-years-15', NULL, 400000.00, NULL, 15, 1, '2026-05-19 01:47:11', '2026-05-19 01:47:11'),
(2310, 20, 294, 'Glenfiddich 15 years', 'dm-sweet-and-sparkling-glenfiddich-15-years-16', NULL, 300000.00, NULL, 16, 1, '2026-05-19 01:47:11', '2026-05-19 01:47:11'),
(2311, 20, 294, 'Jameson Black', 'dm-sweet-and-sparkling-jameson-black-17', NULL, 100000.00, NULL, 17, 1, '2026-05-19 01:47:11', '2026-05-19 01:47:11'),
(2312, 20, 294, 'Jameson Irish', 'dm-sweet-and-sparkling-jameson-irish-18', 'Shots ₦3,500', 85000.00, NULL, 18, 1, '2026-05-19 01:47:11', '2026-05-19 01:47:11'),
(2313, 20, 294, 'Glenfiddich 21Years', 'dm-sweet-and-sparkling-glenfiddich-21years-19', NULL, 500000.00, NULL, 19, 1, '2026-05-19 01:47:11', '2026-05-19 01:47:11'),
(2314, 20, 294, 'Olmeca Tequila', 'dm-sweet-and-sparkling-olmeca-tequila-20', 'Shots ₦4,000', 80000.00, NULL, 20, 1, '2026-05-19 01:47:11', '2026-05-19 01:47:11'),
(2315, 20, 294, 'Camino Tequila', 'dm-sweet-and-sparkling-camino-tequila-21', 'Shots ₦3,000', 75000.00, NULL, 21, 1, '2026-05-19 01:47:11', '2026-05-19 01:47:11'),
(2316, 20, 294, 'Sierra Tequila', 'dm-sweet-and-sparkling-sierra-tequila-22', 'Shots ₦3,000', 75000.00, NULL, 22, 1, '2026-05-19 01:47:11', '2026-05-19 01:47:11'),
(2317, 20, 295, 'Agor Sweet Red Wine', 'dm-whiskey-agor-sweet-red-wine', NULL, 48000.00, NULL, 1, 1, '2026-05-19 01:47:11', '2026-05-19 01:47:11'),
(2318, 20, 295, 'Rialto (Espana)', 'dm-whiskey-rialto-espana-2', NULL, 8500.00, NULL, 2, 1, '2026-05-19 01:47:11', '2026-05-19 01:47:11'),
(2319, 20, 295, 'Motivo', 'dm-whiskey-motivo-3', NULL, 10000.00, NULL, 3, 1, '2026-05-19 01:47:11', '2026-05-19 01:47:11'),
(2320, 20, 295, 'Martini', 'dm-whiskey-martini-4', NULL, 30000.00, NULL, 4, 1, '2026-05-19 01:47:11', '2026-05-19 01:47:11'),
(2321, 20, 295, 'Andre Brut', 'dm-whiskey-andre-brut-5', NULL, 50000.00, NULL, 5, 1, '2026-05-19 01:47:11', '2026-05-19 01:47:11'),
(2322, 20, 295, 'Moet & Chandon Imperial Brut', 'dm-whiskey-moet-and-chandon-imperial-brut-6', NULL, 350000.00, NULL, 6, 1, '2026-05-19 01:47:11', '2026-05-19 01:47:11'),
(2323, 20, 295, 'Moet & Chandon Imperia Rose', 'dm-whiskey-moet-and-chandon-imperia-rose-7', NULL, 380000.00, NULL, 7, 1, '2026-05-19 01:47:11', '2026-05-19 01:47:11'),
(2324, 20, 295, 'Romeo Brut', 'dm-whiskey-romeo-brut-8', NULL, 200000.00, NULL, 8, 1, '2026-05-19 01:47:11', '2026-05-19 01:47:11'),
(2325, 20, 295, 'Veuve Du Vernay (Ice)', 'dm-whiskey-veuve-du-vernay-ice-9', NULL, 25000.00, NULL, 9, 1, '2026-05-19 01:47:11', '2026-05-19 01:47:11'),
(2326, 20, 295, 'Veuve Du Vernay (Rose)', 'dm-whiskey-veuve-du-vernay-rose-10', NULL, 40000.00, NULL, 10, 1, '2026-05-19 01:47:11', '2026-05-19 01:47:11'),
(2327, 20, 295, 'Veuve Clicquot (Rose)', 'dm-whiskey-veuve-clicquot-rose-11', NULL, 380000.00, NULL, 11, 1, '2026-05-19 01:47:11', '2026-05-19 01:47:11'),
(2328, 20, 295, 'Veuve Clicquot (Brut)', 'dm-whiskey-veuve-clicquot-brut-12', NULL, 350000.00, NULL, 12, 1, '2026-05-19 01:47:11', '2026-05-19 01:47:11'),
(2329, 20, 295, 'Don Perignon', 'dm-whiskey-don-perignon-13', NULL, 1500000.00, NULL, 13, 1, '2026-05-19 01:47:11', '2026-05-19 01:47:11'),
(2330, 20, 295, 'Crystal', 'dm-whiskey-crystal-14', NULL, 400000.00, NULL, 14, 1, '2026-05-19 01:47:11', '2026-05-19 01:47:11'),
(2331, 20, 295, 'Monkey shoulder', 'dm-whiskey-monkey-shoulder-15', NULL, 90000.00, NULL, 15, 1, '2026-05-19 01:47:11', '2026-05-19 01:47:11'),
(2332, 20, 295, 'Mateus Rose', 'dm-whiskey-mateus-rose-16', NULL, 45000.00, NULL, 16, 1, '2026-05-19 01:47:11', '2026-05-19 01:47:11'),
(2333, 20, 295, 'Mateus Brut', 'dm-whiskey-mateus-brut-17', NULL, 45000.00, NULL, 17, 1, '2026-05-19 01:47:11', '2026-05-19 01:47:11'),
(2334, 20, 295, 'B and G Cuvee Speciale', 'dm-whiskey-b-and-g-cuvee-speciale-18', NULL, 35000.00, NULL, 18, 1, '2026-05-19 01:47:11', '2026-05-19 01:47:11'),
(2335, 20, 295, 'Domino', 'dm-whiskey-domino-19', NULL, 32000.00, NULL, 19, 1, '2026-05-19 01:47:11', '2026-05-19 01:47:11'),
(2336, 20, 295, 'Feliza', 'dm-whiskey-feliza-20', NULL, 30000.00, NULL, 20, 1, '2026-05-19 01:47:11', '2026-05-19 01:47:11'),
(2337, 20, 295, 'Castillo Grande', 'dm-whiskey-castillo-grande-21', NULL, 30000.00, NULL, 21, 1, '2026-05-19 01:47:11', '2026-05-19 01:47:11'),
(2338, 20, 295, 'Robertson Winery', 'dm-whiskey-robertson-winery-22', NULL, 32000.00, NULL, 22, 1, '2026-05-19 01:47:11', '2026-05-19 01:47:11'),
(2339, 20, 296, 'Hennessy VSOP', 'dm-cognac-and-brandy-hennessy-vsop', 'Shots ₦8,500', 240000.00, NULL, 1, 1, '2026-05-19 01:47:11', '2026-05-19 01:47:11'),
(2340, 20, 296, 'Hennessy XO', 'dm-cognac-and-brandy-hennessy-xo-2', NULL, 0.00, NULL, 2, 1, '2026-05-19 01:47:11', '2026-05-19 01:47:11'),
(2341, 20, 296, 'Hennessy VS Big', 'dm-cognac-and-brandy-hennessy-vs-big-3', 'Shots ₦7,000', 170000.00, NULL, 3, 1, '2026-05-19 01:47:11', '2026-05-19 01:47:11'),
(2342, 20, 296, 'Hennessy VS Small', 'dm-cognac-and-brandy-hennessy-vs-small-4', NULL, 100000.00, NULL, 4, 1, '2026-05-19 01:47:11', '2026-05-19 01:47:11'),
(2343, 20, 296, 'Remy Martin VSOP', 'dm-cognac-and-brandy-remy-martin-vsop-5', 'Shots ₦10,500', 240000.00, NULL, 5, 1, '2026-05-19 01:47:11', '2026-05-19 01:47:11'),
(2344, 20, 296, 'Remy Martin XO', 'dm-cognac-and-brandy-remy-martin-xo-6', NULL, 0.00, NULL, 6, 1, '2026-05-19 01:47:11', '2026-05-19 01:47:11'),
(2345, 20, 296, 'Martell VSOP', 'dm-cognac-and-brandy-martell-vsop-7', 'Shots ₦4,000', 120000.00, NULL, 7, 1, '2026-05-19 01:47:11', '2026-05-19 01:47:11'),
(2346, 20, 296, 'Martel Blue Swift', 'dm-cognac-and-brandy-martel-blue-swift-8', NULL, 240000.00, NULL, 8, 1, '2026-05-19 01:47:11', '2026-05-19 01:47:11'),
(2347, 20, 296, 'Martel Vs', 'dm-cognac-and-brandy-martel-vs-9', 'Shots ₦4,000', 120000.00, NULL, 9, 1, '2026-05-19 01:47:11', '2026-05-19 01:47:11'),
(2348, 20, 296, 'Orijin Bitters', 'dm-cognac-and-brandy-orijin-bitters-10', NULL, 3500.00, NULL, 10, 1, '2026-05-19 01:47:11', '2026-05-19 01:47:11'),
(2349, 20, 296, 'Odogwu', 'dm-cognac-and-brandy-odogwu-11', NULL, 3500.00, NULL, 11, 1, '2026-05-19 01:47:11', '2026-05-19 01:47:11'),
(2350, 20, 296, 'Martinellis', 'dm-cognac-and-brandy-martinellis-12', NULL, 18000.00, NULL, 12, 1, '2026-05-19 01:47:11', '2026-05-19 01:47:11'),
(2351, 20, 297, 'Absolut Blue', 'dm-vodka-absolut-blue', 'Shots ₦2,000', 40000.00, NULL, 1, 1, '2026-05-19 01:47:11', '2026-05-19 01:47:11'),
(2352, 20, 297, 'Absolute Mandarin', 'dm-vodka-absolute-mandarin-2', 'Shots ₦1,500', 40000.00, NULL, 2, 1, '2026-05-19 01:47:11', '2026-05-19 01:47:11'),
(2353, 20, 297, 'Smirn-Off', 'dm-vodka-smirn-off-3', 'Shots ₦1,500', 50000.00, NULL, 3, 1, '2026-05-19 01:47:11', '2026-05-19 01:47:11'),
(2354, 20, 297, 'Ciroc Flavoured', 'dm-vodka-ciroc-flavoured-4', 'Shots ₦5,500', 160000.00, NULL, 4, 1, '2026-05-19 01:47:11', '2026-05-19 01:47:11'),
(2355, 20, 297, 'Vodka Extract', 'dm-vodka-vodka-extract-5', 'Shots ₦2,500', 25000.00, NULL, 5, 1, '2026-05-19 01:47:11', '2026-05-19 01:47:11'),
(2356, 20, 297, 'Flirt Vodka', 'dm-vodka-flirt-vodka-6', NULL, 35000.00, NULL, 6, 1, '2026-05-19 01:47:11', '2026-05-19 01:47:11'),
(2357, 20, 297, 'Sky Vodka', 'dm-vodka-sky-vodka-7', NULL, 48000.00, NULL, 7, 1, '2026-05-19 01:47:11', '2026-05-19 01:47:11'),
(2358, 20, 297, 'Absolute Vodka', 'dm-vodka-absolute-vodka-8', 'Shots ₦3,000', 40000.00, NULL, 8, 1, '2026-05-19 01:47:11', '2026-05-19 01:47:11'),
(2359, 20, 297, 'Olmeca (Hot Chocolate)', 'dm-vodka-olmeca-hot-chocolate-9', NULL, 75000.00, NULL, 9, 1, '2026-05-19 01:47:11', '2026-05-19 01:47:11'),
(2360, 20, 298, 'Gordon', 'dm-gin-gordon', 'Shots ₦2,500', 35000.00, NULL, 1, 1, '2026-05-19 01:47:11', '2026-05-19 01:47:11'),
(2361, 20, 298, 'Bombay Sapphire', 'dm-gin-bombay-sapphire-2', 'Shots ₦4,000', 97125.00, NULL, 2, 1, '2026-05-19 01:47:11', '2026-05-19 01:47:11'),
(2362, 20, 299, 'Bacardi Gold', 'dm-tequila-and-shooters-bacardi-gold', 'Shots ₦2,500', 55000.00, NULL, 1, 1, '2026-05-19 01:47:11', '2026-05-19 01:47:11'),
(2363, 20, 299, 'Bacardi Superior', 'dm-tequila-and-shooters-bacardi-superior-2', 'Shots ₦2,500', 40000.00, NULL, 2, 1, '2026-05-19 01:47:11', '2026-05-19 01:47:11'),
(2364, 20, 299, 'St James', 'dm-tequila-and-shooters-st-james-3', 'Shots ₦1,500', 15000.00, NULL, 3, 1, '2026-05-19 01:47:11', '2026-05-19 01:47:11'),
(2365, 20, 299, 'Elliot', 'dm-tequila-and-shooters-elliot-4', 'Shots ₦1,500', 35000.00, NULL, 4, 1, '2026-05-19 01:47:11', '2026-05-19 01:47:11'),
(2366, 20, 299, 'Captain Morgan', 'dm-tequila-and-shooters-captain-morgan-5', 'Shots ₦2,000', 60000.00, NULL, 5, 1, '2026-05-19 01:47:11', '2026-05-19 01:47:11'),
(2367, 20, 299, 'Captain Morgan', 'dm-tequila-and-shooters-captain-morgan-6', NULL, 40000.00, NULL, 6, 1, '2026-05-19 01:47:11', '2026-05-19 01:47:11'),
(2368, 20, 300, 'Tequila Gold Camino', 'dm-rum-tequila-gold-camino', 'Shots ₦2,500', 75000.00, NULL, 1, 1, '2026-05-19 01:47:11', '2026-05-19 01:47:11'),
(2369, 20, 300, 'Tequila Blanco White', 'dm-rum-tequila-blanco-white-2', 'Shots ₦4,000', 80000.00, NULL, 2, 1, '2026-05-19 01:47:11', '2026-05-19 01:47:11'),
(2370, 20, 300, 'Siera Tequila', 'dm-rum-siera-tequila-3', 'Shots ₦2,500', 75000.00, NULL, 3, 1, '2026-05-19 01:47:11', '2026-05-19 01:47:11'),
(2371, 20, 301, 'Campari', 'dm-vermouth-and-liqueurs-campari', 'Shots ₦1,500', 15000.00, NULL, 1, 1, '2026-05-19 01:47:11', '2026-05-19 01:47:11'),
(2372, 20, 301, 'Martini Rosso', 'dm-vermouth-and-liqueurs-martini-rosso-2', 'Shots ₦3,000', 53000.00, NULL, 2, 1, '2026-05-19 01:47:11', '2026-05-19 01:47:11'),
(2373, 20, 301, 'Martini Bianco', 'dm-vermouth-and-liqueurs-martini-bianco-3', 'Shots ₦7,000', 47000.00, NULL, 3, 1, '2026-05-19 01:47:11', '2026-05-19 01:47:11'),
(2374, 20, 301, 'Pastis', 'dm-vermouth-and-liqueurs-pastis-4', 'Shots ₦1,500', 42000.00, NULL, 4, 1, '2026-05-19 01:47:11', '2026-05-19 01:47:11'),
(2375, 20, 301, 'Ricard', 'dm-vermouth-and-liqueurs-ricard-5', 'Shots ₦1,500', 12000.00, NULL, 5, 1, '2026-05-19 01:47:11', '2026-05-19 01:47:11'),
(2376, 20, 301, 'Baileys', 'dm-vermouth-and-liqueurs-baileys-6', 'Shots ₦3,000', 65000.00, NULL, 6, 1, '2026-05-19 01:47:11', '2026-05-19 01:47:11'),
(2377, 20, 301, 'Cointreau', 'dm-vermouth-and-liqueurs-cointreau-7', 'Shots ₦2,000', 65000.00, NULL, 7, 1, '2026-05-19 01:47:11', '2026-05-19 01:47:11'),
(2378, 20, 301, 'Amarula', 'dm-vermouth-and-liqueurs-amarula-8', 'Shots ₦1,500', 15000.00, NULL, 8, 1, '2026-05-19 01:47:11', '2026-05-19 01:47:11'),
(2379, 20, 301, 'Tia Maria', 'dm-vermouth-and-liqueurs-tia-maria-9', 'Shots ₦1,500', 11500.00, NULL, 9, 1, '2026-05-19 01:47:11', '2026-05-19 01:47:11'),
(2380, 20, 301, 'Kahlua', 'dm-vermouth-and-liqueurs-kahlua-10', 'Shots ₦1,500', 10500.00, NULL, 10, 1, '2026-05-19 01:47:11', '2026-05-19 01:47:11'),
(2381, 20, 301, 'Drambuie', 'dm-vermouth-and-liqueurs-drambuie-11', 'Shots ₦3,000', 20500.00, NULL, 11, 1, '2026-05-19 01:47:11', '2026-05-19 01:47:11'),
(2382, 20, 301, 'Drambuie', 'dm-vermouth-and-liqueurs-drambuie-12', 'Amaretto', 30000.00, NULL, 12, 1, '2026-05-19 01:47:11', '2026-05-19 01:47:11'),
(2383, 20, 301, 'Southern Comfort', 'dm-vermouth-and-liqueurs-southern-comfort-13', 'Amaretto', 106000.00, NULL, 13, 1, '2026-05-19 01:47:11', '2026-05-19 01:47:11'),
(2384, 20, 301, 'Mini Campari', 'dm-vermouth-and-liqueurs-mini-campari-14', 'Amaretto', 15000.00, NULL, 14, 1, '2026-05-19 01:47:11', '2026-05-19 01:47:11'),
(2385, 20, 301, 'Crema Turron', 'dm-vermouth-and-liqueurs-crema-turron-15', NULL, 49000.00, NULL, 15, 1, '2026-05-19 01:47:11', '2026-05-19 01:47:11'),
(2386, 20, 301, 'The Nines', 'dm-vermouth-and-liqueurs-the-nines-16', NULL, 112000.00, NULL, 16, 1, '2026-05-19 01:47:11', '2026-05-19 01:47:11'),
(2387, 20, 301, 'Malibu', 'dm-vermouth-and-liqueurs-malibu-17', NULL, 115500.00, NULL, 17, 1, '2026-05-19 01:47:11', '2026-05-19 01:47:11'),
(2388, 20, 301, 'Cream De Cafe', 'dm-vermouth-and-liqueurs-cream-de-cafe-18', NULL, 35000.00, NULL, 18, 1, '2026-05-19 01:47:11', '2026-05-19 01:47:11'),
(2389, 20, 302, 'Power Smoothie', 'dm-smoothies-and-fresh-juices-power-smoothie', NULL, 7000.00, NULL, 1, 1, '2026-05-19 01:47:11', '2026-05-19 01:47:11'),
(2390, 20, 302, 'Mixed Fruit Smoothie', 'dm-smoothies-and-fresh-juices-mixed-fruit-smoothie-2', NULL, 7000.00, NULL, 2, 1, '2026-05-19 01:47:11', '2026-05-19 01:47:11'),
(2391, 20, 302, 'Pineapple Smoothie', 'dm-smoothies-and-fresh-juices-pineapple-smoothie-3', NULL, 7000.00, NULL, 3, 1, '2026-05-19 01:47:11', '2026-05-19 01:47:11'),
(2392, 20, 302, 'Watermelon Smoothie', 'dm-smoothies-and-fresh-juices-watermelon-smoothie-4', NULL, 7000.00, NULL, 4, 1, '2026-05-19 01:47:11', '2026-05-19 01:47:11'),
(2393, 20, 302, 'Cranberry Juice', 'dm-smoothies-and-fresh-juices-cranberry-juice-5', NULL, 12000.00, NULL, 5, 1, '2026-05-19 01:47:11', '2026-05-19 01:47:11'),
(2394, 20, 302, 'Tea and Coffee', 'dm-smoothies-and-fresh-juices-tea-and-coffee-6', NULL, 2000.00, NULL, 6, 1, '2026-05-19 01:47:11', '2026-05-19 01:47:11'),
(2395, 20, 302, 'Pineapple Juice', 'dm-smoothies-and-fresh-juices-pineapple-juice-7', NULL, 7000.00, NULL, 7, 1, '2026-05-19 01:47:11', '2026-05-19 01:47:11'),
(2396, 20, 302, 'Watermelon Juice', 'dm-smoothies-and-fresh-juices-watermelon-juice-8', NULL, 7000.00, NULL, 8, 1, '2026-05-19 01:47:11', '2026-05-19 01:47:11'),
(2397, 20, 302, 'Orange Juice', 'dm-smoothies-and-fresh-juices-orange-juice-9', NULL, 6000.00, NULL, 9, 1, '2026-05-19 01:47:11', '2026-05-19 01:47:11'),
(2398, 20, 302, 'Mixed Juice', 'dm-smoothies-and-fresh-juices-mixed-juice-10', NULL, 6000.00, NULL, 10, 1, '2026-05-19 01:47:11', '2026-05-19 01:47:11'),
(2399, 20, 302, 'Parfait Juice', 'dm-smoothies-and-fresh-juices-parfait-juice-11', NULL, 8000.00, NULL, 11, 1, '2026-05-19 01:47:11', '2026-05-19 01:47:11'),
(2400, 20, 302, 'Fresh Juice', 'dm-smoothies-and-fresh-juices-fresh-juice-12', NULL, 7000.00, NULL, 12, 1, '2026-05-19 01:47:11', '2026-05-19 01:47:11'),
(2401, 20, 302, 'Fresh Smoothie', 'dm-smoothies-and-fresh-juices-fresh-smoothie-13', NULL, 7000.00, NULL, 13, 1, '2026-05-19 01:47:11', '2026-05-19 01:47:11'),
(2402, 20, 302, 'Chivita Juice', 'dm-smoothies-and-fresh-juices-chivita-juice-14', NULL, 8000.00, NULL, 14, 1, '2026-05-19 01:47:11', '2026-05-19 01:47:11'),
(2403, 20, 302, 'HollandiaYoghurt', 'dm-smoothies-and-fresh-juices-hollandiayoghurt-15', NULL, 8000.00, NULL, 15, 1, '2026-05-19 01:47:11', '2026-05-19 01:47:11'),
(2404, 20, 302, 'Healthy Drink', 'dm-smoothies-and-fresh-juices-healthy-drink-16', NULL, 3000.00, NULL, 16, 1, '2026-05-19 01:47:11', '2026-05-19 01:47:11');
INSERT INTO `orders` (`id`, `order_number`, `restaurant_id`, `customer_name`, `customer_phone`, `customer_email`, `delivery_address`, `payment_method`, `status`, `subtotal`, `delivery_fee`, `tax`, `total`, `created_at`, `updated_at`) VALUES
(1, NULL, 2, 'carter tech', '91347593', 'mr.carter.tech07@gmail.com', 'Cf', NULL, 'pending', 42000.00, 0.00, 0.00, 42000.00, '2026-02-09 16:34:30', '2026-02-09 16:34:30'),
(2, NULL, 2, 'Abdulrahman Shittu', '08032336586', 'mr.carter.tech07@gmail.com', 'gdd', 'bank_transfer', 'pending', 42000.00, 0.00, 0.00, 42000.00, '2026-02-10 16:19:58', '2026-02-10 16:19:58'),
(3, NULL, 2, 'Abdulrahman Shittu', '08032336586', 'mr.carter.tech07@gmail.com', 'fsdg', 'bank_transfer', 'confirmed', 19000.00, 0.00, 0.00, 19000.00, '2026-02-10 16:36:59', '2026-02-10 17:03:22'),
(4, NULL, 2, 'Abdulrahman Shittu', '08032336586', 'mr.carter.tech07@gmail.com', 'jhh', 'bank_transfer', 'pending', 85000.00, 0.00, 0.00, 85000.00, '2026-02-10 16:51:05', '2026-02-10 16:51:05'),
(5, NULL, 2, 'Abdulrahman Shittu', '08032336586', 'mr.carter.tech07@gmail.com', 'dgddg', 'bank_transfer', 'pending', 230000.00, 0.00, 0.00, 230000.00, '2026-02-10 17:26:01', '2026-02-10 17:26:01'),
(6, NULL, 2, 'Abdulrahman Shittu', '08032336586', 'mr.carter.tech07@gmail.com', 'dgtggdg', 'paystack', 'pending', 44000.00, 0.00, 0.00, 44000.00, '2026-02-10 17:42:17', '2026-02-10 17:42:17'),
(7, NULL, 2, 'Abdulrahman Shittu', '08032336586', 'mr.carter.tech07@gmail.com', 'ffdfdgdgd', 'paystack', 'pending', 44000.00, 0.00, 0.00, 44000.00, '2026-02-10 18:09:27', '2026-02-10 18:09:27'),
(8, NULL, 2, 'Abdulrahman Shittu', '08032336586', 'mr.carter.tech07@gmail.com', 'ffdfdgdgd', 'bank_transfer', 'pending', 44000.00, 0.00, 0.00, 44000.00, '2026-02-10 18:10:09', '2026-02-10 18:10:09'),
(9, 'KMK9M2QM', 2, 'Abdulrahman Shittu', '08032336586', 'sigsol2024@gmail.com', 'aafs', 'bank_transfer', 'confirmed', 100.00, 0.00, 0.00, 100.00, '2026-02-11 13:13:02', '2026-02-11 13:13:15'),
(10, 'MYC6DN8Z', 2, 'Abdulrahman Shittu', '08032336586', 'sigsol2024@gmail.com', 'sfsf', 'paystack', 'pending', 100.00, 0.00, 0.00, 100.00, '2026-02-11 13:15:40', '2026-02-11 13:15:40'),
(11, 'BYRO5UG8', 2, 'Abdulrahman Shittu', '08032336586', 'sigsol2024@gmail.com', 'sfsfsf', 'paystack', 'confirmed', 100.00, 0.00, 0.00, 100.00, '2026-02-11 13:25:23', '2026-02-11 13:25:23'),
(12, '0NQ0334D', 2, 'Abdulrahman Shittu', '08032336586', 'mr.carter.tech07@gmail.com', 'fsfs', 'bank_transfer', 'confirmed', 100.00, 0.00, 0.00, 100.00, '2026-02-12 23:30:50', '2026-02-12 23:31:55'),
(13, 'VNW31EG9', 3, 'Abdulrahman Shittu', '08032336586', 'mr.carter.tech07@gmail.com', 'wrrr', 'bank_transfer', 'confirmed', 60000.00, 0.00, 0.00, 60000.00, '2026-02-17 14:48:59', '2026-02-17 14:50:08');
INSERT INTO `order_items` (`id`, `order_id`, `menu_item_id`, `name`, `price`, `quantity`, `created_at`) VALUES
(1, 1, 41, 'Chicken Spring Rolls', 19000.00, 1, '2026-02-09 16:34:30'),
(2, 1, 42, 'Grilled Chicken Wings', 23000.00, 1, '2026-02-09 16:34:30'),
(3, 2, 41, 'Chicken Spring Rolls', 19000.00, 1, '2026-02-10 16:19:58'),
(4, 2, 42, 'Grilled Chicken Wings', 23000.00, 1, '2026-02-10 16:19:58'),
(5, 3, 41, 'Chicken Spring Rolls', 19000.00, 1, '2026-02-10 16:36:59'),
(6, 4, 45, 'Grilled Pettit Prawns', 35000.00, 1, '2026-02-10 16:51:05'),
(7, 4, 46, 'Dynamite Shrimp', 25000.00, 2, '2026-02-10 16:51:05'),
(8, 5, 42, 'Grilled Chicken Wings', 23000.00, 10, '2026-02-10 17:26:01'),
(9, 6, 43, 'Lollipop Chicken', 25000.00, 1, '2026-02-10 17:42:17'),
(10, 6, 44, 'Caesar Chicken Sliders', 19000.00, 1, '2026-02-10 17:42:17'),
(11, 7, 43, 'Lollipop Chicken', 25000.00, 1, '2026-02-10 18:09:27'),
(12, 7, 44, 'Caesar Chicken Sliders', 19000.00, 1, '2026-02-10 18:09:27'),
(13, 8, 43, 'Lollipop Chicken', 25000.00, 1, '2026-02-10 18:10:09'),
(14, 8, 44, 'Caesar Chicken Sliders', 19000.00, 1, '2026-02-10 18:10:09'),
(15, 9, 41, 'Chicken Spring Rolls', 100.00, 1, '2026-02-11 13:13:02'),
(16, 10, 41, 'Chicken Spring Rolls', 100.00, 1, '2026-02-11 13:15:40'),
(17, 11, 41, 'Chicken Spring Rolls', 100.00, 1, '2026-02-11 13:25:23'),
(18, 12, 41, 'Chicken Spring Rolls', 100.00, 1, '2026-02-12 23:30:50'),
(19, 13, 646, 'Premium Tray', 60000.00, 1, '2026-02-17 14:48:59');
INSERT INTO `password_reset_tokens` (`id`, `user_type`, `user_id`, `identifier`, `email`, `token_hash`, `expires_at`, `used_at`, `request_ip`, `user_agent`, `created_at`) VALUES
(1, 'manager', 12, 'abrobiz@gmail.com', 'abrobiz@gmail.com', '6d181ecb6e1d7415f25b2ce33d0b68222db7a53efef84c6c49479571a143f022', '2026-03-13 09:00:13', '2026-03-13 08:00:51', '102.207.247.18', 'Mozilla/5.0 (Macintosh; Intel Mac OS X 10_15_7) AppleWebKit/537.36 (KHTML, like Gecko) Chrome/145.0.0.0 Safari/537.36', '2026-03-13 08:00:13');
INSERT INTO `payments` (`id`, `restaurant_id`, `subscription_id`, `amount`, `currency`, `payment_gateway`, `transaction_reference`, `gateway_response`, `status`, `paid_at`, `created_at`) VALUES
(1, 2, 1, 50.00, 'NGN', 'paystack', NULL, NULL, 'pending', NULL, '2025-12-24 03:13:58'),
(2, 2, 1, 50.00, 'NGN', 'paystack', 'PS_1766546254_d79a5efb6231a96e', NULL, 'pending', NULL, '2025-12-24 03:17:34'),
(3, 2, 1, 100.00, 'NGN', 'paystack', 'PS_1766546331_90dc48f6b6afa69e', NULL, 'success', '2025-12-24 17:08:48', '2025-12-24 03:18:51'),
(4, 2, 1, 200.00, 'NGN', 'paystack', 'PS_1766624250_59406dae47c1dd0f', NULL, 'pending', NULL, '2025-12-25 00:57:30'),
(5, 2, 1, 220.00, 'NGN', 'paystack', 'PS_1766624771_b04c1caf52ed9745', NULL, 'pending', NULL, '2025-12-25 01:06:11'),
(9, 19, 18, 120900.00, 'NGN', 'paystack', 'PS_1775494894_361b2945d74f30c2', '{\"id\":6010814859,\"domain\":\"live\",\"status\":\"success\",\"reference\":\"PS_1775494894_361b2945d74f30c2\",\"receipt_number\":null,\"amount\":12090000,\"message\":null,\"gateway_response\":\"Approved\",\"paid_at\":\"2026-04-06T17:17:46.000Z\",\"created_at\":\"2026-04-06T17:01:35.000Z\",\"channel\":\"bank_transfer\",\"currency\":\"NGN\",\"ip_address\":\"102.88.55.173\",\"metadata\":{\"payment_id\":\"9\",\"subscription_id\":\"18\",\"restaurant_id\":\"19\",\"plan_id\":\"2\",\"billing_cycle\":\"annual\",\"referrer\":\"https:\\/\\/our-menu.online\\/\"},\"log\":{\"start_time\":1775494899,\"time_spent\":967,\"attempts\":0,\"errors\":0,\"success\":true,\"mobile\":false,\"input\":[],\"history\":[{\"type\":\"pending\",\"message\":\"Payment in progress with bank\",\"time\":1},{\"type\":\"action\",\"message\":\"Set payment method to: bank\",\"time\":8},{\"type\":\"action\",\"message\":\"Set payment method to: bank_transfer\",\"time\":18},{\"type\":\"success\",\"message\":\"Successfully paid with bank_transfer\",\"time\":967}]},\"fees\":191350,\"fees_split\":null,\"authorization\":{\"authorization_code\":\"AUTH_jk11d3w884\",\"bin\":\"540XXX\",\"last4\":\"X718\",\"exp_month\":\"04\",\"exp_year\":\"2026\",\"channel\":\"bank_transfer\",\"card_type\":\"transfer\",\"bank\":\"Providus Bank\",\"country_code\":\"NG\",\"brand\":\"Managed Account\",\"reusable\":false,\"signature\":null,\"account_name\":null,\"sender_bank\":\"Providus Bank\",\"sender_country\":\"NG\",\"sender_bank_account_number\":\"XXXXXXX718\",\"sender_name\":\"VENDOME ENT. (PETTY CASH A\\/C)\",\"narration\":\"To TITAN-PAYSTACK | PAYSTACK CHECKOUT Opal qr code\",\"receiver_bank_account_number\":null,\"receiver_bank\":null},\"customer\":{\"id\":353433914,\"first_name\":null,\"last_name\":null,\"email\":\"opallagos1@gmail.com\",\"customer_code\":\"CUS_5k609h7ceyoi1oe\",\"phone\":null,\"metadata\":null,\"risk_action\":\"default\",\"international_format_phone\":null},\"plan\":null,\"split\":[],\"order_id\":null,\"paidAt\":\"2026-04-06T17:17:46.000Z\",\"createdAt\":\"2026-04-06T17:01:35.000Z\",\"requested_amount\":12090000,\"pos_transaction_data\":null,\"source\":null,\"fees_breakdown\":[{\"amount\":191350,\"formula\":null,\"type\":\"paystack\"}],\"connect\":null,\"transaction_date\":\"2026-04-06T17:01:35.000Z\",\"plan_object\":[],\"subaccount\":[]}', 'success', '2026-04-06 17:18:09', '2026-04-06 17:01:34');
INSERT INTO `payment_settings` (`id`, `gateway`, `is_active`, `test_mode`, `public_key_live`, `secret_key_live`, `webhook_secret_live`, `public_key_test`, `secret_key_test`, `webhook_secret_test`, `created_at`, `updated_at`) VALUES
(1, 'paystack', 1, 0, 'pk_live_a7cb9e736edaa1f9d08cbaac4202c7d4a3b3d84c', 'OWXN9U8jP/nRIKUbX772IDo6SkpZQ2s2eElxSWdOajlTZUVZUUQxeWxrN0ZqSndwU2s0cGFURGgrd21PMmpLb1JvbnpOUS9pWWUvbWdncy9HOG0wbEltSGxtT0xyR3ROMFdVOGRvRlE9PQ==', '', 'sigsol2024', '1aMJkPa6LL4sKIi8NwaMkjo6MEc3OHEycTR4L2ZrUFUwSFFlMXBkNnFFN2FFekNhWHhWd3UydWd1WGE5QT0=', '', '2025-12-24 02:38:31', '2026-03-07 21:27:42'),
(2, 'flutterwave', 0, 1, NULL, NULL, NULL, NULL, NULL, NULL, '2025-12-24 02:38:31', '2025-12-24 02:38:31');
INSERT INTO `pending_bank_transfers` (`id`, `token`, `restaurant_id`, `payment_type`, `reservation_id`, `cart_json`, `customer_name`, `customer_phone`, `customer_email`, `delivery_address`, `subtotal`, `delivery_fee`, `tax`, `total`, `created_at`) VALUES
(2, '04a0e81ab38e7e08216b95d376fa6742ac0c5388c16cc6c4', 2, 'order', NULL, '[{\"id\":41,\"name\":\"Chicken Spring Rolls\",\"price\":100,\"image\":\"6945dee5937fd.jpg\",\"quantity\":1}]', 'Abdulrahman Shittu', '08032336586', 'sigsol2024@gmail.com', 'aaaf', 100.00, 0.00, 0.00, 100.00, '2026-02-11 13:13:49'),
(8, '233fd6ed11ddc38ea0d9885cf83e5b7259c9d7b8a928d7ad', 3, 'order', NULL, '[{\"id\":650,\"name\":\"Classic English Breakfast\",\"price\":10000,\"image\":\"\",\"quantity\":1},{\"id\":651,\"name\":\"African Breakfast\",\"price\":10000,\"image\":\"\",\"quantity\":1},{\"id\":653,\"name\":\"Chef\'s Salad\",\"price\":12000,\"image\":\"\",\"quantity\":1},{\"id\":654,\"name\":\"Chicken Caesar Salad\",\"price\":15000,\"image\":\"\",\"quantity\":1},{\"id\":655,\"name\":\"Russian Salad\",\"price\":15000,\"image\":\"\",\"quantity\":1}]', 'Abdulrahman Shittu', '08032336586', 'mr.carter.tech07@gmail.com', 'fsdgddgdd', 62000.00, 0.00, 0.00, 62000.00, '2026-02-17 14:46:07'),
(10, 'c2749fdd2874e357e505f60c1a9c5cfb40ed0ef48009699f', 2, 'order', NULL, '[{\"id\":41,\"name\":\"Chicken Spring Rolls\",\"price\":100,\"image\":\"6945dee5937fd.jpg\",\"quantity\":3},{\"id\":42,\"name\":\"Grilled Chicken Wings\",\"price\":23000,\"image\":\"6945df24c6e77.jpg\",\"quantity\":1},{\"id\":43,\"name\":\"Lollipop Chicken\",\"price\":25000,\"image\":\"6945e61603f0b.jpg\",\"quantity\":1},{\"id\":44,\"name\":\"Caesar Chicken Sliders\",\"price\":19000,\"image\":\"6945e63143e76.jpg\",\"quantity\":1}]', 'Abdulrahman Shittu', '08032336586', 'sigsol2024@gmail.com', 'srfsffsffssfsf', 67300.00, 0.00, 0.00, 67300.00, '2026-02-23 11:08:24');
INSERT INTO `pending_online_payments` (`id`, `reference`, `restaurant_id`, `payment_type`, `reservation_id`, `gateway`, `cart_json`, `customer_name`, `customer_phone`, `customer_email`, `delivery_address`, `subtotal`, `delivery_fee`, `tax`, `total`, `created_at`) VALUES
(1, 'POP_1770815548_101794a814066c6c', 2, 'order', NULL, 'paystack', '[{\"id\":41,\"name\":\"Chicken Spring Rolls\",\"price\":100,\"image\":\"6945dee5937fd.jpg\",\"quantity\":1}]', 'Abdulrahman Shittu', '08032336586', 'sigsol2024@gmail.com', 'aafs', 100.00, 0.00, 0.00, 100.00, '2026-02-11 13:12:28');
INSERT INTO `qr_code_scans` (`id`, `restaurant_id`, `ip_address`, `user_agent`, `device_type`, `browser`, `os`, `country`, `city`, `latitude`, `longitude`, `scanned_at`) VALUES
(1, 2, '197.211.59.73', 'Mozilla/5.0 (Linux; Android 10; K) AppleWebKit/537.36 (KHTML, like Gecko) Chrome/143.0.0.0 Mobile Safari/537.36', 'Mobile', 'Chrome', 'Linux', 'Nigeria', 'Lagos', 6.44740000, 3.39030000, '2025-12-24 00:07:30'),
(2, 2, '197.211.59.73', 'Mozilla/5.0 (Linux; Android 10; K) AppleWebKit/537.36 (KHTML, like Gecko) Chrome/143.0.0.0 Mobile Safari/537.36', 'Mobile', 'Chrome', 'Linux', 'Nigeria', 'Lagos', 6.44740000, 3.39030000, '2025-12-24 00:11:57'),
(3, 3, '102.89.83.48', 'QR Scanner Android', 'Mobile', 'Unknown', 'Android', 'Nigeria', 'Lagos', 6.44740000, 3.39030000, '2026-03-10 14:41:01'),
(4, 3, '102.89.83.48', 'Mozilla/5.0 (Linux; Android 10; K) AppleWebKit/537.36 (KHTML, like Gecko) Chrome/144.0.0.0 Mobile Safari/537.36', 'Mobile', 'Chrome', 'Linux', 'Nigeria', 'Lagos', 6.44740000, 3.39030000, '2026-03-10 14:41:07'),
(5, 3, '102.89.83.48', 'Mozilla/5.0 (Linux; Android 10; K) AppleWebKit/537.36 (KHTML, like Gecko) Chrome/144.0.0.0 Mobile Safari/537.36', 'Mobile', 'Chrome', 'Linux', 'Nigeria', 'Lagos', 6.44740000, 3.39030000, '2026-03-10 16:04:10'),
(6, 2, '102.89.82.149', 'QR Scanner Android', 'Mobile', 'Unknown', 'Android', 'Nigeria', 'Lagos', 6.44740000, 3.39030000, '2026-03-11 14:09:27'),
(7, 2, '102.89.82.149', 'Mozilla/5.0 (Linux; Android 10; K) AppleWebKit/537.36 (KHTML, like Gecko) Chrome/144.0.0.0 Mobile Safari/537.36', 'Mobile', 'Chrome', 'Linux', 'Nigeria', 'Lagos', 6.44740000, 3.39030000, '2026-03-11 14:09:29'),
(10, 2, '102.88.112.82', 'Mozilla/5.0 (Linux; Android 10; K) AppleWebKit/537.36 (KHTML, like Gecko) Chrome/144.0.0.0 Mobile Safari/537.36', 'Mobile', 'Chrome', 'Linux', 'Nigeria', 'Lagos', 6.44740000, 3.39030000, '2026-03-20 16:33:40'),
(11, 2, '102.88.112.82', 'QR Scanner Android', 'Mobile', 'Unknown', 'Android', 'Nigeria', 'Lagos', 6.44740000, 3.39030000, '2026-03-20 16:33:43'),
(12, 13, '190.2.149.91', 'Mozilla/5.0 (Windows NT 10.0; Win64; x64) AppleWebKit/537.36 (KHTML, like Gecko) Chrome/146.0.0.0 Safari/537.36', 'Desktop', 'Chrome', 'Windows', 'Netherlands', 'Naaldwijk', 51.99680000, 4.20570000, '2026-03-20 17:03:54'),
(13, 13, '190.2.149.91', 'Mozilla/5.0 (Windows NT 10.0; Win64; x64) AppleWebKit/537.36 (KHTML, like Gecko) Chrome/146.0.0.0 Safari/537.36', 'Desktop', 'Chrome', 'Windows', 'Netherlands', 'Naaldwijk', 51.99680000, 4.20570000, '2026-03-20 17:04:12'),
(14, 13, '102.88.112.82', 'Mozilla/5.0 (Linux; Android 10; K) AppleWebKit/537.36 (KHTML, like Gecko) Chrome/144.0.0.0 Mobile Safari/537.36', 'Mobile', 'Chrome', 'Linux', 'Nigeria', 'Lagos', 6.44740000, 3.39030000, '2026-03-20 17:09:35'),
(15, 13, '102.91.93.192', 'Mozilla/5.0 (Linux; U; Android 12; TECNO BF6 Build/SP1A.210812.001; wv) AppleWebKit/537.36 (KHTML, like Gecko) Version/4.0 Chrome/145.0.7632.162 Mobile Safari/537.36 OPR/96.0.2254.79777', 'Mobile', 'Chrome', 'Linux', 'Nigeria', 'Funtua', 11.52350000, 7.31174000, '2026-03-21 13:17:09');
INSERT INTO `qr_templates` (`id`, `name`, `description`, `preview_image`, `has_text`, `config_json`, `is_active`, `created_at`, `updated_at`) VALUES
(18, 'SG QR NO LOGO', '', '18.svg', 1, '{\"pattern\":\"square\",\"eyes\":\"rounded\",\"frame\":{\"type\":\"rounded\",\"text\":\"SCAN ME\",\"color\":\"#051357\",\"text_color\":\"#ffffff\",\"text_size\":14,\"bg_enabled\":true,\"bg_color\":\"#252154\"},\"colors\":{\"foreground\":\"#f7f7f7\",\"background\":\"#2f326f\"},\"logo\":{\"enabled\":false,\"size\":0.200000000000000011102230246251565404236316680908203125,\"center_only\":true}}', 1, '2026-03-10 14:44:24', '2026-03-10 15:20:59'),
(19, 'SG QR WITH LOGO', 'SG QR WITH LOGO', '19.svg', 1, '{\"pattern\":\"square\",\"eyes\":\"square\",\"frame\":{\"type\":\"none\",\"text\":\"SCAN ME\",\"color\":\"#000000\",\"text_color\":\"#ffffff\",\"text_size\":14,\"bg_enabled\":true,\"bg_color\":\"#000000\"},\"colors\":{\"foreground\":\"#000000\",\"background\":\"#ffffff\"},\"logo\":{\"enabled\":false,\"size\":0.200000000000000011102230246251565404236316680908203125,\"center_only\":true}}', 1, '2026-03-20 17:08:41', '2026-03-20 17:08:41');
INSERT INTO `restaurants` (`id`, `name`, `slug`, `logo`, `hero_image`, `description`, `phone`, `email`, `address`, `website`, `whatsapp_link`, `instagram_url`, `facebook_url`, `twitter_url`, `enable_food_ordering`, `enable_table_reservations`, `map_latitude`, `map_longitude`, `header_menu_items`, `footer_content`, `manager_email`, `google_rating`, `rating_source`, `template_id`, `is_active`, `available_items_count`, `unavailable_items_count`, `subscription_id`, `created_at`, `updated_at`) VALUES
(2, 'LAVA', 'lava', '69459eb555362.jpg', '69459edb896e3.png', 'Premium dining experience with exquisite cuisine and fine beverages', '+234 800 000 0000', 'info@lava.com', 'LAVA., 5 Adetokunbu Ademola Street, Victoria Island', NULL, '', '', 'https://web.facebook.com/theviewhotellekki', '', 1, 1, NULL, NULL, '[\r\n  {\"label\": \"Menu\", \"url\": \"#menu\"},\r\n  {\"label\": \"Drinks\", \"url\": \"#drinks\"}\r\n]', 'af', 'jamesamaila07@gmail.com', 4.5, 'Google', 3, 1, 65, 0, 1, '2025-12-19 18:43:07', '2026-03-20 14:37:20'),
(3, 'Theview Hotel Lekki', 'theview-hotel', '698ee78360beb.jpg', '698ee783613af.jpg', 'Our restaurant offers the best platters like our very popular Ogazi Platter (Guinea fowl platter), D View Special Platter and Pacific Platter.', '+23490 9091 3608', 'reservations@theviewlekki.com', '1, Godwin Omene Street, Chief Collins Uchidiuno, Off Fola Osibo, Lekki Phase 1, Lagos, Nigeria', NULL, 'https://wa.link/g1n8bq', 'https://www.instagram.com/theviewlekki/', 'https://web.facebook.com/theviewhotellekki', '', 1, 1, NULL, NULL, NULL, 'Our restaurant offers the best platters like our very popular Ogazi Platter (Guinea fowl platter), D View Special Platter and Pacific Platter.', 'reservations@theviewlekki.com', 4.5, 'Google', 6, 1, 229, 0, 2, '2026-02-13 08:57:39', '2026-05-07 12:44:03'),
(4, 'NOSTALGIA', 'nostalgia-menu', '6a03d7489f311.png', '6a045d414dc91.jpg', '', '+234 911 311 9337', 'info@nostalgialagos.com', '88 Hakeem Dickson Road, Lekki Phase 1', NULL, '', 'https://www.instagram.com/vcphotels/?hl=en', '', '', 0, 0, NULL, NULL, NULL, 'A Fusion of Culture, Style & Vibrant Nights.  \r\n  Offers both Dine-in and Take-out options.  \r\n    \r\n  ## Operating Hours  \r\n     Open: Tuesdays through Sundays, from 12:00 PM (noon) to 3:00 AM.  \r\n     Closed: Mondays.  \r\n     Sunday Brunch: Available from 12:00 PM (noon) to 4:30 PM.  \r\n\r\n    \r\n  ## Contact & Location   \r\n     Address: 88 Hakeem Dickson Road, Lekki Phase 1, Lagos, Nigeria 105102.', 'admin@nostalgia.our-menu.online', 4.5, 'Google', 18, 1, 167, 0, 3, '2026-03-03 23:30:50', '2026-05-14 12:13:21'),
(13, 'Café De Bourgeois', 'the-lusso-restaurant', '69b4163236007.jpg', '69b41a5c8e5f6.jpg', 'The lusso hotel abuja', '', 'restaurant@lussohotelsabuja.com', '33 Usuma St, Maitama, Abuja 904101, Federal Capital Territory', NULL, '', '', '', '', 1, 1, NULL, NULL, NULL, '', 'restaurant@lussohotelsabuja.com', 4.5, 'Google', 6, 1, 307, 0, 12, '2026-03-12 23:11:27', '2026-05-04 11:42:14'),
(19, 'OPAL CAFE MENU', 'opal-cafe-menu', '6a0ba93b65798.webp', '6a0baa10d3d27.jpg', 'Cafe', '2349024262089', 'opallagos1@gmail.com', 'No 5 Adetukunbo Ademola Victoria Island, Lagos', NULL, '', '', '', '', 0, 0, NULL, NULL, NULL, '', 'opallagos1@gmail.com', 4.5, 'Google', 4, 1, 314, 0, 18, '2026-04-06 17:01:14', '2026-05-19 01:07:13'),
(20, 'Swiss The Vistana', 'swiss-the-vistana', '6a0c50796a8ff.png', '6a0c50148e149.webp', '', '09168340156', 'it.vistana@swissinternationalhotels.com', '', NULL, '', 'https://l.instagram.com/', '', '', 0, 0, NULL, NULL, NULL, '', 'it.vistana@swissinternationalhotels.com', 5.0, 'Google', 4, 1, 372, 0, 19, '2026-04-28 20:07:22', '2026-05-19 11:58:49'),
(21, 'Ellipse Hotels', 'ellipse-hotels', '6a06e916909bc.jpg', NULL, 'Luxury and Comfort Redefined', '08109453960', 'ellipsehotelslagos@gmail.com', 'N0 31 Shola Adewumi Street, Bucknor Ejigbo Lagos State', NULL, '', '', '', '', 0, 1, NULL, NULL, NULL, '', 'ellipsehotelslagos@gmail.com', 4.5, 'Google', 1, 1, 0, 0, 20, '2026-05-09 17:25:57', '2026-05-15 09:36:22'),
(25, 'The Mania House', 'the-mania-house', '6a0a2610c2af8.png', '6a06635db76a9.jpg', 'Victoria Island Lagos', '08144258984', 'admin@maniahouse.our-menu.online', '25a Gafari Animashaun St, Victoria Island, Lagos 101241, Lagos', NULL, '', 'https://www.instagram.com/themaniahouse/?hl=en', '', '', 1, 0, NULL, NULL, NULL, '', 'admin@maniahouse.our-menu.online', 4.5, 'Google', 16, 1, 252, 0, 24, '2026-05-14 14:20:15', '2026-05-17 20:33:20'),
(26, 'Salt And Social', 'salt-and-social', '6a0a3848c49e1.webp', NULL, 'Our menu is a celebration of classic favorites, from juicy burgers and sizzling steaks to mouthwatering pizzas', '09083338888', 'admin@saltandsocial.our-menu.online', '2a Admiralty Wy, Lekki Phase 1, Lagos 105102, Lagos', NULL, '', 'https://www.instagram.com/s.a.l.t.s.o.c.i.a.l/', '', '', 0, 0, NULL, NULL, NULL, '', 'admin@saltandsocial.our-menu.online', 4.5, 'Google', 10, 1, 189, 0, 25, '2026-05-17 21:04:00', '2026-05-18 15:31:14'),
(27, 'Vendome Cafe\'s Menu', 'vendome-cafe-s-menu', NULL, NULL, '', '', 'admin@vendomecafe.our-menu.online', '', NULL, '', '', '', '', 0, 0, NULL, NULL, NULL, NULL, 'admin@vendomecafe.our-menu.online', 4.5, 'Google', 1, 1, 0, 0, 26, '2026-05-19 12:18:11', '2026-05-19 12:22:02');
INSERT INTO `restaurant_payment_settings` (`id`, `restaurant_id`, `gateway`, `is_active`, `test_mode`, `public_key_test`, `secret_key_test`, `webhook_secret_test`, `public_key_live`, `secret_key_live`, `webhook_secret_live`, `bank_name`, `account_number`, `account_name`, `created_at`, `updated_at`) VALUES
(1, 2, 'bank_transfer', 1, 1, NULL, NULL, NULL, NULL, NULL, NULL, 'access bank', '82478658248475', 'Lava Fly', '2026-02-09 17:46:32', '2026-03-12 19:59:01'),
(2, 2, 'paystack', 1, 0, '', NULL, '', '', '2wFU5zuDj4i0Tppls2j1fjo6K2w2YUhLNXBvS2YyVzdIdFJlTHE3ZXRjMEV2R2RTZDhqVzk2eUtoNHl2aHRRZGRaZTVLR1JrbHJiTlVtVVE3ZXNSMkZzZ3lWdTh5aVppWUc3aGJmWUE9PQ==', '', NULL, NULL, NULL, '2026-02-10 17:30:59', '2026-02-14 10:23:24'),
(3, 3, 'bank_transfer', 1, 1, NULL, NULL, NULL, NULL, NULL, NULL, 'Monie point', '5834952438', 'Balcony regency suite', '2026-02-13 11:26:32', '2026-02-13 11:26:32');
INSERT INTO `restaurant_qr_codes` (`id`, `restaurant_id`, `qr_template_id`, `override_json`, `final_config_json`, `background_color`, `qr_color`, `text_content`, `text_color`, `text_size`, `text_font`, `qr_size`, `margin`, `is_active`, `created_at`, `updated_at`) VALUES
(2, 2, NULL, '{\"colors\":{\"foreground\":\"#000000\",\"background\":\"#ffffff\"},\"text_content\":\"\",\"text_color\":\"#000000\",\"text_size\":16}', '{\"pattern\":\"dots\",\"eyes\":\"rounded\",\"frame\":{\"type\":\"square\",\"text\":\"SCAN ME\",\"color\":\"#000000\",\"text_color\":\"#ffffff\",\"text_size\":14,\"bg_enabled\":true,\"bg_color\":\"#000000\"},\"colors\":{\"foreground\":\"#000000\",\"background\":\"#ffffff\"},\"logo\":{\"enabled\":true,\"size\":0.1499999999999999944488848768742172978818416595458984375,\"center_only\":true}}', '#ffffff', '#000000', '', '#000000', 16, 'Arial', 300, 20, 1, '2025-12-22 18:18:47', '2026-03-16 09:40:42'),
(27, 3, 18, NULL, '{\"pattern\":\"square\",\"eyes\":\"rounded\",\"frame\":{\"type\":\"rounded\",\"text\":\"SCAN ME\",\"color\":\"#051357\",\"text_color\":\"#ffffff\",\"text_size\":14,\"bg_enabled\":true,\"bg_color\":\"#252154\"},\"colors\":{\"foreground\":\"#f7f7f7\",\"background\":\"#2f326f\"},\"logo\":{\"enabled\":false,\"size\":0.200000000000000011102230246251565404236316680908203125,\"center_only\":true}}', '#FFFFFF', '#000000', 'Scan to view menu', '#000000', 16, 'Arial', 300, 20, 1, '2026-03-10 14:39:22', '2026-03-10 16:03:43'),
(36, 13, 19, NULL, '{\"pattern\":\"square\",\"eyes\":\"square\",\"frame\":{\"type\":\"none\",\"text\":\"SCAN ME\",\"color\":\"#000000\",\"text_color\":\"#ffffff\",\"text_size\":14,\"bg_enabled\":true,\"bg_color\":\"#000000\"},\"colors\":{\"foreground\":\"#000000\",\"background\":\"#ffffff\"},\"logo\":{\"enabled\":false,\"size\":0.200000000000000011102230246251565404236316680908203125,\"center_only\":true}}', '#FFFFFF', '#000000', 'Scan to view menu', '#000000', 16, 'Arial', 300, 20, 1, '2026-03-12 23:11:55', '2026-03-20 17:08:59'),
(44, 19, NULL, NULL, NULL, '#FFFFFF', '#000000', 'Scan to view menu', '#000000', 16, 'Arial', 300, 20, 1, '2026-04-06 17:20:24', '2026-04-06 17:20:24'),
(45, 20, NULL, NULL, NULL, '#FFFFFF', '#000000', 'Scan to view menu', '#000000', 16, 'Arial', 300, 20, 1, '2026-04-28 20:08:30', '2026-04-28 20:08:30'),
(46, 21, 19, NULL, '{\"pattern\":\"square\",\"eyes\":\"square\",\"frame\":{\"type\":\"none\",\"text\":\"SCAN ME\",\"color\":\"#000000\",\"text_color\":\"#ffffff\",\"text_size\":14,\"bg_enabled\":true,\"bg_color\":\"#000000\"},\"colors\":{\"foreground\":\"#000000\",\"background\":\"#ffffff\"},\"logo\":{\"enabled\":false,\"size\":0.200000000000000011102230246251565404236316680908203125,\"center_only\":true}}', '#FFFFFF', '#000000', 'Scan to view menu', '#000000', 16, 'Arial', 300, 20, 1, '2026-05-10 15:07:51', '2026-05-10 15:09:59');
INSERT INTO `restaurant_reservation_settings` (`id`, `restaurant_id`, `deposit_amount`, `created_at`, `updated_at`) VALUES
(1, 2, 25000.00, '2026-02-12 04:52:44', '2026-03-12 17:26:28'),
(2, 3, 2000.00, '2026-02-13 11:34:30', '2026-03-12 14:44:23'),
(6, 13, 5000.00, '2026-03-14 18:25:58', '2026-03-14 18:25:58');
INSERT INTO `sections` (`id`, `restaurant_id`, `name`, `slug`, `image`, `display_order`, `is_active`, `created_at`, `updated_at`) VALUES
(1, 2, 'General', 'general', NULL, 1, 1, '2026-03-13 01:58:22', '2026-03-13 01:58:22'),
(2, 3, 'General', 'general', NULL, 5, 1, '2026-03-13 01:58:22', '2026-03-13 02:20:56'),
(10, 3, 'FOOD', 'food', NULL, 1, 1, '2026-03-13 02:20:39', '2026-03-13 02:34:20'),
(11, 3, 'DRINKS', 'drinks', NULL, 2, 1, '2026-03-13 02:20:56', '2026-03-13 02:34:20'),
(12, 13, 'In-Room Dinning', 'in-room-dinning', '69b47d5582598.jpg', 2, 1, '2026-03-13 09:42:21', '2026-03-20 13:26:36'),
(13, 13, 'À La Carte Menu', 'a-la-carte-menu', NULL, 1, 1, '2026-03-13 10:13:02', '2026-03-13 10:14:12'),
(14, 13, 'Drinks', 'drinks', NULL, 3, 1, '2026-03-14 17:42:54', '2026-03-14 17:43:53'),
(18, 4, 'Food Menu', 'food-menu', '6a03d58aa458b.webp', 1, 1, '2026-05-13 01:27:51', '2026-05-13 01:36:10'),
(19, 4, 'Drink Menu', 'drink-menu', '6a045f3fc2b51.webp', 2, 1, '2026-05-13 01:27:51', '2026-05-13 11:23:43'),
(20, 4, 'Brunch Menu', 'brunch-menu', NULL, 3, 1, '2026-05-13 01:27:51', '2026-05-13 01:27:51'),
(21, 4, 'Shisha Menu', 'shisha-menu', NULL, 4, 1, '2026-05-13 01:27:51', '2026-05-13 01:27:51'),
(22, 21, 'Food Menu', 'food-menu', NULL, 2, 1, '2026-05-13 18:58:05', '2026-05-13 18:59:00'),
(23, 21, 'Drink Menu', 'drink-menu', NULL, 1, 1, '2026-05-13 18:59:00', '2026-05-13 18:59:00'),
(26, 25, 'WING MANIA', 'wing-mania', '6a0661d54bc83.webp', 1, 1, '2026-05-14 22:48:10', '2026-05-14 23:59:17'),
(27, 25, 'MANIA BRUNCH', 'mania-brunch', '6a066233d7d61.webp', 2, 1, '2026-05-14 22:48:10', '2026-05-15 00:00:51'),
(28, 25, 'HOOKAH MANIA', 'hookah-mania', '6a0666ea82b91.webp', 3, 1, '2026-05-14 22:48:10', '2026-05-15 00:20:58'),
(29, 26, 'Food Menu', 'food-menu', '6a0a38be1043e.webp', 1, 1, '2026-05-17 21:36:14', '2026-05-17 21:53:02'),
(30, 26, 'Drinks Menu', 'drink-menu', '6a0a38d0255ef.webp', 2, 1, '2026-05-17 21:36:14', '2026-05-17 21:53:20'),
(31, 19, 'Food Menu', 'food-menu', '6a0baf965f3c8.jpg', 1, 1, '2026-05-19 00:02:52', '2026-05-19 00:32:22'),
(32, 19, 'Drinks Menu', 'drink-menu', '6a0baf9fcc23d.jpg', 3, 1, '2026-05-19 00:02:52', '2026-05-19 00:32:31'),
(33, 20, 'Swiss Flavour', 'food-menu', NULL, 1, 1, '2026-05-19 01:47:10', '2026-05-19 01:47:10'),
(34, 20, 'Ted & Co', 'drink-menu', NULL, 2, 1, '2026-05-19 01:47:10', '2026-05-19 01:47:10');
INSERT INTO `site_settings` (`id`, `site_name`, `site_logo`, `favicon`, `contact_sales_email`, `contact_sales_phone`, `contact_support_email`, `contact_support_phone`, `contact_partners_email`, `contact_form_recipient`, `contact_hq_title`, `contact_hq_address`, `contact_map_embed`, `contact_social_facebook`, `contact_social_twitter`, `contact_social_instagram`, `created_at`, `updated_at`) VALUES
(1, 'Resmenu', '69a96b49c1b02.png', '69a96b49c1e53.jpg', 'sales@resmenu.net', '+234 RES MENU', 'support@resmenu.net', '', 'partners@resmenu.net', 'info@resmenu.net', 'Laagos HQ', 'Ogombo Road\r\nCitadel view Estate along Ogumbo Road Off Abraham Adesayan', '', 'https://our-menu.online/admin/settings.php', 'https://our-menu.online/admin/settings.php', 'https://our-menu.online/admin/settings.php', '2026-02-12 23:18:09', '2026-03-05 12:31:05');
INSERT INTO `subscriptions` (`id`, `restaurant_id`, `plan_id`, `billing_cycle`, `status`, `trial_ends_at`, `current_period_start`, `current_period_end`, `cancelled_at`, `created_at`, `updated_at`) VALUES
(1, 2, 3, 'monthly', 'active', NULL, '2026-03-08 20:39:58', '2026-05-08 20:39:58', NULL, '2025-12-24 03:13:58', '2026-03-15 13:30:08'),
(2, 3, 3, 'monthly', 'active', '2026-02-20 08:57:39', '2026-03-07 20:46:55', '2026-05-07 20:46:55', NULL, '2026-02-13 08:57:39', '2026-03-15 13:30:04'),
(3, 4, 3, 'monthly', 'trial', '2026-06-12 00:14:50', NULL, NULL, NULL, '2026-03-03 23:30:50', '2026-05-13 00:14:50'),
(12, 13, 3, 'monthly', 'trial', '2026-05-18 23:11:27', NULL, '2026-07-13 13:29:58', NULL, '2026-03-12 23:11:27', '2026-03-19 16:52:40'),
(18, 19, 2, 'annual', 'active', '2026-04-13 17:01:14', '2026-04-06 17:18:09', '2027-04-06 17:18:09', NULL, '2026-04-06 17:01:14', '2026-04-06 17:18:09'),
(19, 20, 3, 'monthly', 'trial', '2026-06-18 01:48:53', NULL, NULL, NULL, '2026-04-28 20:07:22', '2026-05-19 01:48:53'),
(20, 21, 3, 'monthly', 'trial', '2026-05-16 17:25:57', NULL, NULL, NULL, '2026-05-09 17:25:57', '2026-05-09 17:25:57'),
(24, 25, 3, 'monthly', 'trial', '2026-05-21 14:20:15', NULL, NULL, NULL, '2026-05-14 14:20:15', '2026-05-14 14:20:15'),
(25, 26, 3, 'monthly', 'trial', '2026-05-24 21:04:00', NULL, NULL, NULL, '2026-05-17 21:04:00', '2026-05-17 21:04:00'),
(26, 27, 3, 'monthly', 'trial', '2026-05-26 12:18:11', NULL, NULL, NULL, '2026-05-19 12:18:11', '2026-05-19 12:18:11');
INSERT INTO `subscription_plans` (`id`, `name`, `slug`, `description`, `monthly_price`, `annual_price`, `yearly_discount_percent`, `max_categories`, `max_menu_items`, `max_qr_styles`, `max_templates`, `features`, `is_active`, `display_order`, `created_at`, `updated_at`) VALUES
(1, 'Basic', 'basic', 'Perfect for small restaurants just getting started with digital menus.', 8000.00, 62400.00, 35.00, 20, 150, 5, 5, '{\"priority_support\":false,\"custom_domain\":false,\"analytics_advanced\":false,\"food_ordering\":false,\"table_reservations\":false}', 1, 1, '2025-12-24 02:38:31', '2026-05-18 13:57:44'),
(2, 'Professional', 'professional', 'Ideal for growing restaurants with multiple menu categories.', 15500.00, 120900.00, 35.00, 50, 300, 7, 7, '{\"priority_support\":true,\"custom_domain\":false,\"analytics_advanced\":true,\"food_ordering\":true,\"table_reservations\":true}', 1, 2, '2025-12-24 02:38:31', '2026-05-18 13:58:06'),
(3, 'Enterprise', 'enterprise', 'Full-featured solution for large restaurants and chains.', 25700.00, 200460.00, 35.00, -1, -1, -1, -1, '{\"priority_support\": true, \"custom_domain\": true, \"analytics_advanced\": true, \"food_ordering\": true, \"table_reservations\": true}', 1, 3, '2025-12-24 02:38:31', '2026-03-13 01:58:22');
INSERT INTO `table_inventory_daily` (`id`, `restaurant_id`, `inventory_date`, `total_tables`, `created_at`, `updated_at`) VALUES
(1, 2, '2026-02-25', 10, '2026-02-12 22:10:57', '2026-02-12 22:49:21'),
(3, 2, '2026-02-19', 59, '2026-02-12 22:55:24', '2026-02-12 22:55:24'),
(4, 2, '2026-02-20', 59, '2026-02-12 22:55:24', '2026-02-12 22:55:24'),
(5, 2, '2026-02-21', 59, '2026-02-12 22:55:24', '2026-02-12 22:55:24'),
(6, 2, '2026-02-22', 59, '2026-02-12 22:55:24', '2026-02-12 22:55:24'),
(7, 2, '2026-03-01', 10, '2026-03-12 18:32:20', '2026-03-12 18:32:20'),
(8, 2, '2026-03-02', 10, '2026-03-12 18:32:20', '2026-03-12 18:32:20'),
(9, 2, '2026-03-03', 10, '2026-03-12 18:32:20', '2026-03-12 18:32:20'),
(10, 2, '2026-03-04', 10, '2026-03-12 18:32:20', '2026-03-12 18:32:20'),
(11, 2, '2026-03-05', 10, '2026-03-12 18:32:20', '2026-03-12 18:32:20'),
(12, 2, '2026-03-06', 10, '2026-03-12 18:32:20', '2026-03-12 18:32:20'),
(13, 2, '2026-03-07', 10, '2026-03-12 18:32:20', '2026-03-12 18:32:20'),
(14, 2, '2026-03-08', 10, '2026-03-12 18:32:20', '2026-03-12 18:32:20'),
(15, 2, '2026-03-09', 10, '2026-03-12 18:32:20', '2026-03-12 18:32:20'),
(16, 2, '2026-03-10', 10, '2026-03-12 18:32:20', '2026-03-12 18:32:20'),
(17, 2, '2026-03-11', 10, '2026-03-12 18:32:20', '2026-03-12 18:32:20'),
(18, 2, '2026-03-12', 10, '2026-03-12 18:32:20', '2026-03-12 18:32:20'),
(19, 2, '2026-03-13', 10, '2026-03-12 18:32:20', '2026-03-12 18:32:20'),
(20, 2, '2026-03-14', 10, '2026-03-12 18:32:20', '2026-03-12 18:32:20'),
(21, 2, '2026-03-15', 10, '2026-03-12 18:32:20', '2026-03-12 18:32:20'),
(22, 2, '2026-03-16', 10, '2026-03-12 18:32:20', '2026-03-12 18:32:20'),
(23, 2, '2026-03-17', 10, '2026-03-12 18:32:20', '2026-03-12 18:32:20'),
(24, 2, '2026-03-18', 10, '2026-03-12 18:32:20', '2026-03-12 18:32:20'),
(25, 2, '2026-03-19', 10, '2026-03-12 18:32:20', '2026-03-12 18:32:20'),
(26, 2, '2026-03-20', 10, '2026-03-12 18:32:20', '2026-03-12 18:32:20'),
(27, 2, '2026-03-21', 10, '2026-03-12 18:32:20', '2026-03-12 18:32:20'),
(28, 2, '2026-03-22', 10, '2026-03-12 18:32:20', '2026-03-12 18:32:20'),
(29, 2, '2026-03-23', 10, '2026-03-12 18:32:20', '2026-03-12 18:32:20'),
(30, 2, '2026-03-24', 10, '2026-03-12 18:32:20', '2026-03-12 18:32:20'),
(31, 2, '2026-03-25', 10, '2026-03-12 18:32:20', '2026-03-12 18:32:20'),
(32, 2, '2026-03-26', 10, '2026-03-12 18:32:20', '2026-03-12 18:32:20'),
(33, 2, '2026-03-27', 10, '2026-03-12 18:32:20', '2026-03-12 18:32:20'),
(34, 2, '2026-03-28', 10, '2026-03-12 18:32:20', '2026-03-12 18:32:20'),
(35, 2, '2026-03-29', 10, '2026-03-12 18:32:20', '2026-03-12 18:32:20'),
(36, 2, '2026-03-30', 10, '2026-03-12 18:32:20', '2026-03-12 18:32:20'),
(37, 2, '2026-03-31', 10, '2026-03-12 18:32:20', '2026-03-12 18:32:20'),
(38, 2, '2026-04-01', 10, '2026-03-12 18:32:20', '2026-03-12 18:32:20'),
(39, 2, '2026-04-02', 10, '2026-03-12 18:32:20', '2026-03-12 18:32:20'),
(40, 2, '2026-04-03', 10, '2026-03-12 18:32:20', '2026-03-12 18:32:20'),
(41, 2, '2026-04-04', 10, '2026-03-12 18:32:20', '2026-03-12 18:32:20'),
(42, 2, '2026-04-05', 10, '2026-03-12 18:32:20', '2026-03-12 18:32:20'),
(43, 2, '2026-04-06', 10, '2026-03-12 18:32:20', '2026-03-12 18:32:20'),
(44, 2, '2026-04-07', 10, '2026-03-12 18:32:20', '2026-03-12 18:32:20'),
(45, 2, '2026-04-08', 10, '2026-03-12 18:32:20', '2026-03-12 18:32:20'),
(46, 2, '2026-04-09', 10, '2026-03-12 18:32:20', '2026-03-12 18:32:20'),
(47, 2, '2026-04-10', 10, '2026-03-12 18:32:20', '2026-03-12 18:32:20'),
(48, 2, '2026-04-11', 10, '2026-03-12 18:32:20', '2026-03-12 18:32:20'),
(49, 2, '2026-04-12', 10, '2026-03-12 18:32:20', '2026-03-12 18:32:20'),
(50, 2, '2026-04-13', 10, '2026-03-12 18:32:20', '2026-03-12 18:32:20'),
(51, 2, '2026-04-14', 10, '2026-03-12 18:32:20', '2026-03-12 18:32:20'),
(52, 2, '2026-04-15', 10, '2026-03-12 18:32:20', '2026-03-12 18:32:20'),
(53, 2, '2026-04-16', 10, '2026-03-12 18:32:20', '2026-03-12 18:32:20'),
(54, 2, '2026-04-17', 10, '2026-03-12 18:32:20', '2026-03-12 18:32:20'),
(55, 2, '2026-04-18', 10, '2026-03-12 18:32:20', '2026-03-12 18:32:20'),
(56, 2, '2026-04-19', 10, '2026-03-12 18:32:20', '2026-03-12 18:32:20'),
(57, 2, '2026-04-20', 10, '2026-03-12 18:32:20', '2026-03-12 18:32:20'),
(58, 2, '2026-04-21', 10, '2026-03-12 18:32:20', '2026-03-12 18:32:20'),
(59, 2, '2026-04-22', 10, '2026-03-12 18:32:20', '2026-03-12 18:32:20'),
(60, 2, '2026-04-23', 10, '2026-03-12 18:32:20', '2026-03-12 18:32:20'),
(61, 2, '2026-04-24', 10, '2026-03-12 18:32:20', '2026-03-12 18:32:20'),
(62, 2, '2026-04-25', 10, '2026-03-12 18:32:20', '2026-03-12 18:32:20'),
(63, 2, '2026-04-26', 10, '2026-03-12 18:32:20', '2026-03-12 18:32:20'),
(64, 2, '2026-04-27', 10, '2026-03-12 18:32:20', '2026-03-12 18:32:20'),
(65, 2, '2026-04-28', 10, '2026-03-12 18:32:20', '2026-03-12 18:32:20'),
(66, 2, '2026-04-29', 10, '2026-03-12 18:32:20', '2026-03-12 18:32:20'),
(67, 2, '2026-04-30', 10, '2026-03-12 18:32:20', '2026-03-12 18:32:20'),
(68, 2, '2026-05-01', 10, '2026-03-12 18:32:20', '2026-03-12 18:32:20'),
(69, 2, '2026-05-02', 10, '2026-03-12 18:32:20', '2026-03-12 18:32:20'),
(70, 2, '2026-05-03', 10, '2026-03-12 18:32:20', '2026-03-12 18:32:20'),
(71, 2, '2026-05-04', 10, '2026-03-12 18:32:20', '2026-03-12 18:32:20'),
(72, 2, '2026-05-05', 10, '2026-03-12 18:32:20', '2026-03-12 18:32:20'),
(73, 2, '2026-05-06', 10, '2026-03-12 18:32:20', '2026-03-12 18:32:20'),
(74, 2, '2026-05-07', 10, '2026-03-12 18:32:20', '2026-03-12 18:32:20'),
(75, 2, '2026-05-08', 10, '2026-03-12 18:32:20', '2026-03-12 18:32:20'),
(76, 2, '2026-05-09', 10, '2026-03-12 18:32:20', '2026-03-12 18:32:20'),
(77, 2, '2026-05-10', 10, '2026-03-12 18:32:20', '2026-03-12 18:32:20'),
(78, 2, '2026-05-11', 10, '2026-03-12 18:32:20', '2026-03-12 18:32:20'),
(79, 2, '2026-05-12', 10, '2026-03-12 18:32:20', '2026-03-12 18:32:20'),
(80, 2, '2026-05-13', 10, '2026-03-12 18:32:20', '2026-03-12 18:32:20'),
(81, 2, '2026-05-14', 10, '2026-03-12 18:32:20', '2026-03-12 18:32:20'),
(82, 2, '2026-05-15', 10, '2026-03-12 18:32:20', '2026-03-12 18:32:20'),
(83, 2, '2026-05-16', 10, '2026-03-12 18:32:20', '2026-03-12 18:32:20'),
(84, 2, '2026-05-17', 10, '2026-03-12 18:32:20', '2026-03-12 18:32:20'),
(85, 2, '2026-05-18', 10, '2026-03-12 18:32:20', '2026-03-12 18:32:20'),
(86, 2, '2026-05-19', 10, '2026-03-12 18:32:20', '2026-03-12 18:32:20'),
(87, 2, '2026-05-20', 10, '2026-03-12 18:32:20', '2026-03-12 18:32:20'),
(88, 2, '2026-05-21', 10, '2026-03-12 18:32:20', '2026-03-12 18:32:20'),
(89, 2, '2026-05-22', 10, '2026-03-12 18:32:20', '2026-03-12 18:32:20'),
(90, 2, '2026-05-23', 10, '2026-03-12 18:32:20', '2026-03-12 18:32:20'),
(91, 2, '2026-05-24', 10, '2026-03-12 18:32:20', '2026-03-12 18:32:20'),
(92, 2, '2026-05-25', 10, '2026-03-12 18:32:20', '2026-03-12 18:32:20'),
(93, 2, '2026-05-26', 10, '2026-03-12 18:32:20', '2026-03-12 18:32:20'),
(94, 2, '2026-05-27', 10, '2026-03-12 18:32:20', '2026-03-12 18:32:20'),
(95, 2, '2026-05-28', 10, '2026-03-12 18:32:20', '2026-03-12 18:32:20'),
(96, 2, '2026-05-29', 10, '2026-03-12 18:32:20', '2026-03-12 18:32:20'),
(97, 2, '2026-05-30', 10, '2026-03-12 18:32:20', '2026-03-12 18:32:20'),
(98, 2, '2026-05-31', 10, '2026-03-12 18:32:20', '2026-03-12 18:32:20'),
(99, 2, '2026-06-01', 10, '2026-03-12 18:32:20', '2026-03-12 18:32:20'),
(100, 2, '2026-06-02', 10, '2026-03-12 18:32:20', '2026-03-12 18:32:20'),
(101, 2, '2026-06-03', 10, '2026-03-12 18:32:20', '2026-03-12 18:32:20'),
(102, 2, '2026-06-04', 10, '2026-03-12 18:32:20', '2026-03-12 18:32:20'),
(103, 2, '2026-06-05', 10, '2026-03-12 18:32:20', '2026-03-12 18:32:20'),
(104, 2, '2026-06-06', 10, '2026-03-12 18:32:20', '2026-03-12 18:32:20'),
(105, 2, '2026-06-07', 10, '2026-03-12 18:32:20', '2026-03-12 18:32:20'),
(106, 2, '2026-06-08', 10, '2026-03-12 18:32:20', '2026-03-12 18:32:20'),
(107, 2, '2026-06-09', 10, '2026-03-12 18:32:20', '2026-03-12 18:32:20'),
(108, 2, '2026-06-10', 10, '2026-03-12 18:32:20', '2026-03-12 18:32:20'),
(109, 2, '2026-06-11', 10, '2026-03-12 18:32:20', '2026-03-12 18:32:20'),
(110, 2, '2026-06-12', 10, '2026-03-12 18:32:20', '2026-03-12 18:32:20'),
(111, 2, '2026-06-13', 10, '2026-03-12 18:32:20', '2026-03-12 18:32:20'),
(112, 2, '2026-06-14', 10, '2026-03-12 18:32:20', '2026-03-12 18:32:20'),
(113, 2, '2026-06-15', 10, '2026-03-12 18:32:20', '2026-03-12 18:32:20'),
(114, 2, '2026-06-16', 10, '2026-03-12 18:32:20', '2026-03-12 18:32:20'),
(115, 2, '2026-06-17', 10, '2026-03-12 18:32:20', '2026-03-12 18:32:20'),
(116, 2, '2026-06-18', 10, '2026-03-12 18:32:20', '2026-03-12 18:32:20'),
(117, 2, '2026-06-19', 10, '2026-03-12 18:32:20', '2026-03-12 18:32:20'),
(118, 2, '2026-06-20', 10, '2026-03-12 18:32:20', '2026-03-12 18:32:20'),
(119, 2, '2026-06-21', 10, '2026-03-12 18:32:20', '2026-03-12 18:32:20'),
(120, 2, '2026-06-22', 10, '2026-03-12 18:32:20', '2026-03-12 18:32:20'),
(121, 2, '2026-06-23', 10, '2026-03-12 18:32:20', '2026-03-12 18:32:20'),
(122, 2, '2026-06-24', 10, '2026-03-12 18:32:20', '2026-03-12 18:32:20'),
(123, 2, '2026-06-25', 10, '2026-03-12 18:32:20', '2026-03-12 18:32:20'),
(124, 2, '2026-06-26', 10, '2026-03-12 18:32:20', '2026-03-12 18:32:20'),
(125, 2, '2026-06-27', 10, '2026-03-12 18:32:20', '2026-03-12 18:32:20'),
(126, 2, '2026-06-28', 10, '2026-03-12 18:32:20', '2026-03-12 18:32:20'),
(127, 2, '2026-06-29', 10, '2026-03-12 18:32:20', '2026-03-12 18:32:20'),
(128, 2, '2026-06-30', 10, '2026-03-12 18:32:20', '2026-03-12 18:32:20'),
(129, 2, '2026-07-01', 10, '2026-03-12 18:32:20', '2026-03-12 18:32:20'),
(130, 2, '2026-07-02', 10, '2026-03-12 18:32:20', '2026-03-12 18:32:20'),
(131, 2, '2026-07-03', 10, '2026-03-12 18:32:20', '2026-03-12 18:32:20'),
(132, 2, '2026-07-04', 10, '2026-03-12 18:32:20', '2026-03-12 18:32:20'),
(133, 2, '2026-07-05', 10, '2026-03-12 18:32:20', '2026-03-12 18:32:20'),
(134, 2, '2026-07-06', 10, '2026-03-12 18:32:20', '2026-03-12 18:32:20'),
(135, 2, '2026-07-07', 10, '2026-03-12 18:32:20', '2026-03-12 18:32:20'),
(136, 2, '2026-07-08', 10, '2026-03-12 18:32:20', '2026-03-12 18:32:20'),
(137, 2, '2026-07-09', 10, '2026-03-12 18:32:20', '2026-03-12 18:32:20'),
(138, 2, '2026-07-10', 10, '2026-03-12 18:32:20', '2026-03-12 18:32:20'),
(139, 2, '2026-07-11', 10, '2026-03-12 18:32:20', '2026-03-12 18:32:20'),
(140, 2, '2026-07-12', 10, '2026-03-12 18:32:20', '2026-03-12 18:32:20'),
(141, 2, '2026-07-13', 10, '2026-03-12 18:32:20', '2026-03-12 18:32:20'),
(142, 2, '2026-07-14', 10, '2026-03-12 18:32:20', '2026-03-12 18:32:20'),
(143, 2, '2026-07-15', 10, '2026-03-12 18:32:20', '2026-03-12 18:32:20'),
(144, 2, '2026-07-16', 10, '2026-03-12 18:32:20', '2026-03-12 18:32:20'),
(145, 2, '2026-07-17', 10, '2026-03-12 18:32:20', '2026-03-12 18:32:20'),
(146, 2, '2026-07-18', 10, '2026-03-12 18:32:20', '2026-03-12 18:32:20'),
(147, 2, '2026-07-19', 10, '2026-03-12 18:32:20', '2026-03-12 18:32:20'),
(148, 2, '2026-07-20', 10, '2026-03-12 18:32:20', '2026-03-12 18:32:20'),
(149, 2, '2026-07-21', 10, '2026-03-12 18:32:20', '2026-03-12 18:32:20'),
(150, 2, '2026-07-22', 10, '2026-03-12 18:32:20', '2026-03-12 18:32:20'),
(151, 2, '2026-07-23', 10, '2026-03-12 18:32:20', '2026-03-12 18:32:20'),
(152, 2, '2026-07-24', 10, '2026-03-12 18:32:20', '2026-03-12 18:32:20'),
(153, 2, '2026-07-25', 10, '2026-03-12 18:32:20', '2026-03-12 18:32:20'),
(154, 2, '2026-07-26', 10, '2026-03-12 18:32:20', '2026-03-12 18:32:20'),
(155, 2, '2026-07-27', 10, '2026-03-12 18:32:20', '2026-03-12 18:32:20'),
(156, 2, '2026-07-28', 10, '2026-03-12 18:32:20', '2026-03-12 18:32:20'),
(157, 2, '2026-07-29', 10, '2026-03-12 18:32:20', '2026-03-12 18:32:20'),
(158, 2, '2026-07-30', 10, '2026-03-12 18:32:20', '2026-03-12 18:32:20'),
(159, 2, '2026-07-31', 10, '2026-03-12 18:32:20', '2026-03-12 18:32:20'),
(160, 2, '2026-08-01', 10, '2026-03-12 18:32:20', '2026-03-12 18:32:20'),
(161, 2, '2026-08-02', 10, '2026-03-12 18:32:20', '2026-03-12 18:32:20'),
(162, 2, '2026-08-03', 10, '2026-03-12 18:32:20', '2026-03-12 18:32:20'),
(163, 2, '2026-08-04', 10, '2026-03-12 18:32:20', '2026-03-12 18:32:20'),
(164, 2, '2026-08-05', 10, '2026-03-12 18:32:20', '2026-03-12 18:32:20'),
(165, 2, '2026-08-06', 10, '2026-03-12 18:32:20', '2026-03-12 18:32:20'),
(166, 2, '2026-08-07', 10, '2026-03-12 18:32:20', '2026-03-12 18:32:20'),
(167, 2, '2026-08-08', 10, '2026-03-12 18:32:20', '2026-03-12 18:32:20'),
(168, 2, '2026-08-09', 10, '2026-03-12 18:32:20', '2026-03-12 18:32:20'),
(169, 2, '2026-08-10', 10, '2026-03-12 18:32:20', '2026-03-12 18:32:20'),
(170, 2, '2026-08-11', 10, '2026-03-12 18:32:20', '2026-03-12 18:32:20'),
(171, 2, '2026-08-12', 10, '2026-03-12 18:32:20', '2026-03-12 18:32:20'),
(172, 2, '2026-08-13', 10, '2026-03-12 18:32:20', '2026-03-12 18:32:20'),
(173, 2, '2026-08-14', 10, '2026-03-12 18:32:20', '2026-03-12 18:32:20'),
(174, 2, '2026-08-15', 10, '2026-03-12 18:32:20', '2026-03-12 18:32:20'),
(175, 2, '2026-08-16', 10, '2026-03-12 18:32:20', '2026-03-12 18:32:20'),
(176, 2, '2026-08-17', 10, '2026-03-12 18:32:20', '2026-03-12 18:32:20'),
(177, 2, '2026-08-18', 10, '2026-03-12 18:32:20', '2026-03-12 18:32:20'),
(178, 2, '2026-08-19', 10, '2026-03-12 18:32:20', '2026-03-12 18:32:20'),
(179, 2, '2026-08-20', 10, '2026-03-12 18:32:20', '2026-03-12 18:32:20'),
(180, 2, '2026-08-21', 10, '2026-03-12 18:32:20', '2026-03-12 18:32:20'),
(181, 2, '2026-08-22', 10, '2026-03-12 18:32:20', '2026-03-12 18:32:20'),
(182, 2, '2026-08-23', 10, '2026-03-12 18:32:20', '2026-03-12 18:32:20'),
(183, 2, '2026-08-24', 10, '2026-03-12 18:32:20', '2026-03-12 18:32:20'),
(184, 2, '2026-08-25', 10, '2026-03-12 18:32:20', '2026-03-12 18:32:20'),
(185, 2, '2026-08-26', 10, '2026-03-12 18:32:20', '2026-03-12 18:32:20'),
(186, 2, '2026-08-27', 10, '2026-03-12 18:32:20', '2026-03-12 18:32:20'),
(187, 2, '2026-08-28', 10, '2026-03-12 18:32:20', '2026-03-12 18:32:20'),
(188, 2, '2026-08-29', 10, '2026-03-12 18:32:20', '2026-03-12 18:32:20'),
(189, 2, '2026-08-30', 10, '2026-03-12 18:32:20', '2026-03-12 18:32:20'),
(190, 2, '2026-08-31', 10, '2026-03-12 18:32:20', '2026-03-12 18:32:20'),
(191, 2, '2026-09-01', 10, '2026-03-12 18:32:20', '2026-03-12 18:32:20'),
(192, 2, '2026-09-02', 10, '2026-03-12 18:32:20', '2026-03-12 18:32:20'),
(193, 2, '2026-09-03', 10, '2026-03-12 18:32:20', '2026-03-12 18:32:20'),
(194, 2, '2026-09-04', 10, '2026-03-12 18:32:20', '2026-03-12 18:32:20'),
(195, 2, '2026-09-05', 10, '2026-03-12 18:32:20', '2026-03-12 18:32:20'),
(196, 2, '2026-09-06', 10, '2026-03-12 18:32:20', '2026-03-12 18:32:20'),
(197, 2, '2026-09-07', 10, '2026-03-12 18:32:20', '2026-03-12 18:32:20'),
(198, 2, '2026-09-08', 10, '2026-03-12 18:32:20', '2026-03-12 18:32:20'),
(199, 2, '2026-09-09', 10, '2026-03-12 18:32:20', '2026-03-12 18:32:20'),
(200, 2, '2026-09-10', 10, '2026-03-12 18:32:20', '2026-03-12 18:32:20'),
(201, 2, '2026-09-11', 10, '2026-03-12 18:32:20', '2026-03-12 18:32:20'),
(202, 2, '2026-09-12', 10, '2026-03-12 18:32:20', '2026-03-12 18:32:20'),
(203, 2, '2026-09-13', 10, '2026-03-12 18:32:20', '2026-03-12 18:32:20'),
(204, 2, '2026-09-14', 10, '2026-03-12 18:32:20', '2026-03-12 18:32:20'),
(205, 2, '2026-09-15', 10, '2026-03-12 18:32:20', '2026-03-12 18:32:20'),
(206, 2, '2026-09-16', 10, '2026-03-12 18:32:20', '2026-03-12 18:32:20'),
(207, 2, '2026-09-17', 10, '2026-03-12 18:32:20', '2026-03-12 18:32:20'),
(208, 2, '2026-09-18', 10, '2026-03-12 18:32:20', '2026-03-12 18:32:20'),
(209, 2, '2026-09-19', 10, '2026-03-12 18:32:20', '2026-03-12 18:32:20'),
(210, 2, '2026-09-20', 10, '2026-03-12 18:32:20', '2026-03-12 18:32:20'),
(211, 2, '2026-09-21', 10, '2026-03-12 18:32:20', '2026-03-12 18:32:20'),
(212, 2, '2026-09-22', 10, '2026-03-12 18:32:20', '2026-03-12 18:32:20'),
(213, 2, '2026-09-23', 10, '2026-03-12 18:32:20', '2026-03-12 18:32:20'),
(214, 2, '2026-09-24', 10, '2026-03-12 18:32:20', '2026-03-12 18:32:20'),
(215, 2, '2026-09-25', 10, '2026-03-12 18:32:20', '2026-03-12 18:32:20'),
(216, 2, '2026-09-26', 10, '2026-03-12 18:32:20', '2026-03-12 18:32:20'),
(217, 2, '2026-09-27', 10, '2026-03-12 18:32:20', '2026-03-12 18:32:20'),
(218, 2, '2026-09-28', 10, '2026-03-12 18:32:20', '2026-03-12 18:32:20'),
(219, 2, '2026-09-29', 10, '2026-03-12 18:32:20', '2026-03-12 18:32:20'),
(220, 2, '2026-09-30', 10, '2026-03-12 18:32:20', '2026-03-12 18:32:20'),
(221, 2, '2026-10-01', 10, '2026-03-12 18:32:20', '2026-03-12 18:32:20'),
(222, 2, '2026-10-02', 10, '2026-03-12 18:32:20', '2026-03-12 18:32:20'),
(223, 2, '2026-10-03', 10, '2026-03-12 18:32:20', '2026-03-12 18:32:20'),
(224, 2, '2026-10-04', 10, '2026-03-12 18:32:20', '2026-03-12 18:32:20'),
(225, 2, '2026-10-05', 10, '2026-03-12 18:32:20', '2026-03-12 18:32:20'),
(226, 2, '2026-10-06', 10, '2026-03-12 18:32:20', '2026-03-12 18:32:20'),
(227, 2, '2026-10-07', 10, '2026-03-12 18:32:20', '2026-03-12 18:32:20'),
(228, 2, '2026-10-08', 10, '2026-03-12 18:32:20', '2026-03-12 18:32:20'),
(229, 2, '2026-10-09', 10, '2026-03-12 18:32:20', '2026-03-12 18:32:20'),
(230, 2, '2026-10-10', 10, '2026-03-12 18:32:20', '2026-03-12 18:32:20'),
(231, 2, '2026-10-11', 10, '2026-03-12 18:32:20', '2026-03-12 18:32:20'),
(232, 2, '2026-10-12', 10, '2026-03-12 18:32:20', '2026-03-12 18:32:20'),
(233, 2, '2026-10-13', 10, '2026-03-12 18:32:20', '2026-03-12 18:32:20'),
(234, 2, '2026-10-14', 10, '2026-03-12 18:32:20', '2026-03-12 18:32:20'),
(235, 2, '2026-10-15', 10, '2026-03-12 18:32:20', '2026-03-12 18:32:20'),
(236, 2, '2026-10-16', 10, '2026-03-12 18:32:20', '2026-03-12 18:32:20'),
(237, 2, '2026-10-17', 10, '2026-03-12 18:32:20', '2026-03-12 18:32:20'),
(238, 2, '2026-10-18', 10, '2026-03-12 18:32:20', '2026-03-12 18:32:20'),
(239, 2, '2026-10-19', 10, '2026-03-12 18:32:20', '2026-03-12 18:32:20'),
(240, 2, '2026-10-20', 10, '2026-03-12 18:32:20', '2026-03-12 18:32:20'),
(241, 2, '2026-10-21', 10, '2026-03-12 18:32:20', '2026-03-12 18:32:20'),
(242, 2, '2026-10-22', 10, '2026-03-12 18:32:20', '2026-03-12 18:32:20'),
(243, 2, '2026-10-23', 10, '2026-03-12 18:32:20', '2026-03-12 18:32:20'),
(244, 2, '2026-10-24', 10, '2026-03-12 18:32:20', '2026-03-12 18:32:20'),
(245, 2, '2026-10-25', 10, '2026-03-12 18:32:20', '2026-03-12 18:32:20'),
(246, 2, '2026-10-26', 10, '2026-03-12 18:32:20', '2026-03-12 18:32:20'),
(247, 2, '2026-10-27', 10, '2026-03-12 18:32:20', '2026-03-12 18:32:20'),
(248, 2, '2026-10-28', 10, '2026-03-12 18:32:20', '2026-03-12 18:32:20'),
(249, 2, '2026-10-29', 10, '2026-03-12 18:32:20', '2026-03-12 18:32:20'),
(250, 2, '2026-10-30', 10, '2026-03-12 18:32:20', '2026-03-12 18:32:20'),
(251, 2, '2026-10-31', 10, '2026-03-12 18:32:20', '2026-03-12 18:32:20'),
(252, 2, '2026-11-01', 10, '2026-03-12 18:32:20', '2026-03-12 18:32:20'),
(253, 2, '2026-11-02', 10, '2026-03-12 18:32:20', '2026-03-12 18:32:20'),
(254, 2, '2026-11-03', 10, '2026-03-12 18:32:20', '2026-03-12 18:32:20'),
(255, 2, '2026-11-04', 10, '2026-03-12 18:32:20', '2026-03-12 18:32:20'),
(256, 2, '2026-11-05', 10, '2026-03-12 18:32:20', '2026-03-12 18:32:20'),
(257, 2, '2026-11-06', 10, '2026-03-12 18:32:20', '2026-03-12 18:32:20'),
(258, 2, '2026-11-07', 10, '2026-03-12 18:32:20', '2026-03-12 18:32:20'),
(259, 2, '2026-11-08', 10, '2026-03-12 18:32:20', '2026-03-12 18:32:20'),
(260, 2, '2026-11-09', 10, '2026-03-12 18:32:20', '2026-03-12 18:32:20'),
(261, 2, '2026-11-10', 10, '2026-03-12 18:32:20', '2026-03-12 18:32:20'),
(262, 2, '2026-11-11', 10, '2026-03-12 18:32:20', '2026-03-12 18:32:20'),
(263, 2, '2026-11-12', 10, '2026-03-12 18:32:20', '2026-03-12 18:32:20'),
(264, 2, '2026-11-13', 10, '2026-03-12 18:32:20', '2026-03-12 18:32:20'),
(265, 2, '2026-11-14', 10, '2026-03-12 18:32:20', '2026-03-12 18:32:20'),
(266, 2, '2026-11-15', 10, '2026-03-12 18:32:20', '2026-03-12 18:32:20'),
(267, 2, '2026-11-16', 10, '2026-03-12 18:32:20', '2026-03-12 18:32:20'),
(268, 2, '2026-11-17', 10, '2026-03-12 18:32:20', '2026-03-12 18:32:20'),
(269, 2, '2026-11-18', 10, '2026-03-12 18:32:20', '2026-03-12 18:32:20'),
(270, 2, '2026-11-19', 10, '2026-03-12 18:32:20', '2026-03-12 18:32:20'),
(271, 2, '2026-11-20', 10, '2026-03-12 18:32:20', '2026-03-12 18:32:20'),
(272, 2, '2026-11-21', 10, '2026-03-12 18:32:20', '2026-03-12 18:32:20'),
(273, 2, '2026-11-22', 10, '2026-03-12 18:32:20', '2026-03-12 18:32:20'),
(274, 2, '2026-11-23', 10, '2026-03-12 18:32:20', '2026-03-12 18:32:20'),
(275, 2, '2026-11-24', 10, '2026-03-12 18:32:20', '2026-03-12 18:32:20'),
(276, 2, '2026-11-25', 10, '2026-03-12 18:32:20', '2026-03-12 18:32:20'),
(277, 2, '2026-11-26', 10, '2026-03-12 18:32:20', '2026-03-12 18:32:20'),
(278, 2, '2026-11-27', 10, '2026-03-12 18:32:20', '2026-03-12 18:32:20'),
(279, 2, '2026-11-28', 10, '2026-03-12 18:32:20', '2026-03-12 18:32:20'),
(280, 2, '2026-11-29', 10, '2026-03-12 18:32:20', '2026-03-12 18:32:20'),
(281, 2, '2026-11-30', 10, '2026-03-12 18:32:20', '2026-03-12 18:32:20'),
(282, 2, '2026-12-01', 10, '2026-03-12 18:32:20', '2026-03-12 18:32:20'),
(283, 2, '2026-12-02', 10, '2026-03-12 18:32:20', '2026-03-12 18:32:20'),
(284, 2, '2026-12-03', 10, '2026-03-12 18:32:20', '2026-03-12 18:32:20'),
(285, 2, '2026-12-04', 10, '2026-03-12 18:32:20', '2026-03-12 18:32:20'),
(286, 2, '2026-12-05', 10, '2026-03-12 18:32:20', '2026-03-12 18:32:20'),
(287, 2, '2026-12-06', 10, '2026-03-12 18:32:20', '2026-03-12 18:32:20'),
(288, 2, '2026-12-07', 10, '2026-03-12 18:32:20', '2026-03-12 18:32:20'),
(289, 2, '2026-12-08', 10, '2026-03-12 18:32:20', '2026-03-12 18:32:20'),
(290, 2, '2026-12-09', 10, '2026-03-12 18:32:20', '2026-03-12 18:32:20'),
(291, 2, '2026-12-10', 10, '2026-03-12 18:32:20', '2026-03-12 18:32:20'),
(292, 2, '2026-12-11', 10, '2026-03-12 18:32:20', '2026-03-12 18:32:20'),
(293, 2, '2026-12-12', 10, '2026-03-12 18:32:20', '2026-03-12 18:32:20'),
(294, 2, '2026-12-13', 10, '2026-03-12 18:32:20', '2026-03-12 18:32:20'),
(295, 2, '2026-12-14', 10, '2026-03-12 18:32:20', '2026-03-12 18:32:20'),
(296, 2, '2026-12-15', 10, '2026-03-12 18:32:20', '2026-03-12 18:32:20'),
(297, 2, '2026-12-16', 10, '2026-03-12 18:32:20', '2026-03-12 18:32:20'),
(298, 2, '2026-12-17', 10, '2026-03-12 18:32:20', '2026-03-12 18:32:20'),
(299, 2, '2026-12-18', 10, '2026-03-12 18:32:20', '2026-03-12 18:32:20'),
(300, 2, '2026-12-19', 10, '2026-03-12 18:32:20', '2026-03-12 18:32:20'),
(301, 2, '2026-12-20', 10, '2026-03-12 18:32:20', '2026-03-12 18:32:20'),
(302, 2, '2026-12-21', 10, '2026-03-12 18:32:20', '2026-03-12 18:32:20'),
(303, 2, '2026-12-22', 10, '2026-03-12 18:32:20', '2026-03-12 18:32:20'),
(304, 2, '2026-12-23', 10, '2026-03-12 18:32:20', '2026-03-12 18:32:20'),
(305, 2, '2026-12-24', 10, '2026-03-12 18:32:20', '2026-03-12 18:32:20'),
(306, 2, '2026-12-25', 10, '2026-03-12 18:32:20', '2026-03-12 18:32:20'),
(307, 2, '2026-12-26', 10, '2026-03-12 18:32:20', '2026-03-12 18:32:20'),
(308, 2, '2026-12-27', 10, '2026-03-12 18:32:20', '2026-03-12 18:32:20'),
(309, 2, '2026-12-28', 10, '2026-03-12 18:32:20', '2026-03-12 18:32:20'),
(310, 2, '2026-12-29', 10, '2026-03-12 18:32:20', '2026-03-12 18:32:20'),
(311, 2, '2026-12-30', 10, '2026-03-12 18:32:20', '2026-03-12 18:32:20'),
(312, 2, '2026-12-31', 10, '2026-03-12 18:32:20', '2026-03-12 18:32:20');
INSERT INTO `table_reservations` (`id`, `reservation_number`, `restaurant_id`, `reservation_date`, `reservation_time`, `party_size`, `guest_name`, `guest_email`, `guest_phone`, `special_occasion`, `notes`, `deposit_amount`, `deposit_paid`, `status`, `is_walkin`, `created_at`, `updated_at`) VALUES
(1, NULL, 2, '2026-02-13', '19:00:00', 3, 'carter tech', 'mr.carter.tech07@gmail.com', '91347593', 'ANNIVERSARY', 'Vvghh', 0.00, 0, 'confirmed', 0, '2026-02-12 02:03:26', '2026-02-12 04:53:03'),
(2, NULL, 2, '2026-02-13', '18:30:00', 3, 'Abdulrahman Shittu', 'mr.carter.tech07@gmail.com', '08032336586', 'BIRTHDAY', 'sfsfs', 0.00, 0, 'pending', 0, '2026-02-12 04:20:31', '2026-02-12 04:20:31'),
(3, NULL, 2, '2026-02-13', '19:00:00', 2, 'Abdulrahman Shittu', 'mr.carter.tech07@gmail.com', '08032336586', 'ANNIVERSARY', 'xg', 599.00, 1, 'pending', 0, '2026-02-12 04:53:31', '2026-02-12 04:53:48'),
(4, NULL, 2, '2026-02-13', '18:00:00', 2, 'Abdulrahman Shittu', 'mr.carter.tech07@gmail.com', '08032336586', 'ANNIVERSARY', 'sfs', 100.00, 1, 'pending', 0, '2026-02-12 15:44:37', '2026-02-12 15:46:13'),
(5, NULL, 2, '2026-02-13', '21:30:00', 2, 'BOULEVARD INTEGRATED SERVICES LIMITED', 'mr.carter.tech07@gmail.com', '08032336586', NULL, 'zs', 150.00, 1, 'pending', 0, '2026-02-12 15:48:50', '2026-02-12 15:49:40'),
(6, NULL, 2, '2026-02-19', '18:30:00', 1, 'dada', 'ad@fj.com', '2224244255', 'ANNIVERSARY', 'sfsf', 150.00, 1, 'confirmed', 0, '2026-02-12 22:08:54', '2026-02-12 22:09:53'),
(7, '4GLULEF9', 2, '2026-02-13', '18:30:00', 1, 'Abdulrahman Shittu', 'mr.carter.tech07@gmail.com', '08032336586', NULL, 'z', 150.00, 1, 'confirmed', 0, '2026-02-12 23:32:46', '2026-02-12 23:32:54'),
(8, 'NU5R6NXR', 3, '2026-02-18', '17:30:00', 2, 'carter tech', 'billyfredrickgibbons@gmail.com', '913475935555', 'BIRTHDAY', 'Xx', 0.00, 0, 'pending', 0, '2026-02-13 11:25:27', '2026-02-13 11:25:27'),
(9, 'V6R0W5A2', 3, '2026-02-21', '19:00:00', 3, 'carter tech', 'mr.carter.tech07@gmail.com', '913475938888', NULL, NULL, 0.00, 0, 'pending', 0, '2026-02-13 11:26:55', '2026-02-13 11:26:55'),
(10, 'FE29QJVJ', 3, '2026-02-20', '19:00:00', 1, 'Abdulrahman Shittu', 'mr.carter.tech07@gmail.com', '08032336586', NULL, NULL, 0.00, 0, 'pending', 0, '2026-02-13 11:27:21', '2026-02-13 11:27:21'),
(11, '2HIMIZ0Z', 3, '2026-02-19', '19:00:00', 2, 'Carter', 'mr.carter.tech07@gmail.com', '8855566556625', NULL, NULL, 25000.00, 1, 'confirmed', 0, '2026-02-13 11:35:23', '2026-02-13 11:35:35'),
(12, '63GJP5G6', 3, '2026-02-18', '18:00:00', 2, 'Abdulrahman Shittu', 'mr.carter.tech07@gmail.com', '08032336586', NULL, 'ddd', 25000.00, 0, 'pending', 0, '2026-02-17 14:42:38', '2026-02-17 14:42:38'),
(13, '1FC2W3SY', 2, '2026-03-20', '17:30:00', 5, 'Abdulrahman Shittu', 'sigsol2024@gmail.com', '08032336586', 'BUSINESS', 'fssfssfs', 150.00, 0, 'pending', 0, '2026-02-23 11:10:42', '2026-02-23 11:10:42'),
(14, 'QYLCXOT6', 2, '2026-03-09', '19:30:00', 2, 'carter tech', 'mr.carter.tech07@gmail.com', '0946434664', 'BIRTHDAY', NULL, 150.00, 0, 'pending', 0, '2026-03-09 16:38:16', '2026-03-09 16:38:16'),
(18, 'CS4JZZO9', 2, '2026-03-13', '18:30:00', 2, 'Abdulrahman Shittu', 'mr.carter.tech07@gmail.com', '08032336586', NULL, NULL, 25000.00, 0, 'pending', 0, '2026-03-12 19:47:50', '2026-03-12 19:47:50'),
(20, 'BC43GX2E', 13, '2026-04-16', '18:00:00', 4, 'Peculiar', 'pecu15@yahoo.com', '08697029779', 'DATE_NIGHT', NULL, 5000.00, 0, 'pending', 0, '2026-04-15 04:42:36', '2026-04-15 04:42:36'),
(21, 'QMC9VC7M', 13, '2026-04-18', '18:00:00', 2, 'Ayo', 'aayinde@domeoresources.org', '08072785537', NULL, NULL, 5000.00, 0, 'pending', 0, '2026-04-17 08:03:04', '2026-04-17 08:03:04'),
(22, 'BQFTAX7H', 13, '2026-06-30', '20:00:00', 2, 'Aishatu mesh', 'aishatumesh@gmail.com', '07032536086', NULL, 'Bauchi Bauchi sister', 5000.00, 0, 'pending', 0, '2026-05-05 02:58:01', '2026-05-05 02:58:01');
INSERT INTO `templates` (`id`, `name`, `slug`, `description`, `preview_image`, `listing_image`, `is_active`, `is_private`, `created_at`, `updated_at`) VALUES
(1, 'Double Kitchen', 'template1', 'Elegant and sophisticated fine dining style with clean typography and alternating layout. Perfect for bistros, full-service restaurants, and venues that want a classic yet modern menu presentation.', '69a9cd81e4873.jpg', '69ab40d07e069.png', 1, 0, '2025-12-19 18:43:07', '2026-05-18 14:02:31'),
(2, 'Natures Table', 'template2', 'Modern restaurant template with hero sections and featured items. Ideal for casual dining, cafes, and bars. Tailwind-based design with a fresh, approachable look.', '69a9cd5c97088.jpg', NULL, 1, 0, '2025-12-19 18:43:07', '2026-05-18 14:01:41'),
(3, 'Dark Navy Gradient', 'template3', 'Dark navy gradient background with bold typography and white cards. Great for lounges, cocktail bars, and upscale venues that want a striking, premium feel.', '69a9ce38d1547.jpg', NULL, 1, 0, '2025-12-19 18:43:07', '2026-03-08 18:19:35'),
(4, 'The Gourmet Grill', 'template4', 'Premium dark-themed design with warm accents and rustic charm. Ideal for steakhouses, grills, and traditional pubs. Features reservation integration and a distinctive atmosphere.', '69a9ce4b7a8f5.jpg', NULL, 1, 0, '2026-02-09 12:24:42', '2026-03-13 09:42:21'),
(5, 'The Prime Cut', 'template5', 'Premium steakhouse menu design with burgundy and gold.', NULL, NULL, 1, 0, '2026-03-08 18:19:35', '2026-05-18 15:09:00'),
(6, 'The Garden Bistro', 'template6', 'Garden bistro style menu template.', NULL, NULL, 1, 0, '2026-03-08 18:19:35', '2026-05-18 15:09:00'),
(7, 'The Art Fusion', 'template7', 'Art fusion restaurant menu design.', NULL, NULL, 1, 0, '2026-03-08 18:19:35', '2026-05-18 15:09:00'),
(8, 'Sweet Delight', 'template8', 'Playful dessert parlour style menu.', NULL, NULL, 1, 0, '2026-03-08 18:19:35', '2026-05-18 15:09:00'),
(9, 'Street Food Hub', 'template9', 'Street food hub menu template.', NULL, NULL, 1, 0, '2026-03-08 18:19:35', '2026-05-18 15:09:00'),
(10, 'Salt N Socials', 'template10', 'Salt N Socials white variant.', NULL, NULL, 1, 1, '2026-03-08 18:19:35', '2026-05-18 15:40:52'),
(11, 'White Party', 'template11', 'Salt N Socials colored variant.', NULL, NULL, 1, 0, '2026-03-08 18:19:35', '2026-05-18 15:41:28'),
(12, 'Mediterranean Fresh', 'template12', 'Mediterranean fresh menu design.', NULL, NULL, 1, 0, '2026-03-08 18:19:35', '2026-05-18 15:09:00'),
(13, 'Forged In Spirit', 'template13', 'Forged In Spirit design.', NULL, NULL, 1, 0, '2026-03-08 18:19:35', '2026-05-18 15:09:00'),
(14, 'Eart Kitchen', 'template14', 'Eart Kitchen menu template.', NULL, NULL, 1, 0, '2026-03-08 18:19:35', '2026-05-18 15:09:00'),
(15, 'Bold Flavours', 'template15', 'Bold flavours menu design.', NULL, NULL, 1, 0, '2026-03-08 18:19:35', '2026-05-18 15:09:00'),
(16, 'Neo Mex Cantina', 'template16', 'Neo Mex Cantina style menu.', NULL, NULL, 1, 0, '2026-03-08 18:19:35', '2026-05-18 15:40:16'),
(17, 'Night Enthusiast', 'template17', 'Nostalgia front page design.', NULL, NULL, 1, 0, '2026-03-08 18:19:35', '2026-05-18 15:29:40'),
(18, 'Nostalgia Food Menu', 'template18', 'Nostalgia food menu design.', NULL, NULL, 1, 1, '2026-03-08 18:19:35', '2026-05-18 15:30:04');
INSERT INTO `template_customizations` (`id`, `template_id`, `menu_title_color`, `menu_title_size`, `menu_title_font`, `price_color`, `price_size`, `price_font`, `description_color`, `description_size`, `description_font`, `category_title_color`, `category_title_size`, `category_title_font`, `background_color`, `header_background_color`, `primary_color`, `secondary_color`, `created_at`, `updated_at`) VALUES
(1, 4, '#121212', 24, 'Epilogue', '#f20d0d', 18, 'Epilogue', '#666666', 14, 'Epilogue', '#121212', 20, 'Epilogue', '#f8f5f5', '#121212', '#f20d0d', '#FFFFFF', '2026-02-09 12:24:42', '2026-03-13 09:42:21'),
(20, 1, '#1A1A1A', 24, 'Inter', '#1A1A1A', 18, 'Inter', '#666666', 14, 'Inter', '#1A1A1A', 20, 'Inter', '#FFFFFF', '#FFFFFF', '#1A1A1A', '#FAF3E6', '2026-02-13 09:22:33', '2026-03-13 09:42:21'),
(21, 2, '#1A1A1A', 24, 'Inter', '#ea2a33', 18, 'Inter', '#666666', 14, 'Inter', '#1A1A1A', 20, 'Inter', '#f8f6f6', '#f8f6f6', '#ea2a33', '#FFFFFF', '2026-02-13 09:22:33', '2026-03-13 09:42:21'),
(22, 3, '#1A1A1A', 24, 'Inter', '#ea2a33', 18, 'Inter', '#666666', 14, 'Inter', '#1A1A1A', 20, 'Inter', '#f8f6f6', '#f8f6f6', '#ea2a33', '#FFFFFF', '2026-02-13 09:22:33', '2026-03-13 09:42:21');
INSERT INTO `template_plans` (`template_id`, `plan_id`) VALUES
(1, 1),
(1, 2),
(1, 3),
(3, 1),
(3, 2),
(3, 3),
(4, 1),
(4, 2),
(4, 3),
(5, 1),
(5, 2),
(5, 3),
(6, 1),
(6, 2),
(6, 3),
(7, 1),
(7, 2),
(7, 3),
(8, 1),
(8, 2),
(8, 3),
(9, 1),
(9, 2),
(9, 3),
(10, 1),
(10, 2),
(10, 3),
(11, 1),
(11, 2),
(11, 3),
(12, 1),
(12, 2),
(12, 3),
(13, 1),
(13, 2),
(13, 3),
(14, 1),
(14, 2),
(14, 3),
(15, 1),
(15, 2),
(15, 3),
(16, 2),
(16, 3),
(17, 1),
(17, 2),
(17, 3),
(18, 1),
(18, 2),
(18, 3);
INSERT INTO `template_restaurants` (`template_id`, `restaurant_id`) VALUES
(10, 26),
(17, 4),
(18, 4);

SET FOREIGN_KEY_CHECKS=1;